step,output_true_class_prob,hidden_0_n0,hidden_0_n1,hidden_0_n2,hidden_0_n3,hidden_0_n4,hidden_0_n5,hidden_0_n6,hidden_0_n7,hidden_0_n8,hidden_0_n9,hidden_0_n10,hidden_0_n11,hidden_0_n12,hidden_0_n13,hidden_0_n14,hidden_0_n15,hidden_1_n0,hidden_1_n1,hidden_1_n2,hidden_1_n3,hidden_1_n4,hidden_1_n5,hidden_1_n6,hidden_1_n7
0,0.9807706475257874,0.9034966826438904,-0.29815441370010376,1.4140515327453613,0.08161881566047668,-0.0036164522171020508,0.2666063606739044,0.6774957776069641,0.5457895994186401,0.5408520102500916,-0.5753892660140991,0.16386649012565613,-0.07744984328746796,-0.5236794948577881,-0.14334821701049805,0.9251649379730225,0.9033254384994507,-0.44341331720352173,2.4985592365264893,0.7670756578445435,2.9231927394866943,1.30629563331604,-0.33133748173713684,-0.3401738405227661,1.1810150146484375
1,0.9793804287910461,0.6284894347190857,0.07136908173561096,0.7164361476898193,-0.2586600184440613,-0.28726518154144287,-0.24820172786712646,1.0153130292892456,0.46828973293304443,0.30208414793014526,-0.02263641357421875,-0.47917795181274414,-0.394779771566391,-0.05867171287536621,0.27247899770736694,0.6251050233840942,0.6208739280700684,0.6453119516372681,1.907723069190979,0.33617645502090454,2.3081836700439453,0.9376732110977173,-0.40310269594192505,0.6894190907478333,1.7566320896148682
2,0.8543962240219116,0.3176928162574768,0.04707414656877518,0.9235236048698425,-0.3860243260860443,-0.3906190097332001,-0.027916669845581055,1.192628026008606,0.7447102069854736,0.15432146191596985,-0.2648985981941223,-0.34763801097869873,-0.3381991386413574,0.08492803573608398,-0.021273598074913025,0.7282068729400635,0.7874686121940613,0.13903415203094482,1.8858660459518433,1.0056617259979248,2.0346336364746094,0.36910107731819153,-0.2536623179912567,0.2198895514011383,1.7432632446289062
3,0.9665077924728394,0.8091987371444702,0.1239263117313385,0.5916268229484558,-0.20275424420833588,-0.21003970503807068,-0.29318949580192566,0.9057616591453552,0.24254260957241058,0.4103728234767914,0.0904054045677185,-0.5048254132270813,-0.43189239501953125,-0.13728971779346466,0.4513247609138489,0.5292253494262695,0.5145662426948547,0.7921022176742554,1.8837839365005493,0.13474461436271667,2.34047794342041,1.1571956872940063,-0.436576783657074,0.8094099760055542,1.679719090461731
4,0.9913836121559143,-0.11469689011573792,0.9001442790031433,-0.5737993121147156,-1.0218355655670166,-0.8751300573348999,-0.8630247116088867,1.7458120584487915,0.23684343695640564,-0.2039623260498047,0.8927699327468872,-1.4913610219955444,-0.9975877404212952,0.8570804595947266,1.0568761825561523,0.006212271749973297,0.11995900422334671,2.345743417739868,0.6970689296722412,0.20486432313919067,0.722599983215332,-0.31744155287742615,-0.40462327003479004,2.274132251739502,2.6913952827453613
5,0.9129233956336975,1.2917935848236084,-0.5456274747848511,1.8525582551956177,0.38942259550094604,0.29261210560798645,0.6023082137107849,0.3211022913455963,0.42735958099365234,0.8283603191375732,-0.9151531457901001,0.6225728988647461,0.13605055212974548,-0.9245902299880981,-0.34474653005599976,1.0710138082504272,1.0323681831359863,-1.166549801826477,2.9632678031921387,0.795826256275177,3.542945384979248,1.8619751930236816,-0.2754002809524536,-1.0183353424072266,0.6840831637382507
6,0.960846483707428,0.8619946241378784,0.018809176981449127,0.9184455871582031,-0.07845775038003922,-0.08650532364845276,0.13510990142822266,0.7616573572158813,0.18479087948799133,0.517158031463623,-0.21296848356723785,-0.08733421564102173,-0.28483620285987854,-0.38189512491226196,0.3047076463699341,0.6356115937232971,0.6461542844772339,0.25463515520095825,2.1551527976989746,0.23915186524391174,2.6885759830474854,1.4103724956512451,-0.3724992871284485,0.2947418689727783,1.2843892574310303
7,0.8658638000488281,1.1054959297180176,-0.2633703052997589,1.3906333446502686,0.1651480495929718,0.12188628315925598,0.381448358297348,0.5221875309944153,0.2816411554813385,0.6940399408340454,-0.5722477436065674,0.282547265291214,-0.07124697417020798,-0.663794755935669,-0.020181849598884583,0.8451765179634094,0.8348714113235474,-0.43383604288101196,2.5761451721191406,0.4972524344921112,3.11043643951416,1.6358637809753418,-0.34391844272613525,-0.3263770341873169,0.9330159425735474
8,0.8960110545158386,0.20735511183738708,0.6229273080825806,-0.24563124775886536,-0.7663074135780334,-0.6821067333221436,-0.8709044456481934,1.5030304193496704,0.3292301297187805,-0.029700689017772675,0.7034227252006531,-1.3211287260055542,-0.838201642036438,0.6121379137039185,0.8349220752716064,0.1826401948928833,0.2333560436964035,1.9540719985961914,0.9371260404586792,0.16424903273582458,1.0662622451782227,0.03472930192947388,-0.4422224462032318,1.9121439456939697,2.444105863571167
9,0.9497289061546326,0.1451614499092102,0.6384520530700684,-0.09725478291511536,-0.7729799747467041,-0.644785463809967,-0.5437594652175903,1.4827008247375488,0.268657922744751,-0.00010401010513305664,0.5135300755500793,-1.0660566091537476,-0.7804738283157349,0.5466270446777344,0.7542062997817993,0.195163756608963,0.30084264278411865,1.5833964347839355,1.0415587425231934,0.23214933276176453,1.1550229787826538,0.005198188126087189,-0.4320073127746582,1.5989688634872437,2.104926586151123
10,0.9859104156494141,0.20618321001529694,0.8876787424087524,-0.647599458694458,-0.8551622033119202,-0.7252068519592285,-0.902820348739624,1.5197737216949463,-0.05710946023464203,-0.017210111021995544,1.0044786930084229,-1.4535878896713257,-0.9963550567626953,0.630113422870636,1.279497504234314,-0.05747184157371521,0.00931376963853836,2.344447374343872,0.6835149526596069,-0.03091169148683548,0.7524553537368774,-0.06334927678108215,-0.4758968949317932,2.2759525775909424,2.420936346054077
11,0.9485552906990051,0.80348801612854,0.1320836842060089,0.7416087985038757,-0.15673291683197021,-0.1415967494249344,0.07341751456260681,0.8245501518249512,0.10055123269557953,0.4784846901893616,-0.0842994898557663,-0.1976684033870697,-0.36243578791618347,-0.30055373907089233,0.4442397356033325,0.5425228476524353,0.5654891133308411,0.5544097423553467,2.056971788406372,0.004357852041721344,2.6885743141174316,1.5087116956710815,-0.3463352918624878,0.5739114284515381,1.4105279445648193
12,0.9728931784629822,0.8160018920898438,0.03334103524684906,0.730504035949707,-0.15112848579883575,-0.1901487112045288,-0.24926821887493134,0.8788621425628662,0.33831384778022766,0.4137946665287018,-0.00583377480506897,-0.426738440990448,-0.3718033730983734,-0.195214182138443,0.34192800521850586,0.6159085631370544,0.586594820022583,0.6343402862548828,1.9757059812545776,0.29649171233177185,2.4817709922790527,1.2294448614120483,-0.33430933952331543,0.6041514277458191,1.6807020902633667
13,0.9804878830909729,0.39973965287208557,-0.036399200558662415,1.0121681690216064,-0.3113787770271301,-0.3454606533050537,-0.04591056704521179,1.1289715766906738,0.7831946611404419,0.19316385686397552,-0.30678924918174744,-0.31077438592910767,-0.29390037059783936,0.01112702488899231,-0.07562271505594254,0.7863733768463135,0.8202952146530151,0.12197068333625793,2.0236120223999023,0.8170300722122192,2.3038530349731445,0.6473507881164551,-0.3024185299873352,0.2083180844783783,1.6784659624099731
14,0.917164146900177,0.5197229981422424,-0.2674728333950043,1.4714821577072144,-0.10705414414405823,-0.18774612247943878,0.3249971270561218,0.9364359974861145,0.8506659269332886,0.3179679811000824,-0.6748520135879517,0.12522703409194946,-0.08657140284776688,-0.291012704372406,-0.34152695536613464,0.9922143220901489,1.0163586139678955,-0.4084330201148987,2.4844212532043457,0.8689934611320496,2.9021687507629395,1.0647655725479126,-0.3405115604400635,-0.3021341562271118,1.4020946025848389
15,0.9807706475257874,0.9034966826438904,-0.29815441370010376,1.4140515327453613,0.08161881566047668,-0.0036164522171020508,0.2666063606739044,0.6774957776069641,0.5457895994186401,0.5408520102500916,-0.5753892660140991,0.16386649012565613,-0.07744984328746796,-0.5236794948577881,-0.14334821701049805,0.9251649379730225,0.9033254384994507,-0.44341331720352173,2.4985592365264893,0.7670756578445435,2.9231927394866943,1.30629563331604,-0.33133748173713684,-0.3401738405227661,1.1810150146484375
16,0.9793804287910461,0.6284894347190857,0.07136908173561096,0.7164361476898193,-0.2586600184440613,-0.28726518154144287,-0.24820172786712646,1.0153130292892456,0.46828973293304443,0.30208414793014526,-0.02263641357421875,-0.47917795181274414,-0.394779771566391,-0.05867171287536621,0.27247899770736694,0.6251050233840942,0.6208739280700684,0.6453119516372681,1.907723069190979,0.33617645502090454,2.3081836700439453,0.9376732110977173,-0.40310269594192505,0.6894190907478333,1.7566320896148682
17,0.8543962240219116,0.3176928162574768,0.04707414656877518,0.9235236048698425,-0.3860243260860443,-0.3906190097332001,-0.027916669845581055,1.192628026008606,0.7447102069854736,0.15432146191596985,-0.2648985981941223,-0.34763801097869873,-0.3381991386413574,0.08492803573608398,-0.021273598074913025,0.7282068729400635,0.7874686121940613,0.13903415203094482,1.8858660459518433,1.0056617259979248,2.0346336364746094,0.36910107731819153,-0.2536623179912567,0.2198895514011383,1.7432632446289062
18,0.9665077924728394,0.8091987371444702,0.1239263117313385,0.5916268229484558,-0.20275424420833588,-0.21003970503807068,-0.29318949580192566,0.9057616591453552,0.24254260957241058,0.4103728234767914,0.0904054045677185,-0.5048254132270813,-0.43189239501953125,-0.13728971779346466,0.4513247609138489,0.5292253494262695,0.5145662426948547,0.7921022176742554,1.8837839365005493,0.13474461436271667,2.34047794342041,1.1571956872940063,-0.436576783657074,0.8094099760055542,1.679719090461731
19,0.9913836121559143,-0.11469689011573792,0.9001442790031433,-0.5737993121147156,-1.0218355655670166,-0.8751300573348999,-0.8630247116088867,1.7458120584487915,0.23684343695640564,-0.2039623260498047,0.8927699327468872,-1.4913610219955444,-0.9975877404212952,0.8570804595947266,1.0568761825561523,0.006212271749973297,0.11995900422334671,2.345743417739868,0.6970689296722412,0.20486432313919067,0.722599983215332,-0.31744155287742615,-0.40462327003479004,2.274132251739502,2.6913952827453613
20,0.9129233956336975,1.2917935848236084,-0.5456274747848511,1.8525582551956177,0.38942259550094604,0.29261210560798645,0.6023082137107849,0.3211022913455963,0.42735958099365234,0.8283603191375732,-0.9151531457901001,0.6225728988647461,0.13605055212974548,-0.9245902299880981,-0.34474653005599976,1.0710138082504272,1.0323681831359863,-1.166549801826477,2.9632678031921387,0.795826256275177,3.542945384979248,1.8619751930236816,-0.2754002809524536,-1.0183353424072266,0.6840831637382507
21,0.960846483707428,0.8619946241378784,0.018809176981449127,0.9184455871582031,-0.07845775038003922,-0.08650532364845276,0.13510990142822266,0.7616573572158813,0.18479087948799133,0.517158031463623,-0.21296848356723785,-0.08733421564102173,-0.28483620285987854,-0.38189512491226196,0.3047076463699341,0.6356115937232971,0.6461542844772339,0.25463515520095825,2.1551527976989746,0.23915186524391174,2.6885759830474854,1.4103724956512451,-0.3724992871284485,0.2947418689727783,1.2843892574310303
22,0.8658638000488281,1.1054959297180176,-0.2633703052997589,1.3906333446502686,0.1651480495929718,0.12188628315925598,0.381448358297348,0.5221875309944153,0.2816411554813385,0.6940399408340454,-0.5722477436065674,0.282547265291214,-0.07124697417020798,-0.663794755935669,-0.020181849598884583,0.8451765179634094,0.8348714113235474,-0.43383604288101196,2.5761451721191406,0.4972524344921112,3.11043643951416,1.6358637809753418,-0.34391844272613525,-0.3263770341873169,0.9330159425735474
23,0.8960110545158386,0.20735511183738708,0.6229273080825806,-0.24563124775886536,-0.7663074135780334,-0.6821067333221436,-0.8709044456481934,1.5030304193496704,0.3292301297187805,-0.029700689017772675,0.7034227252006531,-1.3211287260055542,-0.838201642036438,0.6121379137039185,0.8349220752716064,0.1826401948928833,0.2333560436964035,1.9540719985961914,0.9371260404586792,0.16424903273582458,1.0662622451782227,0.03472930192947388,-0.4422224462032318,1.9121439456939697,2.444105863571167
24,0.9497289061546326,0.1451614499092102,0.6384520530700684,-0.09725478291511536,-0.7729799747467041,-0.644785463809967,-0.5437594652175903,1.4827008247375488,0.268657922744751,-0.00010401010513305664,0.5135300755500793,-1.0660566091537476,-0.7804738283157349,0.5466270446777344,0.7542062997817993,0.195163756608963,0.30084264278411865,1.5833964347839355,1.0415587425231934,0.23214933276176453,1.1550229787826538,0.005198188126087189,-0.4320073127746582,1.5989688634872437,2.104926586151123
25,0.9859104156494141,0.20618321001529694,0.8876787424087524,-0.647599458694458,-0.8551622033119202,-0.7252068519592285,-0.902820348739624,1.5197737216949463,-0.05710946023464203,-0.017210111021995544,1.0044786930084229,-1.4535878896713257,-0.9963550567626953,0.630113422870636,1.279497504234314,-0.05747184157371521,0.00931376963853836,2.344447374343872,0.6835149526596069,-0.03091169148683548,0.7524553537368774,-0.06334927678108215,-0.4758968949317932,2.2759525775909424,2.420936346054077
26,0.9485552906990051,0.80348801612854,0.1320836842060089,0.7416087985038757,-0.15673291683197021,-0.1415967494249344,0.07341751456260681,0.8245501518249512,0.10055123269557953,0.4784846901893616,-0.0842994898557663,-0.1976684033870697,-0.36243578791618347,-0.30055373907089233,0.4442397356033325,0.5425228476524353,0.5654891133308411,0.5544097423553467,2.056971788406372,0.004357852041721344,2.6885743141174316,1.5087116956710815,-0.3463352918624878,0.5739114284515381,1.4105279445648193
27,0.9728931784629822,0.8160018920898438,0.03334103524684906,0.730504035949707,-0.15112848579883575,-0.1901487112045288,-0.24926821887493134,0.8788621425628662,0.33831384778022766,0.4137946665287018,-0.00583377480506897,-0.426738440990448,-0.3718033730983734,-0.195214182138443,0.34192800521850586,0.6159085631370544,0.586594820022583,0.6343402862548828,1.9757059812545776,0.29649171233177185,2.4817709922790527,1.2294448614120483,-0.33430933952331543,0.6041514277458191,1.6807020902633667
28,0.9804878830909729,0.39973965287208557,-0.036399200558662415,1.0121681690216064,-0.3113787770271301,-0.3454606533050537,-0.04591056704521179,1.1289715766906738,0.7831946611404419,0.19316385686397552,-0.30678924918174744,-0.31077438592910767,-0.29390037059783936,0.01112702488899231,-0.07562271505594254,0.7863733768463135,0.8202952146530151,0.12197068333625793,2.0236120223999023,0.8170300722122192,2.3038530349731445,0.6473507881164551,-0.3024185299873352,0.2083180844783783,1.6784659624099731
29,0.917164146900177,0.5197229981422424,-0.2674728333950043,1.4714821577072144,-0.10705414414405823,-0.18774612247943878,0.3249971270561218,0.9364359974861145,0.8506659269332886,0.3179679811000824,-0.6748520135879517,0.12522703409194946,-0.08657140284776688,-0.291012704372406,-0.34152695536613464,0.9922143220901489,1.0163586139678955,-0.4084330201148987,2.4844212532043457,0.8689934611320496,2.9021687507629395,1.0647655725479126,-0.3405115604400635,-0.3021341562271118,1.4020946025848389
30,0.9807706475257874,0.9034966826438904,-0.29815441370010376,1.4140515327453613,0.08161881566047668,-0.0036164522171020508,0.2666063606739044,0.6774957776069641,0.5457895994186401,0.5408520102500916,-0.5753892660140991,0.16386649012565613,-0.07744984328746796,-0.5236794948577881,-0.14334821701049805,0.9251649379730225,0.9033254384994507,-0.44341331720352173,2.4985592365264893,0.7670756578445435,2.9231927394866943,1.30629563331604,-0.33133748173713684,-0.3401738405227661,1.1810150146484375
31,0.9793804287910461,0.6284894347190857,0.07136908173561096,0.7164361476898193,-0.2586600184440613,-0.28726518154144287,-0.24820172786712646,1.0153130292892456,0.46828973293304443,0.30208414793014526,-0.02263641357421875,-0.47917795181274414,-0.394779771566391,-0.05867171287536621,0.27247899770736694,0.6251050233840942,0.6208739280700684,0.6453119516372681,1.907723069190979,0.33617645502090454,2.3081836700439453,0.9376732110977173,-0.40310269594192505,0.6894190907478333,1.7566320896148682
32,0.8543962240219116,0.3176928162574768,0.04707414656877518,0.9235236048698425,-0.3860243260860443,-0.3906190097332001,-0.027916669845581055,1.192628026008606,0.7447102069854736,0.15432146191596985,-0.2648985981941223,-0.34763801097869873,-0.3381991386413574,0.08492803573608398,-0.021273598074913025,0.7282068729400635,0.7874686121940613,0.13903415203094482,1.8858660459518433,1.0056617259979248,2.0346336364746094,0.36910107731819153,-0.2536623179912567,0.2198895514011383,1.7432632446289062
33,0.9665077924728394,0.8091987371444702,0.1239263117313385,0.5916268229484558,-0.20275424420833588,-0.21003970503807068,-0.29318949580192566,0.9057616591453552,0.24254260957241058,0.4103728234767914,0.0904054045677185,-0.5048254132270813,-0.43189239501953125,-0.13728971779346466,0.4513247609138489,0.5292253494262695,0.5145662426948547,0.7921022176742554,1.8837839365005493,0.13474461436271667,2.34047794342041,1.1571956872940063,-0.436576783657074,0.8094099760055542,1.679719090461731
34,0.9913836121559143,-0.11469689011573792,0.9001442790031433,-0.5737993121147156,-1.0218355655670166,-0.8751300573348999,-0.8630247116088867,1.7458120584487915,0.23684343695640564,-0.2039623260498047,0.8927699327468872,-1.4913610219955444,-0.9975877404212952,0.8570804595947266,1.0568761825561523,0.006212271749973297,0.11995900422334671,2.345743417739868,0.6970689296722412,0.20486432313919067,0.722599983215332,-0.31744155287742615,-0.40462327003479004,2.274132251739502,2.6913952827453613
35,0.9129233956336975,1.2917935848236084,-0.5456274747848511,1.8525582551956177,0.38942259550094604,0.29261210560798645,0.6023082137107849,0.3211022913455963,0.42735958099365234,0.8283603191375732,-0.9151531457901001,0.6225728988647461,0.13605055212974548,-0.9245902299880981,-0.34474653005599976,1.0710138082504272,1.0323681831359863,-1.166549801826477,2.9632678031921387,0.795826256275177,3.542945384979248,1.8619751930236816,-0.2754002809524536,-1.0183353424072266,0.6840831637382507
36,0.960846483707428,0.8619946241378784,0.018809176981449127,0.9184455871582031,-0.07845775038003922,-0.08650532364845276,0.13510990142822266,0.7616573572158813,0.18479087948799133,0.517158031463623,-0.21296848356723785,-0.08733421564102173,-0.28483620285987854,-0.38189512491226196,0.3047076463699341,0.6356115937232971,0.6461542844772339,0.25463515520095825,2.1551527976989746,0.23915186524391174,2.6885759830474854,1.4103724956512451,-0.3724992871284485,0.2947418689727783,1.2843892574310303
37,0.8658638000488281,1.1054959297180176,-0.2633703052997589,1.3906333446502686,0.1651480495929718,0.12188628315925598,0.381448358297348,0.5221875309944153,0.2816411554813385,0.6940399408340454,-0.5722477436065674,0.282547265291214,-0.07124697417020798,-0.663794755935669,-0.020181849598884583,0.8451765179634094,0.8348714113235474,-0.43383604288101196,2.5761451721191406,0.4972524344921112,3.11043643951416,1.6358637809753418,-0.34391844272613525,-0.3263770341873169,0.9330159425735474
38,0.8960110545158386,0.20735511183738708,0.6229273080825806,-0.24563124775886536,-0.7663074135780334,-0.6821067333221436,-0.8709044456481934,1.5030304193496704,0.3292301297187805,-0.029700689017772675,0.7034227252006531,-1.3211287260055542,-0.838201642036438,0.6121379137039185,0.8349220752716064,0.1826401948928833,0.2333560436964035,1.9540719985961914,0.9371260404586792,0.16424903273582458,1.0662622451782227,0.03472930192947388,-0.4422224462032318,1.9121439456939697,2.444105863571167
39,0.9497289061546326,0.1451614499092102,0.6384520530700684,-0.09725478291511536,-0.7729799747467041,-0.644785463809967,-0.5437594652175903,1.4827008247375488,0.268657922744751,-0.00010401010513305664,0.5135300755500793,-1.0660566091537476,-0.7804738283157349,0.5466270446777344,0.7542062997817993,0.195163756608963,0.30084264278411865,1.5833964347839355,1.0415587425231934,0.23214933276176453,1.1550229787826538,0.005198188126087189,-0.4320073127746582,1.5989688634872437,2.104926586151123
40,0.9859104156494141,0.20618321001529694,0.8876787424087524,-0.647599458694458,-0.8551622033119202,-0.7252068519592285,-0.902820348739624,1.5197737216949463,-0.05710946023464203,-0.017210111021995544,1.0044786930084229,-1.4535878896713257,-0.9963550567626953,0.630113422870636,1.279497504234314,-0.05747184157371521,0.00931376963853836,2.344447374343872,0.6835149526596069,-0.03091169148683548,0.7524553537368774,-0.06334927678108215,-0.4758968949317932,2.2759525775909424,2.420936346054077
41,0.9485552906990051,0.80348801612854,0.1320836842060089,0.7416087985038757,-0.15673291683197021,-0.1415967494249344,0.07341751456260681,0.8245501518249512,0.10055123269557953,0.4784846901893616,-0.0842994898557663,-0.1976684033870697,-0.36243578791618347,-0.30055373907089233,0.4442397356033325,0.5425228476524353,0.5654891133308411,0.5544097423553467,2.056971788406372,0.004357852041721344,2.6885743141174316,1.5087116956710815,-0.3463352918624878,0.5739114284515381,1.4105279445648193
42,0.9728931784629822,0.8160018920898438,0.03334103524684906,0.730504035949707,-0.15112848579883575,-0.1901487112045288,-0.24926821887493134,0.8788621425628662,0.33831384778022766,0.4137946665287018,-0.00583377480506897,-0.426738440990448,-0.3718033730983734,-0.195214182138443,0.34192800521850586,0.6159085631370544,0.586594820022583,0.6343402862548828,1.9757059812545776,0.29649171233177185,2.4817709922790527,1.2294448614120483,-0.33430933952331543,0.6041514277458191,1.6807020902633667
43,0.9804878830909729,0.39973965287208557,-0.036399200558662415,1.0121681690216064,-0.3113787770271301,-0.3454606533050537,-0.04591056704521179,1.1289715766906738,0.7831946611404419,0.19316385686397552,-0.30678924918174744,-0.31077438592910767,-0.29390037059783936,0.01112702488899231,-0.07562271505594254,0.7863733768463135,0.8202952146530151,0.12197068333625793,2.0236120223999023,0.8170300722122192,2.3038530349731445,0.6473507881164551,-0.3024185299873352,0.2083180844783783,1.6784659624099731
44,0.917164146900177,0.5197229981422424,-0.2674728333950043,1.4714821577072144,-0.10705414414405823,-0.18774612247943878,0.3249971270561218,0.9364359974861145,0.8506659269332886,0.3179679811000824,-0.6748520135879517,0.12522703409194946,-0.08657140284776688,-0.291012704372406,-0.34152695536613464,0.9922143220901489,1.0163586139678955,-0.4084330201148987,2.4844212532043457,0.8689934611320496,2.9021687507629395,1.0647655725479126,-0.3405115604400635,-0.3021341562271118,1.4020946025848389
45,0.9807706475257874,0.9034966826438904,-0.29815441370010376,1.4140515327453613,0.08161881566047668,-0.0036164522171020508,0.2666063606739044,0.6774957776069641,0.5457895994186401,0.5408520102500916,-0.5753892660140991,0.16386649012565613,-0.07744984328746796,-0.5236794948577881,-0.14334821701049805,0.9251649379730225,0.9033254384994507,-0.44341331720352173,2.4985592365264893,0.7670756578445435,2.9231927394866943,1.30629563331604,-0.33133748173713684,-0.3401738405227661,1.1810150146484375
46,0.9793804287910461,0.6284894347190857,0.07136908173561096,0.7164361476898193,-0.2586600184440613,-0.28726518154144287,-0.24820172786712646,1.0153130292892456,0.46828973293304443,0.30208414793014526,-0.02263641357421875,-0.47917795181274414,-0.394779771566391,-0.05867171287536621,0.27247899770736694,0.6251050233840942,0.6208739280700684,0.6453119516372681,1.907723069190979,0.33617645502090454,2.3081836700439453,0.9376732110977173,-0.40310269594192505,0.6894190907478333,1.7566320896148682
47,0.8543962240219116,0.3176928162574768,0.04707414656877518,0.9235236048698425,-0.3860243260860443,-0.3906190097332001,-0.027916669845581055,1.192628026008606,0.7447102069854736,0.15432146191596985,-0.2648985981941223,-0.34763801097869873,-0.3381991386413574,0.08492803573608398,-0.021273598074913025,0.7282068729400635,0.7874686121940613,0.13903415203094482,1.8858660459518433,1.0056617259979248,2.0346336364746094,0.36910107731819153,-0.2536623179912567,0.2198895514011383,1.7432632446289062
48,0.9665077924728394,0.8091987371444702,0.1239263117313385,0.5916268229484558,-0.20275424420833588,-0.21003970503807068,-0.29318949580192566,0.9057616591453552,0.24254260957241058,0.4103728234767914,0.0904054045677185,-0.5048254132270813,-0.43189239501953125,-0.13728971779346466,0.4513247609138489,0.5292253494262695,0.5145662426948547,0.7921022176742554,1.8837839365005493,0.13474461436271667,2.34047794342041,1.1571956872940063,-0.436576783657074,0.8094099760055542,1.679719090461731
49,0.9913836121559143,-0.11469689011573792,0.9001442790031433,-0.5737993121147156,-1.0218355655670166,-0.8751300573348999,-0.8630247116088867,1.7458120584487915,0.23684343695640564,-0.2039623260498047,0.8927699327468872,-1.4913610219955444,-0.9975877404212952,0.8570804595947266,1.0568761825561523,0.006212271749973297,0.11995900422334671,2.345743417739868,0.6970689296722412,0.20486432313919067,0.722599983215332,-0.31744155287742615,-0.40462327003479004,2.274132251739502,2.6913952827453613
50,0.9129233956336975,1.2917935848236084,-0.5456274747848511,1.8525582551956177,0.38942259550094604,0.29261210560798645,0.6023082137107849,0.3211022913455963,0.42735958099365234,0.8283603191375732,-0.9151531457901001,0.6225728988647461,0.13605055212974548,-0.9245902299880981,-0.34474653005599976,1.0710138082504272,1.0323681831359863,-1.166549801826477,2.9632678031921387,0.795826256275177,3.542945384979248,1.8619751930236816,-0.2754002809524536,-1.0183353424072266,0.6840831637382507
51,0.960846483707428,0.8619946241378784,0.018809176981449127,0.9184455871582031,-0.07845775038003922,-0.08650532364845276,0.13510990142822266,0.7616573572158813,0.18479087948799133,0.517158031463623,-0.21296848356723785,-0.08733421564102173,-0.28483620285987854,-0.38189512491226196,0.3047076463699341,0.6356115937232971,0.6461542844772339,0.25463515520095825,2.1551527976989746,0.23915186524391174,2.6885759830474854,1.4103724956512451,-0.3724992871284485,0.2947418689727783,1.2843892574310303
52,0.8658638000488281,1.1054959297180176,-0.2633703052997589,1.3906333446502686,0.1651480495929718,0.12188628315925598,0.381448358297348,0.5221875309944153,0.2816411554813385,0.6940399408340454,-0.5722477436065674,0.282547265291214,-0.07124697417020798,-0.663794755935669,-0.020181849598884583,0.8451765179634094,0.8348714113235474,-0.43383604288101196,2.5761451721191406,0.4972524344921112,3.11043643951416,1.6358637809753418,-0.34391844272613525,-0.3263770341873169,0.9330159425735474
53,0.8960110545158386,0.20735511183738708,0.6229273080825806,-0.24563124775886536,-0.7663074135780334,-0.6821067333221436,-0.8709044456481934,1.5030304193496704,0.3292301297187805,-0.029700689017772675,0.7034227252006531,-1.3211287260055542,-0.838201642036438,0.6121379137039185,0.8349220752716064,0.1826401948928833,0.2333560436964035,1.9540719985961914,0.9371260404586792,0.16424903273582458,1.0662622451782227,0.03472930192947388,-0.4422224462032318,1.9121439456939697,2.444105863571167
54,0.9497289061546326,0.1451614499092102,0.6384520530700684,-0.09725478291511536,-0.7729799747467041,-0.644785463809967,-0.5437594652175903,1.4827008247375488,0.268657922744751,-0.00010401010513305664,0.5135300755500793,-1.0660566091537476,-0.7804738283157349,0.5466270446777344,0.7542062997817993,0.195163756608963,0.30084264278411865,1.5833964347839355,1.0415587425231934,0.23214933276176453,1.1550229787826538,0.005198188126087189,-0.4320073127746582,1.5989688634872437,2.104926586151123
55,0.9859104156494141,0.20618321001529694,0.8876787424087524,-0.647599458694458,-0.8551622033119202,-0.7252068519592285,-0.902820348739624,1.5197737216949463,-0.05710946023464203,-0.017210111021995544,1.0044786930084229,-1.4535878896713257,-0.9963550567626953,0.630113422870636,1.279497504234314,-0.05747184157371521,0.00931376963853836,2.344447374343872,0.6835149526596069,-0.03091169148683548,0.7524553537368774,-0.06334927678108215,-0.4758968949317932,2.2759525775909424,2.420936346054077
56,0.9485552906990051,0.80348801612854,0.1320836842060089,0.7416087985038757,-0.15673291683197021,-0.1415967494249344,0.07341751456260681,0.8245501518249512,0.10055123269557953,0.4784846901893616,-0.0842994898557663,-0.1976684033870697,-0.36243578791618347,-0.30055373907089233,0.4442397356033325,0.5425228476524353,0.5654891133308411,0.5544097423553467,2.056971788406372,0.004357852041721344,2.6885743141174316,1.5087116956710815,-0.3463352918624878,0.5739114284515381,1.4105279445648193
57,0.9728931784629822,0.8160018920898438,0.03334103524684906,0.730504035949707,-0.15112848579883575,-0.1901487112045288,-0.24926821887493134,0.8788621425628662,0.33831384778022766,0.4137946665287018,-0.00583377480506897,-0.426738440990448,-0.3718033730983734,-0.195214182138443,0.34192800521850586,0.6159085631370544,0.586594820022583,0.6343402862548828,1.9757059812545776,0.29649171233177185,2.4817709922790527,1.2294448614120483,-0.33430933952331543,0.6041514277458191,1.6807020902633667
58,0.9804878830909729,0.39973965287208557,-0.036399200558662415,1.0121681690216064,-0.3113787770271301,-0.3454606533050537,-0.04591056704521179,1.1289715766906738,0.7831946611404419,0.19316385686397552,-0.30678924918174744,-0.31077438592910767,-0.29390037059783936,0.01112702488899231,-0.07562271505594254,0.7863733768463135,0.8202952146530151,0.12197068333625793,2.0236120223999023,0.8170300722122192,2.3038530349731445,0.6473507881164551,-0.3024185299873352,0.2083180844783783,1.6784659624099731
59,0.917164146900177,0.5197229981422424,-0.2674728333950043,1.4714821577072144,-0.10705414414405823,-0.18774612247943878,0.3249971270561218,0.9364359974861145,0.8506659269332886,0.3179679811000824,-0.6748520135879517,0.12522703409194946,-0.08657140284776688,-0.291012704372406,-0.34152695536613464,0.9922143220901489,1.0163586139678955,-0.4084330201148987,2.4844212532043457,0.8689934611320496,2.9021687507629395,1.0647655725479126,-0.3405115604400635,-0.3021341562271118,1.4020946025848389
60,0.9807706475257874,0.9034966826438904,-0.29815441370010376,1.4140515327453613,0.08161881566047668,-0.0036164522171020508,0.2666063606739044,0.6774957776069641,0.5457895994186401,0.5408520102500916,-0.5753892660140991,0.16386649012565613,-0.07744984328746796,-0.5236794948577881,-0.14334821701049805,0.9251649379730225,0.9033254384994507,-0.44341331720352173,2.4985592365264893,0.7670756578445435,2.9231927394866943,1.30629563331604,-0.33133748173713684,-0.3401738405227661,1.1810150146484375
61,0.9793804287910461,0.6284894347190857,0.07136908173561096,0.7164361476898193,-0.2586600184440613,-0.28726518154144287,-0.24820172786712646,1.0153130292892456,0.46828973293304443,0.30208414793014526,-0.02263641357421875,-0.47917795181274414,-0.394779771566391,-0.05867171287536621,0.27247899770736694,0.6251050233840942,0.6208739280700684,0.6453119516372681,1.907723069190979,0.33617645502090454,2.3081836700439453,0.9376732110977173,-0.40310269594192505,0.6894190907478333,1.7566320896148682
62,0.8543962240219116,0.3176928162574768,0.04707414656877518,0.9235236048698425,-0.3860243260860443,-0.3906190097332001,-0.027916669845581055,1.192628026008606,0.7447102069854736,0.15432146191596985,-0.2648985981941223,-0.34763801097869873,-0.3381991386413574,0.08492803573608398,-0.021273598074913025,0.7282068729400635,0.7874686121940613,0.13903415203094482,1.8858660459518433,1.0056617259979248,2.0346336364746094,0.36910107731819153,-0.2536623179912567,0.2198895514011383,1.7432632446289062
63,0.9665077924728394,0.8091987371444702,0.1239263117313385,0.5916268229484558,-0.20275424420833588,-0.21003970503807068,-0.29318949580192566,0.9057616591453552,0.24254260957241058,0.4103728234767914,0.0904054045677185,-0.5048254132270813,-0.43189239501953125,-0.13728971779346466,0.4513247609138489,0.5292253494262695,0.5145662426948547,0.7921022176742554,1.8837839365005493,0.13474461436271667,2.34047794342041,1.1571956872940063,-0.436576783657074,0.8094099760055542,1.679719090461731
64,0.9913836121559143,-0.11469689011573792,0.9001442790031433,-0.5737993121147156,-1.0218355655670166,-0.8751300573348999,-0.8630247116088867,1.7458120584487915,0.23684343695640564,-0.2039623260498047,0.8927699327468872,-1.4913610219955444,-0.9975877404212952,0.8570804595947266,1.0568761825561523,0.006212271749973297,0.11995900422334671,2.345743417739868,0.6970689296722412,0.20486432313919067,0.722599983215332,-0.31744155287742615,-0.40462327003479004,2.274132251739502,2.6913952827453613
65,0.9129233956336975,1.2917935848236084,-0.5456274747848511,1.8525582551956177,0.38942259550094604,0.29261210560798645,0.6023082137107849,0.3211022913455963,0.42735958099365234,0.8283603191375732,-0.9151531457901001,0.6225728988647461,0.13605055212974548,-0.9245902299880981,-0.34474653005599976,1.0710138082504272,1.0323681831359863,-1.166549801826477,2.9632678031921387,0.795826256275177,3.542945384979248,1.8619751930236816,-0.2754002809524536,-1.0183353424072266,0.6840831637382507
66,0.960846483707428,0.8619946241378784,0.018809176981449127,0.9184455871582031,-0.07845775038003922,-0.08650532364845276,0.13510990142822266,0.7616573572158813,0.18479087948799133,0.517158031463623,-0.21296848356723785,-0.08733421564102173,-0.28483620285987854,-0.38189512491226196,0.3047076463699341,0.6356115937232971,0.6461542844772339,0.25463515520095825,2.1551527976989746,0.23915186524391174,2.6885759830474854,1.4103724956512451,-0.3724992871284485,0.2947418689727783,1.2843892574310303
67,0.8658638000488281,1.1054959297180176,-0.2633703052997589,1.3906333446502686,0.1651480495929718,0.12188628315925598,0.381448358297348,0.5221875309944153,0.2816411554813385,0.6940399408340454,-0.5722477436065674,0.282547265291214,-0.07124697417020798,-0.663794755935669,-0.020181849598884583,0.8451765179634094,0.8348714113235474,-0.43383604288101196,2.5761451721191406,0.4972524344921112,3.11043643951416,1.6358637809753418,-0.34391844272613525,-0.3263770341873169,0.9330159425735474
68,0.8960110545158386,0.20735511183738708,0.6229273080825806,-0.24563124775886536,-0.7663074135780334,-0.6821067333221436,-0.8709044456481934,1.5030304193496704,0.3292301297187805,-0.029700689017772675,0.7034227252006531,-1.3211287260055542,-0.838201642036438,0.6121379137039185,0.8349220752716064,0.1826401948928833,0.2333560436964035,1.9540719985961914,0.9371260404586792,0.16424903273582458,1.0662622451782227,0.03472930192947388,-0.4422224462032318,1.9121439456939697,2.444105863571167
69,0.9497289061546326,0.1451614499092102,0.6384520530700684,-0.09725478291511536,-0.7729799747467041,-0.644785463809967,-0.5437594652175903,1.4827008247375488,0.268657922744751,-0.00010401010513305664,0.5135300755500793,-1.0660566091537476,-0.7804738283157349,0.5466270446777344,0.7542062997817993,0.195163756608963,0.30084264278411865,1.5833964347839355,1.0415587425231934,0.23214933276176453,1.1550229787826538,0.005198188126087189,-0.4320073127746582,1.5989688634872437,2.104926586151123
70,0.9859104156494141,0.20618321001529694,0.8876787424087524,-0.647599458694458,-0.8551622033119202,-0.7252068519592285,-0.902820348739624,1.5197737216949463,-0.05710946023464203,-0.017210111021995544,1.0044786930084229,-1.4535878896713257,-0.9963550567626953,0.630113422870636,1.279497504234314,-0.05747184157371521,0.00931376963853836,2.344447374343872,0.6835149526596069,-0.03091169148683548,0.7524553537368774,-0.06334927678108215,-0.4758968949317932,2.2759525775909424,2.420936346054077
71,0.9485552906990051,0.80348801612854,0.1320836842060089,0.7416087985038757,-0.15673291683197021,-0.1415967494249344,0.07341751456260681,0.8245501518249512,0.10055123269557953,0.4784846901893616,-0.0842994898557663,-0.1976684033870697,-0.36243578791618347,-0.30055373907089233,0.4442397356033325,0.5425228476524353,0.5654891133308411,0.5544097423553467,2.056971788406372,0.004357852041721344,2.6885743141174316,1.5087116956710815,-0.3463352918624878,0.5739114284515381,1.4105279445648193
72,0.9728931784629822,0.8160018920898438,0.03334103524684906,0.730504035949707,-0.15112848579883575,-0.1901487112045288,-0.24926821887493134,0.8788621425628662,0.33831384778022766,0.4137946665287018,-0.00583377480506897,-0.426738440990448,-0.3718033730983734,-0.195214182138443,0.34192800521850586,0.6159085631370544,0.586594820022583,0.6343402862548828,1.9757059812545776,0.29649171233177185,2.4817709922790527,1.2294448614120483,-0.33430933952331543,0.6041514277458191,1.6807020902633667
73,0.9804878830909729,0.39973965287208557,-0.036399200558662415,1.0121681690216064,-0.3113787770271301,-0.3454606533050537,-0.04591056704521179,1.1289715766906738,0.7831946611404419,0.19316385686397552,-0.30678924918174744,-0.31077438592910767,-0.29390037059783936,0.01112702488899231,-0.07562271505594254,0.7863733768463135,0.8202952146530151,0.12197068333625793,2.0236120223999023,0.8170300722122192,2.3038530349731445,0.6473507881164551,-0.3024185299873352,0.2083180844783783,1.6784659624099731
74,0.917164146900177,0.5197229981422424,-0.2674728333950043,1.4714821577072144,-0.10705414414405823,-0.18774612247943878,0.3249971270561218,0.9364359974861145,0.8506659269332886,0.3179679811000824,-0.6748520135879517,0.12522703409194946,-0.08657140284776688,-0.291012704372406,-0.34152695536613464,0.9922143220901489,1.0163586139678955,-0.4084330201148987,2.4844212532043457,0.8689934611320496,2.9021687507629395,1.0647655725479126,-0.3405115604400635,-0.3021341562271118,1.4020946025848389
75,0.9807706475257874,0.9034966826438904,-0.29815441370010376,1.4140515327453613,0.08161881566047668,-0.0036164522171020508,0.2666063606739044,0.6774957776069641,0.5457895994186401,0.5408520102500916,-0.5753892660140991,0.16386649012565613,-0.07744984328746796,-0.5236794948577881,-0.14334821701049805,0.9251649379730225,0.9033254384994507,-0.44341331720352173,2.4985592365264893,0.7670756578445435,2.9231927394866943,1.30629563331604,-0.33133748173713684,-0.3401738405227661,1.1810150146484375
76,0.9793804287910461,0.6284894347190857,0.07136908173561096,0.7164361476898193,-0.2586600184440613,-0.28726518154144287,-0.24820172786712646,1.0153130292892456,0.46828973293304443,0.30208414793014526,-0.02263641357421875,-0.47917795181274414,-0.394779771566391,-0.05867171287536621,0.27247899770736694,0.6251050233840942,0.6208739280700684,0.6453119516372681,1.907723069190979,0.33617645502090454,2.3081836700439453,0.9376732110977173,-0.40310269594192505,0.6894190907478333,1.7566320896148682
77,0.8543962240219116,0.3176928162574768,0.04707414656877518,0.9235236048698425,-0.3860243260860443,-0.3906190097332001,-0.027916669845581055,1.192628026008606,0.7447102069854736,0.15432146191596985,-0.2648985981941223,-0.34763801097869873,-0.3381991386413574,0.08492803573608398,-0.021273598074913025,0.7282068729400635,0.7874686121940613,0.13903415203094482,1.8858660459518433,1.0056617259979248,2.0346336364746094,0.36910107731819153,-0.2536623179912567,0.2198895514011383,1.7432632446289062
78,0.9665077924728394,0.8091987371444702,0.1239263117313385,0.5916268229484558,-0.20275424420833588,-0.21003970503807068,-0.29318949580192566,0.9057616591453552,0.24254260957241058,0.4103728234767914,0.0904054045677185,-0.5048254132270813,-0.43189239501953125,-0.13728971779346466,0.4513247609138489,0.5292253494262695,0.5145662426948547,0.7921022176742554,1.8837839365005493,0.13474461436271667,2.34047794342041,1.1571956872940063,-0.436576783657074,0.8094099760055542,1.679719090461731
79,0.9913836121559143,-0.11469689011573792,0.9001442790031433,-0.5737993121147156,-1.0218355655670166,-0.8751300573348999,-0.8630247116088867,1.7458120584487915,0.23684343695640564,-0.2039623260498047,0.8927699327468872,-1.4913610219955444,-0.9975877404212952,0.8570804595947266,1.0568761825561523,0.006212271749973297,0.11995900422334671,2.345743417739868,0.6970689296722412,0.20486432313919067,0.722599983215332,-0.31744155287742615,-0.40462327003479004,2.274132251739502,2.6913952827453613
80,0.9129233956336975,1.2917935848236084,-0.5456274747848511,1.8525582551956177,0.38942259550094604,0.29261210560798645,0.6023082137107849,0.3211022913455963,0.42735958099365234,0.8283603191375732,-0.9151531457901001,0.6225728988647461,0.13605055212974548,-0.9245902299880981,-0.34474653005599976,1.0710138082504272,1.0323681831359863,-1.166549801826477,2.9632678031921387,0.795826256275177,3.542945384979248,1.8619751930236816,-0.2754002809524536,-1.0183353424072266,0.6840831637382507
81,0.960846483707428,0.8619946241378784,0.018809176981449127,0.9184455871582031,-0.07845775038003922,-0.08650532364845276,0.13510990142822266,0.7616573572158813,0.18479087948799133,0.517158031463623,-0.21296848356723785,-0.08733421564102173,-0.28483620285987854,-0.38189512491226196,0.3047076463699341,0.6356115937232971,0.6461542844772339,0.25463515520095825,2.1551527976989746,0.23915186524391174,2.6885759830474854,1.4103724956512451,-0.3724992871284485,0.2947418689727783,1.2843892574310303
82,0.8658638000488281,1.1054959297180176,-0.2633703052997589,1.3906333446502686,0.1651480495929718,0.12188628315925598,0.381448358297348,0.5221875309944153,0.2816411554813385,0.6940399408340454,-0.5722477436065674,0.282547265291214,-0.07124697417020798,-0.663794755935669,-0.020181849598884583,0.8451765179634094,0.8348714113235474,-0.43383604288101196,2.5761451721191406,0.4972524344921112,3.11043643951416,1.6358637809753418,-0.34391844272613525,-0.3263770341873169,0.9330159425735474
83,0.8960110545158386,0.20735511183738708,0.6229273080825806,-0.24563124775886536,-0.7663074135780334,-0.6821067333221436,-0.8709044456481934,1.5030304193496704,0.3292301297187805,-0.029700689017772675,0.7034227252006531,-1.3211287260055542,-0.838201642036438,0.6121379137039185,0.8349220752716064,0.1826401948928833,0.2333560436964035,1.9540719985961914,0.9371260404586792,0.16424903273582458,1.0662622451782227,0.03472930192947388,-0.4422224462032318,1.9121439456939697,2.444105863571167
84,0.9497289061546326,0.1451614499092102,0.6384520530700684,-0.09725478291511536,-0.7729799747467041,-0.644785463809967,-0.5437594652175903,1.4827008247375488,0.268657922744751,-0.00010401010513305664,0.5135300755500793,-1.0660566091537476,-0.7804738283157349,0.5466270446777344,0.7542062997817993,0.195163756608963,0.30084264278411865,1.5833964347839355,1.0415587425231934,0.23214933276176453,1.1550229787826538,0.005198188126087189,-0.4320073127746582,1.5989688634872437,2.104926586151123
85,0.9859104156494141,0.20618321001529694,0.8876787424087524,-0.647599458694458,-0.8551622033119202,-0.7252068519592285,-0.902820348739624,1.5197737216949463,-0.05710946023464203,-0.017210111021995544,1.0044786930084229,-1.4535878896713257,-0.9963550567626953,0.630113422870636,1.279497504234314,-0.05747184157371521,0.00931376963853836,2.344447374343872,0.6835149526596069,-0.03091169148683548,0.7524553537368774,-0.06334927678108215,-0.4758968949317932,2.2759525775909424,2.420936346054077
86,0.9485552906990051,0.80348801612854,0.1320836842060089,0.7416087985038757,-0.15673291683197021,-0.1415967494249344,0.07341751456260681,0.8245501518249512,0.10055123269557953,0.4784846901893616,-0.0842994898557663,-0.1976684033870697,-0.36243578791618347,-0.30055373907089233,0.4442397356033325,0.5425228476524353,0.5654891133308411,0.5544097423553467,2.056971788406372,0.004357852041721344,2.6885743141174316,1.5087116956710815,-0.3463352918624878,0.5739114284515381,1.4105279445648193
87,0.9728931784629822,0.8160018920898438,0.03334103524684906,0.730504035949707,-0.15112848579883575,-0.1901487112045288,-0.24926821887493134,0.8788621425628662,0.33831384778022766,0.4137946665287018,-0.00583377480506897,-0.426738440990448,-0.3718033730983734,-0.195214182138443,0.34192800521850586,0.6159085631370544,0.586594820022583,0.6343402862548828,1.9757059812545776,0.29649171233177185,2.4817709922790527,1.2294448614120483,-0.33430933952331543,0.6041514277458191,1.6807020902633667
88,0.9804878830909729,0.39973965287208557,-0.036399200558662415,1.0121681690216064,-0.3113787770271301,-0.3454606533050537,-0.04591056704521179,1.1289715766906738,0.7831946611404419,0.19316385686397552,-0.30678924918174744,-0.31077438592910767,-0.29390037059783936,0.01112702488899231,-0.07562271505594254,0.7863733768463135,0.8202952146530151,0.12197068333625793,2.0236120223999023,0.8170300722122192,2.3038530349731445,0.6473507881164551,-0.3024185299873352,0.2083180844783783,1.6784659624099731
89,0.917164146900177,0.5197229981422424,-0.2674728333950043,1.4714821577072144,-0.10705414414405823,-0.18774612247943878,0.3249971270561218,0.9364359974861145,0.8506659269332886,0.3179679811000824,-0.6748520135879517,0.12522703409194946,-0.08657140284776688,-0.291012704372406,-0.34152695536613464,0.9922143220901489,1.0163586139678955,-0.4084330201148987,2.4844212532043457,0.8689934611320496,2.9021687507629395,1.0647655725479126,-0.3405115604400635,-0.3021341562271118,1.4020946025848389
90,0.9807706475257874,0.9034966826438904,-0.29815441370010376,1.4140515327453613,0.08161881566047668,-0.0036164522171020508,0.2666063606739044,0.6774957776069641,0.5457895994186401,0.5408520102500916,-0.5753892660140991,0.16386649012565613,-0.07744984328746796,-0.5236794948577881,-0.14334821701049805,0.9251649379730225,0.9033254384994507,-0.44341331720352173,2.4985592365264893,0.7670756578445435,2.9231927394866943,1.30629563331604,-0.33133748173713684,-0.3401738405227661,1.1810150146484375
91,0.9793804287910461,0.6284894347190857,0.07136908173561096,0.7164361476898193,-0.2586600184440613,-0.28726518154144287,-0.24820172786712646,1.0153130292892456,0.46828973293304443,0.30208414793014526,-0.02263641357421875,-0.47917795181274414,-0.394779771566391,-0.05867171287536621,0.27247899770736694,0.6251050233840942,0.6208739280700684,0.6453119516372681,1.907723069190979,0.33617645502090454,2.3081836700439453,0.9376732110977173,-0.40310269594192505,0.6894190907478333,1.7566320896148682
92,0.8543962240219116,0.3176928162574768,0.04707414656877518,0.9235236048698425,-0.3860243260860443,-0.3906190097332001,-0.027916669845581055,1.192628026008606,0.7447102069854736,0.15432146191596985,-0.2648985981941223,-0.34763801097869873,-0.3381991386413574,0.08492803573608398,-0.021273598074913025,0.7282068729400635,0.7874686121940613,0.13903415203094482,1.8858660459518433,1.0056617259979248,2.0346336364746094,0.36910107731819153,-0.2536623179912567,0.2198895514011383,1.7432632446289062
93,0.9665077924728394,0.8091987371444702,0.1239263117313385,0.5916268229484558,-0.20275424420833588,-0.21003970503807068,-0.29318949580192566,0.9057616591453552,0.24254260957241058,0.4103728234767914,0.0904054045677185,-0.5048254132270813,-0.43189239501953125,-0.13728971779346466,0.4513247609138489,0.5292253494262695,0.5145662426948547,0.7921022176742554,1.8837839365005493,0.13474461436271667,2.34047794342041,1.1571956872940063,-0.436576783657074,0.8094099760055542,1.679719090461731
94,0.9913836121559143,-0.11469689011573792,0.9001442790031433,-0.5737993121147156,-1.0218355655670166,-0.8751300573348999,-0.8630247116088867,1.7458120584487915,0.23684343695640564,-0.2039623260498047,0.8927699327468872,-1.4913610219955444,-0.9975877404212952,0.8570804595947266,1.0568761825561523,0.006212271749973297,0.11995900422334671,2.345743417739868,0.6970689296722412,0.20486432313919067,0.722599983215332,-0.31744155287742615,-0.40462327003479004,2.274132251739502,2.6913952827453613
95,0.9129233956336975,1.2917935848236084,-0.5456274747848511,1.8525582551956177,0.38942259550094604,0.29261210560798645,0.6023082137107849,0.3211022913455963,0.42735958099365234,0.8283603191375732,-0.9151531457901001,0.6225728988647461,0.13605055212974548,-0.9245902299880981,-0.34474653005599976,1.0710138082504272,1.0323681831359863,-1.166549801826477,2.9632678031921387,0.795826256275177,3.542945384979248,1.8619751930236816,-0.2754002809524536,-1.0183353424072266,0.6840831637382507
96,0.960846483707428,0.8619946241378784,0.018809176981449127,0.9184455871582031,-0.07845775038003922,-0.08650532364845276,0.13510990142822266,0.7616573572158813,0.18479087948799133,0.517158031463623,-0.21296848356723785,-0.08733421564102173,-0.28483620285987854,-0.38189512491226196,0.3047076463699341,0.6356115937232971,0.6461542844772339,0.25463515520095825,2.1551527976989746,0.23915186524391174,2.6885759830474854,1.4103724956512451,-0.3724992871284485,0.2947418689727783,1.2843892574310303
97,0.8658638000488281,1.1054959297180176,-0.2633703052997589,1.3906333446502686,0.1651480495929718,0.12188628315925598,0.381448358297348,0.5221875309944153,0.2816411554813385,0.6940399408340454,-0.5722477436065674,0.282547265291214,-0.07124697417020798,-0.663794755935669,-0.020181849598884583,0.8451765179634094,0.8348714113235474,-0.43383604288101196,2.5761451721191406,0.4972524344921112,3.11043643951416,1.6358637809753418,-0.34391844272613525,-0.3263770341873169,0.9330159425735474
98,0.8960110545158386,0.20735511183738708,0.6229273080825806,-0.24563124775886536,-0.7663074135780334,-0.6821067333221436,-0.8709044456481934,1.5030304193496704,0.3292301297187805,-0.029700689017772675,0.7034227252006531,-1.3211287260055542,-0.838201642036438,0.6121379137039185,0.8349220752716064,0.1826401948928833,0.2333560436964035,1.9540719985961914,0.9371260404586792,0.16424903273582458,1.0662622451782227,0.03472930192947388,-0.4422224462032318,1.9121439456939697,2.444105863571167
99,0.9497289061546326,0.1451614499092102,0.6384520530700684,-0.09725478291511536,-0.7729799747467041,-0.644785463809967,-0.5437594652175903,1.4827008247375488,0.268657922744751,-0.00010401010513305664,0.5135300755500793,-1.0660566091537476,-0.7804738283157349,0.5466270446777344,0.7542062997817993,0.195163756608963,0.30084264278411865,1.5833964347839355,1.0415587425231934,0.23214933276176453,1.1550229787826538,0.005198188126087189,-0.4320073127746582,1.5989688634872437,2.104926586151123
100,0.9859104156494141,0.20618321001529694,0.8876787424087524,-0.647599458694458,-0.8551622033119202,-0.7252068519592285,-0.902820348739624,1.5197737216949463,-0.05710946023464203,-0.017210111021995544,1.0044786930084229,-1.4535878896713257,-0.9963550567626953,0.630113422870636,1.279497504234314,-0.05747184157371521,0.00931376963853836,2.344447374343872,0.6835149526596069,-0.03091169148683548,0.7524553537368774,-0.06334927678108215,-0.4758968949317932,2.2759525775909424,2.420936346054077
101,0.9485552906990051,0.80348801612854,0.1320836842060089,0.7416087985038757,-0.15673291683197021,-0.1415967494249344,0.07341751456260681,0.8245501518249512,0.10055123269557953,0.4784846901893616,-0.0842994898557663,-0.1976684033870697,-0.36243578791618347,-0.30055373907089233,0.4442397356033325,0.5425228476524353,0.5654891133308411,0.5544097423553467,2.056971788406372,0.004357852041721344,2.6885743141174316,1.5087116956710815,-0.3463352918624878,0.5739114284515381,1.4105279445648193
102,0.9728931784629822,0.8160018920898438,0.03334103524684906,0.730504035949707,-0.15112848579883575,-0.1901487112045288,-0.24926821887493134,0.8788621425628662,0.33831384778022766,0.4137946665287018,-0.00583377480506897,-0.426738440990448,-0.3718033730983734,-0.195214182138443,0.34192800521850586,0.6159085631370544,0.586594820022583,0.6343402862548828,1.9757059812545776,0.29649171233177185,2.4817709922790527,1.2294448614120483,-0.33430933952331543,0.6041514277458191,1.6807020902633667
103,0.9804878830909729,0.39973965287208557,-0.036399200558662415,1.0121681690216064,-0.3113787770271301,-0.3454606533050537,-0.04591056704521179,1.1289715766906738,0.7831946611404419,0.19316385686397552,-0.30678924918174744,-0.31077438592910767,-0.29390037059783936,0.01112702488899231,-0.07562271505594254,0.7863733768463135,0.8202952146530151,0.12197068333625793,2.0236120223999023,0.8170300722122192,2.3038530349731445,0.6473507881164551,-0.3024185299873352,0.2083180844783783,1.6784659624099731
104,0.917164146900177,0.5197229981422424,-0.2674728333950043,1.4714821577072144,-0.10705414414405823,-0.18774612247943878,0.3249971270561218,0.9364359974861145,0.8506659269332886,0.3179679811000824,-0.6748520135879517,0.12522703409194946,-0.08657140284776688,-0.291012704372406,-0.34152695536613464,0.9922143220901489,1.0163586139678955,-0.4084330201148987,2.4844212532043457,0.8689934611320496,2.9021687507629395,1.0647655725479126,-0.3405115604400635,-0.3021341562271118,1.4020946025848389
105,0.9807706475257874,0.9034966826438904,-0.29815441370010376,1.4140515327453613,0.08161881566047668,-0.0036164522171020508,0.2666063606739044,0.6774957776069641,0.5457895994186401,0.5408520102500916,-0.5753892660140991,0.16386649012565613,-0.07744984328746796,-0.5236794948577881,-0.14334821701049805,0.9251649379730225,0.9033254384994507,-0.44341331720352173,2.4985592365264893,0.7670756578445435,2.9231927394866943,1.30629563331604,-0.33133748173713684,-0.3401738405227661,1.1810150146484375
106,0.9793804287910461,0.6284894347190857,0.07136908173561096,0.7164361476898193,-0.2586600184440613,-0.28726518154144287,-0.24820172786712646,1.0153130292892456,0.46828973293304443,0.30208414793014526,-0.02263641357421875,-0.47917795181274414,-0.394779771566391,-0.05867171287536621,0.27247899770736694,0.6251050233840942,0.6208739280700684,0.6453119516372681,1.907723069190979,0.33617645502090454,2.3081836700439453,0.9376732110977173,-0.40310269594192505,0.6894190907478333,1.7566320896148682
107,0.8543962240219116,0.3176928162574768,0.04707414656877518,0.9235236048698425,-0.3860243260860443,-0.3906190097332001,-0.027916669845581055,1.192628026008606,0.7447102069854736,0.15432146191596985,-0.2648985981941223,-0.34763801097869873,-0.3381991386413574,0.08492803573608398,-0.021273598074913025,0.7282068729400635,0.7874686121940613,0.13903415203094482,1.8858660459518433,1.0056617259979248,2.0346336364746094,0.36910107731819153,-0.2536623179912567,0.2198895514011383,1.7432632446289062
108,0.9665077924728394,0.8091987371444702,0.1239263117313385,0.5916268229484558,-0.20275424420833588,-0.21003970503807068,-0.29318949580192566,0.9057616591453552,0.24254260957241058,0.4103728234767914,0.0904054045677185,-0.5048254132270813,-0.43189239501953125,-0.13728971779346466,0.4513247609138489,0.5292253494262695,0.5145662426948547,0.7921022176742554,1.8837839365005493,0.13474461436271667,2.34047794342041,1.1571956872940063,-0.436576783657074,0.8094099760055542,1.679719090461731
109,0.9913836121559143,-0.11469689011573792,0.9001442790031433,-0.5737993121147156,-1.0218355655670166,-0.8751300573348999,-0.8630247116088867,1.7458120584487915,0.23684343695640564,-0.2039623260498047,0.8927699327468872,-1.4913610219955444,-0.9975877404212952,0.8570804595947266,1.0568761825561523,0.006212271749973297,0.11995900422334671,2.345743417739868,0.6970689296722412,0.20486432313919067,0.722599983215332,-0.31744155287742615,-0.40462327003479004,2.274132251739502,2.6913952827453613
110,0.9129233956336975,1.2917935848236084,-0.5456274747848511,1.8525582551956177,0.38942259550094604,0.29261210560798645,0.6023082137107849,0.3211022913455963,0.42735958099365234,0.8283603191375732,-0.9151531457901001,0.6225728988647461,0.13605055212974548,-0.9245902299880981,-0.34474653005599976,1.0710138082504272,1.0323681831359863,-1.166549801826477,2.9632678031921387,0.795826256275177,3.542945384979248,1.8619751930236816,-0.2754002809524536,-1.0183353424072266,0.6840831637382507
111,0.960846483707428,0.8619946241378784,0.018809176981449127,0.9184455871582031,-0.07845775038003922,-0.08650532364845276,0.13510990142822266,0.7616573572158813,0.18479087948799133,0.517158031463623,-0.21296848356723785,-0.08733421564102173,-0.28483620285987854,-0.38189512491226196,0.3047076463699341,0.6356115937232971,0.6461542844772339,0.25463515520095825,2.1551527976989746,0.23915186524391174,2.6885759830474854,1.4103724956512451,-0.3724992871284485,0.2947418689727783,1.2843892574310303
112,0.8658638000488281,1.1054959297180176,-0.2633703052997589,1.3906333446502686,0.1651480495929718,0.12188628315925598,0.381448358297348,0.5221875309944153,0.2816411554813385,0.6940399408340454,-0.5722477436065674,0.282547265291214,-0.07124697417020798,-0.663794755935669,-0.020181849598884583,0.8451765179634094,0.8348714113235474,-0.43383604288101196,2.5761451721191406,0.4972524344921112,3.11043643951416,1.6358637809753418,-0.34391844272613525,-0.3263770341873169,0.9330159425735474
113,0.8960110545158386,0.20735511183738708,0.6229273080825806,-0.24563124775886536,-0.7663074135780334,-0.6821067333221436,-0.8709044456481934,1.5030304193496704,0.3292301297187805,-0.029700689017772675,0.7034227252006531,-1.3211287260055542,-0.838201642036438,0.6121379137039185,0.8349220752716064,0.1826401948928833,0.2333560436964035,1.9540719985961914,0.9371260404586792,0.16424903273582458,1.0662622451782227,0.03472930192947388,-0.4422224462032318,1.9121439456939697,2.444105863571167
114,0.9497289061546326,0.1451614499092102,0.6384520530700684,-0.09725478291511536,-0.7729799747467041,-0.644785463809967,-0.5437594652175903,1.4827008247375488,0.268657922744751,-0.00010401010513305664,0.5135300755500793,-1.0660566091537476,-0.7804738283157349,0.5466270446777344,0.7542062997817993,0.195163756608963,0.30084264278411865,1.5833964347839355,1.0415587425231934,0.23214933276176453,1.1550229787826538,0.005198188126087189,-0.4320073127746582,1.5989688634872437,2.104926586151123
115,0.9859104156494141,0.20618321001529694,0.8876787424087524,-0.647599458694458,-0.8551622033119202,-0.7252068519592285,-0.902820348739624,1.5197737216949463,-0.05710946023464203,-0.017210111021995544,1.0044786930084229,-1.4535878896713257,-0.9963550567626953,0.630113422870636,1.279497504234314,-0.05747184157371521,0.00931376963853836,2.344447374343872,0.6835149526596069,-0.03091169148683548,0.7524553537368774,-0.06334927678108215,-0.4758968949317932,2.2759525775909424,2.420936346054077
116,0.9485552906990051,0.80348801612854,0.1320836842060089,0.7416087985038757,-0.15673291683197021,-0.1415967494249344,0.07341751456260681,0.8245501518249512,0.10055123269557953,0.4784846901893616,-0.0842994898557663,-0.1976684033870697,-0.36243578791618347,-0.30055373907089233,0.4442397356033325,0.5425228476524353,0.5654891133308411,0.5544097423553467,2.056971788406372,0.004357852041721344,2.6885743141174316,1.5087116956710815,-0.3463352918624878,0.5739114284515381,1.4105279445648193
117,0.9728931784629822,0.8160018920898438,0.03334103524684906,0.730504035949707,-0.15112848579883575,-0.1901487112045288,-0.24926821887493134,0.8788621425628662,0.33831384778022766,0.4137946665287018,-0.00583377480506897,-0.426738440990448,-0.3718033730983734,-0.195214182138443,0.34192800521850586,0.6159085631370544,0.586594820022583,0.6343402862548828,1.9757059812545776,0.29649171233177185,2.4817709922790527,1.2294448614120483,-0.33430933952331543,0.6041514277458191,1.6807020902633667
118,0.9804878830909729,0.39973965287208557,-0.036399200558662415,1.0121681690216064,-0.3113787770271301,-0.3454606533050537,-0.04591056704521179,1.1289715766906738,0.7831946611404419,0.19316385686397552,-0.30678924918174744,-0.31077438592910767,-0.29390037059783936,0.01112702488899231,-0.07562271505594254,0.7863733768463135,0.8202952146530151,0.12197068333625793,2.0236120223999023,0.8170300722122192,2.3038530349731445,0.6473507881164551,-0.3024185299873352,0.2083180844783783,1.6784659624099731
119,0.917164146900177,0.5197229981422424,-0.2674728333950043,1.4714821577072144,-0.10705414414405823,-0.18774612247943878,0.3249971270561218,0.9364359974861145,0.8506659269332886,0.3179679811000824,-0.6748520135879517,0.12522703409194946,-0.08657140284776688,-0.291012704372406,-0.34152695536613464,0.9922143220901489,1.0163586139678955,-0.4084330201148987,2.4844212532043457,0.8689934611320496,2.9021687507629395,1.0647655725479126,-0.3405115604400635,-0.3021341562271118,1.4020946025848389
120,0.9807706475257874,0.9034966826438904,-0.29815441370010376,1.4140515327453613,0.08161881566047668,-0.0036164522171020508,0.2666063606739044,0.6774957776069641,0.5457895994186401,0.5408520102500916,-0.5753892660140991,0.16386649012565613,-0.07744984328746796,-0.5236794948577881,-0.14334821701049805,0.9251649379730225,0.9033254384994507,-0.44341331720352173,2.4985592365264893,0.7670756578445435,2.9231927394866943,1.30629563331604,-0.33133748173713684,-0.3401738405227661,1.1810150146484375
121,0.9793804287910461,0.6284894347190857,0.07136908173561096,0.7164361476898193,-0.2586600184440613,-0.28726518154144287,-0.24820172786712646,1.0153130292892456,0.46828973293304443,0.30208414793014526,-0.02263641357421875,-0.47917795181274414,-0.394779771566391,-0.05867171287536621,0.27247899770736694,0.6251050233840942,0.6208739280700684,0.6453119516372681,1.907723069190979,0.33617645502090454,2.3081836700439453,0.9376732110977173,-0.40310269594192505,0.6894190907478333,1.7566320896148682
122,0.8543962240219116,0.3176928162574768,0.04707414656877518,0.9235236048698425,-0.3860243260860443,-0.3906190097332001,-0.027916669845581055,1.192628026008606,0.7447102069854736,0.15432146191596985,-0.2648985981941223,-0.34763801097869873,-0.3381991386413574,0.08492803573608398,-0.021273598074913025,0.7282068729400635,0.7874686121940613,0.13903415203094482,1.8858660459518433,1.0056617259979248,2.0346336364746094,0.36910107731819153,-0.2536623179912567,0.2198895514011383,1.7432632446289062
123,0.9665077924728394,0.8091987371444702,0.1239263117313385,0.5916268229484558,-0.20275424420833588,-0.21003970503807068,-0.29318949580192566,0.9057616591453552,0.24254260957241058,0.4103728234767914,0.0904054045677185,-0.5048254132270813,-0.43189239501953125,-0.13728971779346466,0.4513247609138489,0.5292253494262695,0.5145662426948547,0.7921022176742554,1.8837839365005493,0.13474461436271667,2.34047794342041,1.1571956872940063,-0.436576783657074,0.8094099760055542,1.679719090461731
124,0.9913836121559143,-0.11469689011573792,0.9001442790031433,-0.5737993121147156,-1.0218355655670166,-0.8751300573348999,-0.8630247116088867,1.7458120584487915,0.23684343695640564,-0.2039623260498047,0.8927699327468872,-1.4913610219955444,-0.9975877404212952,0.8570804595947266,1.0568761825561523,0.006212271749973297,0.11995900422334671,2.345743417739868,0.6970689296722412,0.20486432313919067,0.722599983215332,-0.31744155287742615,-0.40462327003479004,2.274132251739502,2.6913952827453613
125,0.9129233956336975,1.2917935848236084,-0.5456274747848511,1.8525582551956177,0.38942259550094604,0.29261210560798645,0.6023082137107849,0.3211022913455963,0.42735958099365234,0.8283603191375732,-0.9151531457901001,0.6225728988647461,0.13605055212974548,-0.9245902299880981,-0.34474653005599976,1.0710138082504272,1.0323681831359863,-1.166549801826477,2.9632678031921387,0.795826256275177,3.542945384979248,1.8619751930236816,-0.2754002809524536,-1.0183353424072266,0.6840831637382507
126,0.960846483707428,0.8619946241378784,0.018809176981449127,0.9184455871582031,-0.07845775038003922,-0.08650532364845276,0.13510990142822266,0.7616573572158813,0.18479087948799133,0.517158031463623,-0.21296848356723785,-0.08733421564102173,-0.28483620285987854,-0.38189512491226196,0.3047076463699341,0.6356115937232971,0.6461542844772339,0.25463515520095825,2.1551527976989746,0.23915186524391174,2.6885759830474854,1.4103724956512451,-0.3724992871284485,0.2947418689727783,1.2843892574310303
127,0.8658638000488281,1.1054959297180176,-0.2633703052997589,1.3906333446502686,0.1651480495929718,0.12188628315925598,0.381448358297348,0.5221875309944153,0.2816411554813385,0.6940399408340454,-0.5722477436065674,0.282547265291214,-0.07124697417020798,-0.663794755935669,-0.020181849598884583,0.8451765179634094,0.8348714113235474,-0.43383604288101196,2.5761451721191406,0.4972524344921112,3.11043643951416,1.6358637809753418,-0.34391844272613525,-0.3263770341873169,0.9330159425735474
128,0.8960110545158386,0.20735511183738708,0.6229273080825806,-0.24563124775886536,-0.7663074135780334,-0.6821067333221436,-0.8709044456481934,1.5030304193496704,0.3292301297187805,-0.029700689017772675,0.7034227252006531,-1.3211287260055542,-0.838201642036438,0.6121379137039185,0.8349220752716064,0.1826401948928833,0.2333560436964035,1.9540719985961914,0.9371260404586792,0.16424903273582458,1.0662622451782227,0.03472930192947388,-0.4422224462032318,1.9121439456939697,2.444105863571167
129,0.9497289061546326,0.1451614499092102,0.6384520530700684,-0.09725478291511536,-0.7729799747467041,-0.644785463809967,-0.5437594652175903,1.4827008247375488,0.268657922744751,-0.00010401010513305664,0.5135300755500793,-1.0660566091537476,-0.7804738283157349,0.5466270446777344,0.7542062997817993,0.195163756608963,0.30084264278411865,1.5833964347839355,1.0415587425231934,0.23214933276176453,1.1550229787826538,0.005198188126087189,-0.4320073127746582,1.5989688634872437,2.104926586151123
130,0.9859104156494141,0.20618321001529694,0.8876787424087524,-0.647599458694458,-0.8551622033119202,-0.7252068519592285,-0.902820348739624,1.5197737216949463,-0.05710946023464203,-0.017210111021995544,1.0044786930084229,-1.4535878896713257,-0.9963550567626953,0.630113422870636,1.279497504234314,-0.05747184157371521,0.00931376963853836,2.344447374343872,0.6835149526596069,-0.03091169148683548,0.7524553537368774,-0.06334927678108215,-0.4758968949317932,2.2759525775909424,2.420936346054077
131,0.9485552906990051,0.80348801612854,0.1320836842060089,0.7416087985038757,-0.15673291683197021,-0.1415967494249344,0.07341751456260681,0.8245501518249512,0.10055123269557953,0.4784846901893616,-0.0842994898557663,-0.1976684033870697,-0.36243578791618347,-0.30055373907089233,0.4442397356033325,0.5425228476524353,0.5654891133308411,0.5544097423553467,2.056971788406372,0.004357852041721344,2.6885743141174316,1.5087116956710815,-0.3463352918624878,0.5739114284515381,1.4105279445648193
132,0.9728931784629822,0.8160018920898438,0.03334103524684906,0.730504035949707,-0.15112848579883575,-0.1901487112045288,-0.24926821887493134,0.8788621425628662,0.33831384778022766,0.4137946665287018,-0.00583377480506897,-0.426738440990448,-0.3718033730983734,-0.195214182138443,0.34192800521850586,0.6159085631370544,0.586594820022583,0.6343402862548828,1.9757059812545776,0.29649171233177185,2.4817709922790527,1.2294448614120483,-0.33430933952331543,0.6041514277458191,1.6807020902633667
133,0.9804878830909729,0.39973965287208557,-0.036399200558662415,1.0121681690216064,-0.3113787770271301,-0.3454606533050537,-0.04591056704521179,1.1289715766906738,0.7831946611404419,0.19316385686397552,-0.30678924918174744,-0.31077438592910767,-0.29390037059783936,0.01112702488899231,-0.07562271505594254,0.7863733768463135,0.8202952146530151,0.12197068333625793,2.0236120223999023,0.8170300722122192,2.3038530349731445,0.6473507881164551,-0.3024185299873352,0.2083180844783783,1.6784659624099731
134,0.917164146900177,0.5197229981422424,-0.2674728333950043,1.4714821577072144,-0.10705414414405823,-0.18774612247943878,0.3249971270561218,0.9364359974861145,0.8506659269332886,0.3179679811000824,-0.6748520135879517,0.12522703409194946,-0.08657140284776688,-0.291012704372406,-0.34152695536613464,0.9922143220901489,1.0163586139678955,-0.4084330201148987,2.4844212532043457,0.8689934611320496,2.9021687507629395,1.0647655725479126,-0.3405115604400635,-0.3021341562271118,1.4020946025848389
135,0.9807706475257874,0.9034966826438904,-0.29815441370010376,1.4140515327453613,0.08161881566047668,-0.0036164522171020508,0.2666063606739044,0.6774957776069641,0.5457895994186401,0.5408520102500916,-0.5753892660140991,0.16386649012565613,-0.07744984328746796,-0.5236794948577881,-0.14334821701049805,0.9251649379730225,0.9033254384994507,-0.44341331720352173,2.4985592365264893,0.7670756578445435,2.9231927394866943,1.30629563331604,-0.33133748173713684,-0.3401738405227661,1.1810150146484375
136,0.9793804287910461,0.6284894347190857,0.07136908173561096,0.7164361476898193,-0.2586600184440613,-0.28726518154144287,-0.24820172786712646,1.0153130292892456,0.46828973293304443,0.30208414793014526,-0.02263641357421875,-0.47917795181274414,-0.394779771566391,-0.05867171287536621,0.27247899770736694,0.6251050233840942,0.6208739280700684,0.6453119516372681,1.907723069190979,0.33617645502090454,2.3081836700439453,0.9376732110977173,-0.40310269594192505,0.6894190907478333,1.7566320896148682
137,0.8543962240219116,0.3176928162574768,0.04707414656877518,0.9235236048698425,-0.3860243260860443,-0.3906190097332001,-0.027916669845581055,1.192628026008606,0.7447102069854736,0.15432146191596985,-0.2648985981941223,-0.34763801097869873,-0.3381991386413574,0.08492803573608398,-0.021273598074913025,0.7282068729400635,0.7874686121940613,0.13903415203094482,1.8858660459518433,1.0056617259979248,2.0346336364746094,0.36910107731819153,-0.2536623179912567,0.2198895514011383,1.7432632446289062
138,0.9665077924728394,0.8091987371444702,0.1239263117313385,0.5916268229484558,-0.20275424420833588,-0.21003970503807068,-0.29318949580192566,0.9057616591453552,0.24254260957241058,0.4103728234767914,0.0904054045677185,-0.5048254132270813,-0.43189239501953125,-0.13728971779346466,0.4513247609138489,0.5292253494262695,0.5145662426948547,0.7921022176742554,1.8837839365005493,0.13474461436271667,2.34047794342041,1.1571956872940063,-0.436576783657074,0.8094099760055542,1.679719090461731
139,0.9913836121559143,-0.11469689011573792,0.9001442790031433,-0.5737993121147156,-1.0218355655670166,-0.8751300573348999,-0.8630247116088867,1.7458120584487915,0.23684343695640564,-0.2039623260498047,0.8927699327468872,-1.4913610219955444,-0.9975877404212952,0.8570804595947266,1.0568761825561523,0.006212271749973297,0.11995900422334671,2.345743417739868,0.6970689296722412,0.20486432313919067,0.722599983215332,-0.31744155287742615,-0.40462327003479004,2.274132251739502,2.6913952827453613
140,0.9129233956336975,1.2917935848236084,-0.5456274747848511,1.8525582551956177,0.38942259550094604,0.29261210560798645,0.6023082137107849,0.3211022913455963,0.42735958099365234,0.8283603191375732,-0.9151531457901001,0.6225728988647461,0.13605055212974548,-0.9245902299880981,-0.34474653005599976,1.0710138082504272,1.0323681831359863,-1.166549801826477,2.9632678031921387,0.795826256275177,3.542945384979248,1.8619751930236816,-0.2754002809524536,-1.0183353424072266,0.6840831637382507
141,0.960846483707428,0.8619946241378784,0.018809176981449127,0.9184455871582031,-0.07845775038003922,-0.08650532364845276,0.13510990142822266,0.7616573572158813,0.18479087948799133,0.517158031463623,-0.21296848356723785,-0.08733421564102173,-0.28483620285987854,-0.38189512491226196,0.3047076463699341,0.6356115937232971,0.6461542844772339,0.25463515520095825,2.1551527976989746,0.23915186524391174,2.6885759830474854,1.4103724956512451,-0.3724992871284485,0.2947418689727783,1.2843892574310303
142,0.8658638000488281,1.1054959297180176,-0.2633703052997589,1.3906333446502686,0.1651480495929718,0.12188628315925598,0.381448358297348,0.5221875309944153,0.2816411554813385,0.6940399408340454,-0.5722477436065674,0.282547265291214,-0.07124697417020798,-0.663794755935669,-0.020181849598884583,0.8451765179634094,0.8348714113235474,-0.43383604288101196,2.5761451721191406,0.4972524344921112,3.11043643951416,1.6358637809753418,-0.34391844272613525,-0.3263770341873169,0.9330159425735474
143,0.8960110545158386,0.20735511183738708,0.6229273080825806,-0.24563124775886536,-0.7663074135780334,-0.6821067333221436,-0.8709044456481934,1.5030304193496704,0.3292301297187805,-0.029700689017772675,0.7034227252006531,-1.3211287260055542,-0.838201642036438,0.6121379137039185,0.8349220752716064,0.1826401948928833,0.2333560436964035,1.9540719985961914,0.9371260404586792,0.16424903273582458,1.0662622451782227,0.03472930192947388,-0.4422224462032318,1.9121439456939697,2.444105863571167
144,0.9497289061546326,0.1451614499092102,0.6384520530700684,-0.09725478291511536,-0.7729799747467041,-0.644785463809967,-0.5437594652175903,1.4827008247375488,0.268657922744751,-0.00010401010513305664,0.5135300755500793,-1.0660566091537476,-0.7804738283157349,0.5466270446777344,0.7542062997817993,0.195163756608963,0.30084264278411865,1.5833964347839355,1.0415587425231934,0.23214933276176453,1.1550229787826538,0.005198188126087189,-0.4320073127746582,1.5989688634872437,2.104926586151123
145,0.9859104156494141,0.20618321001529694,0.8876787424087524,-0.647599458694458,-0.8551622033119202,-0.7252068519592285,-0.902820348739624,1.5197737216949463,-0.05710946023464203,-0.017210111021995544,1.0044786930084229,-1.4535878896713257,-0.9963550567626953,0.630113422870636,1.279497504234314,-0.05747184157371521,0.00931376963853836,2.344447374343872,0.6835149526596069,-0.03091169148683548,0.7524553537368774,-0.06334927678108215,-0.4758968949317932,2.2759525775909424,2.420936346054077
146,0.9485552906990051,0.80348801612854,0.1320836842060089,0.7416087985038757,-0.15673291683197021,-0.1415967494249344,0.07341751456260681,0.8245501518249512,0.10055123269557953,0.4784846901893616,-0.0842994898557663,-0.1976684033870697,-0.36243578791618347,-0.30055373907089233,0.4442397356033325,0.5425228476524353,0.5654891133308411,0.5544097423553467,2.056971788406372,0.004357852041721344,2.6885743141174316,1.5087116956710815,-0.3463352918624878,0.5739114284515381,1.4105279445648193
147,0.9728931784629822,0.8160018920898438,0.03334103524684906,0.730504035949707,-0.15112848579883575,-0.1901487112045288,-0.24926821887493134,0.8788621425628662,0.33831384778022766,0.4137946665287018,-0.00583377480506897,-0.426738440990448,-0.3718033730983734,-0.195214182138443,0.34192800521850586,0.6159085631370544,0.586594820022583,0.6343402862548828,1.9757059812545776,0.29649171233177185,2.4817709922790527,1.2294448614120483,-0.33430933952331543,0.6041514277458191,1.6807020902633667
148,0.9804878830909729,0.39973965287208557,-0.036399200558662415,1.0121681690216064,-0.3113787770271301,-0.3454606533050537,-0.04591056704521179,1.1289715766906738,0.7831946611404419,0.19316385686397552,-0.30678924918174744,-0.31077438592910767,-0.29390037059783936,0.01112702488899231,-0.07562271505594254,0.7863733768463135,0.8202952146530151,0.12197068333625793,2.0236120223999023,0.8170300722122192,2.3038530349731445,0.6473507881164551,-0.3024185299873352,0.2083180844783783,1.6784659624099731
149,0.917164146900177,0.5197229981422424,-0.2674728333950043,1.4714821577072144,-0.10705414414405823,-0.18774612247943878,0.3249971270561218,0.9364359974861145,0.8506659269332886,0.3179679811000824,-0.6748520135879517,0.12522703409194946,-0.08657140284776688,-0.291012704372406,-0.34152695536613464,0.9922143220901489,1.0163586139678955,-0.4084330201148987,2.4844212532043457,0.8689934611320496,2.9021687507629395,1.0647655725479126,-0.3405115604400635,-0.3021341562271118,1.4020946025848389
150,0.9807706475257874,0.9034966826438904,-0.29815441370010376,1.4140515327453613,0.08161881566047668,-0.0036164522171020508,0.2666063606739044,0.6774957776069641,0.5457895994186401,0.5408520102500916,-0.5753892660140991,0.16386649012565613,-0.07744984328746796,-0.5236794948577881,-0.14334821701049805,0.9251649379730225,0.9033254384994507,-0.44341331720352173,2.4985592365264893,0.7670756578445435,2.9231927394866943,1.30629563331604,-0.33133748173713684,-0.3401738405227661,1.1810150146484375
151,0.9793804287910461,0.6284894347190857,0.07136908173561096,0.7164361476898193,-0.2586600184440613,-0.28726518154144287,-0.24820172786712646,1.0153130292892456,0.46828973293304443,0.30208414793014526,-0.02263641357421875,-0.47917795181274414,-0.394779771566391,-0.05867171287536621,0.27247899770736694,0.6251050233840942,0.6208739280700684,0.6453119516372681,1.907723069190979,0.33617645502090454,2.3081836700439453,0.9376732110977173,-0.40310269594192505,0.6894190907478333,1.7566320896148682
152,0.8543962240219116,0.3176928162574768,0.04707414656877518,0.9235236048698425,-0.3860243260860443,-0.3906190097332001,-0.027916669845581055,1.192628026008606,0.7447102069854736,0.15432146191596985,-0.2648985981941223,-0.34763801097869873,-0.3381991386413574,0.08492803573608398,-0.021273598074913025,0.7282068729400635,0.7874686121940613,0.13903415203094482,1.8858660459518433,1.0056617259979248,2.0346336364746094,0.36910107731819153,-0.2536623179912567,0.2198895514011383,1.7432632446289062
153,0.9665077924728394,0.8091987371444702,0.1239263117313385,0.5916268229484558,-0.20275424420833588,-0.21003970503807068,-0.29318949580192566,0.9057616591453552,0.24254260957241058,0.4103728234767914,0.0904054045677185,-0.5048254132270813,-0.43189239501953125,-0.13728971779346466,0.4513247609138489,0.5292253494262695,0.5145662426948547,0.7921022176742554,1.8837839365005493,0.13474461436271667,2.34047794342041,1.1571956872940063,-0.436576783657074,0.8094099760055542,1.679719090461731
154,0.9913836121559143,-0.11469689011573792,0.9001442790031433,-0.5737993121147156,-1.0218355655670166,-0.8751300573348999,-0.8630247116088867,1.7458120584487915,0.23684343695640564,-0.2039623260498047,0.8927699327468872,-1.4913610219955444,-0.9975877404212952,0.8570804595947266,1.0568761825561523,0.006212271749973297,0.11995900422334671,2.345743417739868,0.6970689296722412,0.20486432313919067,0.722599983215332,-0.31744155287742615,-0.40462327003479004,2.274132251739502,2.6913952827453613
155,0.9129233956336975,1.2917935848236084,-0.5456274747848511,1.8525582551956177,0.38942259550094604,0.29261210560798645,0.6023082137107849,0.3211022913455963,0.42735958099365234,0.8283603191375732,-0.9151531457901001,0.6225728988647461,0.13605055212974548,-0.9245902299880981,-0.34474653005599976,1.0710138082504272,1.0323681831359863,-1.166549801826477,2.9632678031921387,0.795826256275177,3.542945384979248,1.8619751930236816,-0.2754002809524536,-1.0183353424072266,0.6840831637382507
156,0.960846483707428,0.8619946241378784,0.018809176981449127,0.9184455871582031,-0.07845775038003922,-0.08650532364845276,0.13510990142822266,0.7616573572158813,0.18479087948799133,0.517158031463623,-0.21296848356723785,-0.08733421564102173,-0.28483620285987854,-0.38189512491226196,0.3047076463699341,0.6356115937232971,0.6461542844772339,0.25463515520095825,2.1551527976989746,0.23915186524391174,2.6885759830474854,1.4103724956512451,-0.3724992871284485,0.2947418689727783,1.2843892574310303
157,0.8658638000488281,1.1054959297180176,-0.2633703052997589,1.3906333446502686,0.1651480495929718,0.12188628315925598,0.381448358297348,0.5221875309944153,0.2816411554813385,0.6940399408340454,-0.5722477436065674,0.282547265291214,-0.07124697417020798,-0.663794755935669,-0.020181849598884583,0.8451765179634094,0.8348714113235474,-0.43383604288101196,2.5761451721191406,0.4972524344921112,3.11043643951416,1.6358637809753418,-0.34391844272613525,-0.3263770341873169,0.9330159425735474
158,0.8960110545158386,0.20735511183738708,0.6229273080825806,-0.24563124775886536,-0.7663074135780334,-0.6821067333221436,-0.8709044456481934,1.5030304193496704,0.3292301297187805,-0.029700689017772675,0.7034227252006531,-1.3211287260055542,-0.838201642036438,0.6121379137039185,0.8349220752716064,0.1826401948928833,0.2333560436964035,1.9540719985961914,0.9371260404586792,0.16424903273582458,1.0662622451782227,0.03472930192947388,-0.4422224462032318,1.9121439456939697,2.444105863571167
159,0.9497289061546326,0.1451614499092102,0.6384520530700684,-0.09725478291511536,-0.7729799747467041,-0.644785463809967,-0.5437594652175903,1.4827008247375488,0.268657922744751,-0.00010401010513305664,0.5135300755500793,-1.0660566091537476,-0.7804738283157349,0.5466270446777344,0.7542062997817993,0.195163756608963,0.30084264278411865,1.5833964347839355,1.0415587425231934,0.23214933276176453,1.1550229787826538,0.005198188126087189,-0.4320073127746582,1.5989688634872437,2.104926586151123
160,0.9859104156494141,0.20618321001529694,0.8876787424087524,-0.647599458694458,-0.8551622033119202,-0.7252068519592285,-0.902820348739624,1.5197737216949463,-0.05710946023464203,-0.017210111021995544,1.0044786930084229,-1.4535878896713257,-0.9963550567626953,0.630113422870636,1.279497504234314,-0.05747184157371521,0.00931376963853836,2.344447374343872,0.6835149526596069,-0.03091169148683548,0.7524553537368774,-0.06334927678108215,-0.4758968949317932,2.2759525775909424,2.420936346054077
161,0.9485552906990051,0.80348801612854,0.1320836842060089,0.7416087985038757,-0.15673291683197021,-0.1415967494249344,0.07341751456260681,0.8245501518249512,0.10055123269557953,0.4784846901893616,-0.0842994898557663,-0.1976684033870697,-0.36243578791618347,-0.30055373907089233,0.4442397356033325,0.5425228476524353,0.5654891133308411,0.5544097423553467,2.056971788406372,0.004357852041721344,2.6885743141174316,1.5087116956710815,-0.3463352918624878,0.5739114284515381,1.4105279445648193
162,0.9728931784629822,0.8160018920898438,0.03334103524684906,0.730504035949707,-0.15112848579883575,-0.1901487112045288,-0.24926821887493134,0.8788621425628662,0.33831384778022766,0.4137946665287018,-0.00583377480506897,-0.426738440990448,-0.3718033730983734,-0.195214182138443,0.34192800521850586,0.6159085631370544,0.586594820022583,0.6343402862548828,1.9757059812545776,0.29649171233177185,2.4817709922790527,1.2294448614120483,-0.33430933952331543,0.6041514277458191,1.6807020902633667
163,0.9804878830909729,0.39973965287208557,-0.036399200558662415,1.0121681690216064,-0.3113787770271301,-0.3454606533050537,-0.04591056704521179,1.1289715766906738,0.7831946611404419,0.19316385686397552,-0.30678924918174744,-0.31077438592910767,-0.29390037059783936,0.01112702488899231,-0.07562271505594254,0.7863733768463135,0.8202952146530151,0.12197068333625793,2.0236120223999023,0.8170300722122192,2.3038530349731445,0.6473507881164551,-0.3024185299873352,0.2083180844783783,1.6784659624099731
164,0.917164146900177,0.5197229981422424,-0.2674728333950043,1.4714821577072144,-0.10705414414405823,-0.18774612247943878,0.3249971270561218,0.9364359974861145,0.8506659269332886,0.3179679811000824,-0.6748520135879517,0.12522703409194946,-0.08657140284776688,-0.291012704372406,-0.34152695536613464,0.9922143220901489,1.0163586139678955,-0.4084330201148987,2.4844212532043457,0.8689934611320496,2.9021687507629395,1.0647655725479126,-0.3405115604400635,-0.3021341562271118,1.4020946025848389
165,0.9807706475257874,0.9034966826438904,-0.29815441370010376,1.4140515327453613,0.08161881566047668,-0.0036164522171020508,0.2666063606739044,0.6774957776069641,0.5457895994186401,0.5408520102500916,-0.5753892660140991,0.16386649012565613,-0.07744984328746796,-0.5236794948577881,-0.14334821701049805,0.9251649379730225,0.9033254384994507,-0.44341331720352173,2.4985592365264893,0.7670756578445435,2.9231927394866943,1.30629563331604,-0.33133748173713684,-0.3401738405227661,1.1810150146484375
166,0.9793804287910461,0.6284894347190857,0.07136908173561096,0.7164361476898193,-0.2586600184440613,-0.28726518154144287,-0.24820172786712646,1.0153130292892456,0.46828973293304443,0.30208414793014526,-0.02263641357421875,-0.47917795181274414,-0.394779771566391,-0.05867171287536621,0.27247899770736694,0.6251050233840942,0.6208739280700684,0.6453119516372681,1.907723069190979,0.33617645502090454,2.3081836700439453,0.9376732110977173,-0.40310269594192505,0.6894190907478333,1.7566320896148682
167,0.8543962240219116,0.3176928162574768,0.04707414656877518,0.9235236048698425,-0.3860243260860443,-0.3906190097332001,-0.027916669845581055,1.192628026008606,0.7447102069854736,0.15432146191596985,-0.2648985981941223,-0.34763801097869873,-0.3381991386413574,0.08492803573608398,-0.021273598074913025,0.7282068729400635,0.7874686121940613,0.13903415203094482,1.8858660459518433,1.0056617259979248,2.0346336364746094,0.36910107731819153,-0.2536623179912567,0.2198895514011383,1.7432632446289062
168,0.9665077924728394,0.8091987371444702,0.1239263117313385,0.5916268229484558,-0.20275424420833588,-0.21003970503807068,-0.29318949580192566,0.9057616591453552,0.24254260957241058,0.4103728234767914,0.0904054045677185,-0.5048254132270813,-0.43189239501953125,-0.13728971779346466,0.4513247609138489,0.5292253494262695,0.5145662426948547,0.7921022176742554,1.8837839365005493,0.13474461436271667,2.34047794342041,1.1571956872940063,-0.436576783657074,0.8094099760055542,1.679719090461731
169,0.9913836121559143,-0.11469689011573792,0.9001442790031433,-0.5737993121147156,-1.0218355655670166,-0.8751300573348999,-0.8630247116088867,1.7458120584487915,0.23684343695640564,-0.2039623260498047,0.8927699327468872,-1.4913610219955444,-0.9975877404212952,0.8570804595947266,1.0568761825561523,0.006212271749973297,0.11995900422334671,2.345743417739868,0.6970689296722412,0.20486432313919067,0.722599983215332,-0.31744155287742615,-0.40462327003479004,2.274132251739502,2.6913952827453613
170,0.9129233956336975,1.2917935848236084,-0.5456274747848511,1.8525582551956177,0.38942259550094604,0.29261210560798645,0.6023082137107849,0.3211022913455963,0.42735958099365234,0.8283603191375732,-0.9151531457901001,0.6225728988647461,0.13605055212974548,-0.9245902299880981,-0.34474653005599976,1.0710138082504272,1.0323681831359863,-1.166549801826477,2.9632678031921387,0.795826256275177,3.542945384979248,1.8619751930236816,-0.2754002809524536,-1.0183353424072266,0.6840831637382507
171,0.960846483707428,0.8619946241378784,0.018809176981449127,0.9184455871582031,-0.07845775038003922,-0.08650532364845276,0.13510990142822266,0.7616573572158813,0.18479087948799133,0.517158031463623,-0.21296848356723785,-0.08733421564102173,-0.28483620285987854,-0.38189512491226196,0.3047076463699341,0.6356115937232971,0.6461542844772339,0.25463515520095825,2.1551527976989746,0.23915186524391174,2.6885759830474854,1.4103724956512451,-0.3724992871284485,0.2947418689727783,1.2843892574310303
172,0.8658638000488281,1.1054959297180176,-0.2633703052997589,1.3906333446502686,0.1651480495929718,0.12188628315925598,0.381448358297348,0.5221875309944153,0.2816411554813385,0.6940399408340454,-0.5722477436065674,0.282547265291214,-0.07124697417020798,-0.663794755935669,-0.020181849598884583,0.8451765179634094,0.8348714113235474,-0.43383604288101196,2.5761451721191406,0.4972524344921112,3.11043643951416,1.6358637809753418,-0.34391844272613525,-0.3263770341873169,0.9330159425735474
173,0.8960110545158386,0.20735511183738708,0.6229273080825806,-0.24563124775886536,-0.7663074135780334,-0.6821067333221436,-0.8709044456481934,1.5030304193496704,0.3292301297187805,-0.029700689017772675,0.7034227252006531,-1.3211287260055542,-0.838201642036438,0.6121379137039185,0.8349220752716064,0.1826401948928833,0.2333560436964035,1.9540719985961914,0.9371260404586792,0.16424903273582458,1.0662622451782227,0.03472930192947388,-0.4422224462032318,1.9121439456939697,2.444105863571167
174,0.9497289061546326,0.1451614499092102,0.6384520530700684,-0.09725478291511536,-0.7729799747467041,-0.644785463809967,-0.5437594652175903,1.4827008247375488,0.268657922744751,-0.00010401010513305664,0.5135300755500793,-1.0660566091537476,-0.7804738283157349,0.5466270446777344,0.7542062997817993,0.195163756608963,0.30084264278411865,1.5833964347839355,1.0415587425231934,0.23214933276176453,1.1550229787826538,0.005198188126087189,-0.4320073127746582,1.5989688634872437,2.104926586151123
175,0.9859104156494141,0.20618321001529694,0.8876787424087524,-0.647599458694458,-0.8551622033119202,-0.7252068519592285,-0.902820348739624,1.5197737216949463,-0.05710946023464203,-0.017210111021995544,1.0044786930084229,-1.4535878896713257,-0.9963550567626953,0.630113422870636,1.279497504234314,-0.05747184157371521,0.00931376963853836,2.344447374343872,0.6835149526596069,-0.03091169148683548,0.7524553537368774,-0.06334927678108215,-0.4758968949317932,2.2759525775909424,2.420936346054077
176,0.9485552906990051,0.80348801612854,0.1320836842060089,0.7416087985038757,-0.15673291683197021,-0.1415967494249344,0.07341751456260681,0.8245501518249512,0.10055123269557953,0.4784846901893616,-0.0842994898557663,-0.1976684033870697,-0.36243578791618347,-0.30055373907089233,0.4442397356033325,0.5425228476524353,0.5654891133308411,0.5544097423553467,2.056971788406372,0.004357852041721344,2.6885743141174316,1.5087116956710815,-0.3463352918624878,0.5739114284515381,1.4105279445648193
177,0.9728931784629822,0.8160018920898438,0.03334103524684906,0.730504035949707,-0.15112848579883575,-0.1901487112045288,-0.24926821887493134,0.8788621425628662,0.33831384778022766,0.4137946665287018,-0.00583377480506897,-0.426738440990448,-0.3718033730983734,-0.195214182138443,0.34192800521850586,0.6159085631370544,0.586594820022583,0.6343402862548828,1.9757059812545776,0.29649171233177185,2.4817709922790527,1.2294448614120483,-0.33430933952331543,0.6041514277458191,1.6807020902633667
178,0.9804878830909729,0.39973965287208557,-0.036399200558662415,1.0121681690216064,-0.3113787770271301,-0.3454606533050537,-0.04591056704521179,1.1289715766906738,0.7831946611404419,0.19316385686397552,-0.30678924918174744,-0.31077438592910767,-0.29390037059783936,0.01112702488899231,-0.07562271505594254,0.7863733768463135,0.8202952146530151,0.12197068333625793,2.0236120223999023,0.8170300722122192,2.3038530349731445,0.6473507881164551,-0.3024185299873352,0.2083180844783783,1.6784659624099731
179,0.917164146900177,0.5197229981422424,-0.2674728333950043,1.4714821577072144,-0.10705414414405823,-0.18774612247943878,0.3249971270561218,0.9364359974861145,0.8506659269332886,0.3179679811000824,-0.6748520135879517,0.12522703409194946,-0.08657140284776688,-0.291012704372406,-0.34152695536613464,0.9922143220901489,1.0163586139678955,-0.4084330201148987,2.4844212532043457,0.8689934611320496,2.9021687507629395,1.0647655725479126,-0.3405115604400635,-0.3021341562271118,1.4020946025848389
180,0.9807706475257874,0.9034966826438904,-0.29815441370010376,1.4140515327453613,0.08161881566047668,-0.0036164522171020508,0.2666063606739044,0.6774957776069641,0.5457895994186401,0.5408520102500916,-0.5753892660140991,0.16386649012565613,-0.07744984328746796,-0.5236794948577881,-0.14334821701049805,0.9251649379730225,0.9033254384994507,-0.44341331720352173,2.4985592365264893,0.7670756578445435,2.9231927394866943,1.30629563331604,-0.33133748173713684,-0.3401738405227661,1.1810150146484375
181,0.9793804287910461,0.6284894347190857,0.07136908173561096,0.7164361476898193,-0.2586600184440613,-0.28726518154144287,-0.24820172786712646,1.0153130292892456,0.46828973293304443,0.30208414793014526,-0.02263641357421875,-0.47917795181274414,-0.394779771566391,-0.05867171287536621,0.27247899770736694,0.6251050233840942,0.6208739280700684,0.6453119516372681,1.907723069190979,0.33617645502090454,2.3081836700439453,0.9376732110977173,-0.40310269594192505,0.6894190907478333,1.7566320896148682
182,0.8543962240219116,0.3176928162574768,0.04707414656877518,0.9235236048698425,-0.3860243260860443,-0.3906190097332001,-0.027916669845581055,1.192628026008606,0.7447102069854736,0.15432146191596985,-0.2648985981941223,-0.34763801097869873,-0.3381991386413574,0.08492803573608398,-0.021273598074913025,0.7282068729400635,0.7874686121940613,0.13903415203094482,1.8858660459518433,1.0056617259979248,2.0346336364746094,0.36910107731819153,-0.2536623179912567,0.2198895514011383,1.7432632446289062
183,0.9665077924728394,0.8091987371444702,0.1239263117313385,0.5916268229484558,-0.20275424420833588,-0.21003970503807068,-0.29318949580192566,0.9057616591453552,0.24254260957241058,0.4103728234767914,0.0904054045677185,-0.5048254132270813,-0.43189239501953125,-0.13728971779346466,0.4513247609138489,0.5292253494262695,0.5145662426948547,0.7921022176742554,1.8837839365005493,0.13474461436271667,2.34047794342041,1.1571956872940063,-0.436576783657074,0.8094099760055542,1.679719090461731
184,0.9913836121559143,-0.11469689011573792,0.9001442790031433,-0.5737993121147156,-1.0218355655670166,-0.8751300573348999,-0.8630247116088867,1.7458120584487915,0.23684343695640564,-0.2039623260498047,0.8927699327468872,-1.4913610219955444,-0.9975877404212952,0.8570804595947266,1.0568761825561523,0.006212271749973297,0.11995900422334671,2.345743417739868,0.6970689296722412,0.20486432313919067,0.722599983215332,-0.31744155287742615,-0.40462327003479004,2.274132251739502,2.6913952827453613
185,0.9129233956336975,1.2917935848236084,-0.5456274747848511,1.8525582551956177,0.38942259550094604,0.29261210560798645,0.6023082137107849,0.3211022913455963,0.42735958099365234,0.8283603191375732,-0.9151531457901001,0.6225728988647461,0.13605055212974548,-0.9245902299880981,-0.34474653005599976,1.0710138082504272,1.0323681831359863,-1.166549801826477,2.9632678031921387,0.795826256275177,3.542945384979248,1.8619751930236816,-0.2754002809524536,-1.0183353424072266,0.6840831637382507
186,0.960846483707428,0.8619946241378784,0.018809176981449127,0.9184455871582031,-0.07845775038003922,-0.08650532364845276,0.13510990142822266,0.7616573572158813,0.18479087948799133,0.517158031463623,-0.21296848356723785,-0.08733421564102173,-0.28483620285987854,-0.38189512491226196,0.3047076463699341,0.6356115937232971,0.6461542844772339,0.25463515520095825,2.1551527976989746,0.23915186524391174,2.6885759830474854,1.4103724956512451,-0.3724992871284485,0.2947418689727783,1.2843892574310303
187,0.8658638000488281,1.1054959297180176,-0.2633703052997589,1.3906333446502686,0.1651480495929718,0.12188628315925598,0.381448358297348,0.5221875309944153,0.2816411554813385,0.6940399408340454,-0.5722477436065674,0.282547265291214,-0.07124697417020798,-0.663794755935669,-0.020181849598884583,0.8451765179634094,0.8348714113235474,-0.43383604288101196,2.5761451721191406,0.4972524344921112,3.11043643951416,1.6358637809753418,-0.34391844272613525,-0.3263770341873169,0.9330159425735474
188,0.8960110545158386,0.20735511183738708,0.6229273080825806,-0.24563124775886536,-0.7663074135780334,-0.6821067333221436,-0.8709044456481934,1.5030304193496704,0.3292301297187805,-0.029700689017772675,0.7034227252006531,-1.3211287260055542,-0.838201642036438,0.6121379137039185,0.8349220752716064,0.1826401948928833,0.2333560436964035,1.9540719985961914,0.9371260404586792,0.16424903273582458,1.0662622451782227,0.03472930192947388,-0.4422224462032318,1.9121439456939697,2.444105863571167
189,0.9497289061546326,0.1451614499092102,0.6384520530700684,-0.09725478291511536,-0.7729799747467041,-0.644785463809967,-0.5437594652175903,1.4827008247375488,0.268657922744751,-0.00010401010513305664,0.5135300755500793,-1.0660566091537476,-0.7804738283157349,0.5466270446777344,0.7542062997817993,0.195163756608963,0.30084264278411865,1.5833964347839355,1.0415587425231934,0.23214933276176453,1.1550229787826538,0.005198188126087189,-0.4320073127746582,1.5989688634872437,2.104926586151123
190,0.9859104156494141,0.20618321001529694,0.8876787424087524,-0.647599458694458,-0.8551622033119202,-0.7252068519592285,-0.902820348739624,1.5197737216949463,-0.05710946023464203,-0.017210111021995544,1.0044786930084229,-1.4535878896713257,-0.9963550567626953,0.630113422870636,1.279497504234314,-0.05747184157371521,0.00931376963853836,2.344447374343872,0.6835149526596069,-0.03091169148683548,0.7524553537368774,-0.06334927678108215,-0.4758968949317932,2.2759525775909424,2.420936346054077
191,0.9485552906990051,0.80348801612854,0.1320836842060089,0.7416087985038757,-0.15673291683197021,-0.1415967494249344,0.07341751456260681,0.8245501518249512,0.10055123269557953,0.4784846901893616,-0.0842994898557663,-0.1976684033870697,-0.36243578791618347,-0.30055373907089233,0.4442397356033325,0.5425228476524353,0.5654891133308411,0.5544097423553467,2.056971788406372,0.004357852041721344,2.6885743141174316,1.5087116956710815,-0.3463352918624878,0.5739114284515381,1.4105279445648193
192,0.9728931784629822,0.8160018920898438,0.03334103524684906,0.730504035949707,-0.15112848579883575,-0.1901487112045288,-0.24926821887493134,0.8788621425628662,0.33831384778022766,0.4137946665287018,-0.00583377480506897,-0.426738440990448,-0.3718033730983734,-0.195214182138443,0.34192800521850586,0.6159085631370544,0.586594820022583,0.6343402862548828,1.9757059812545776,0.29649171233177185,2.4817709922790527,1.2294448614120483,-0.33430933952331543,0.6041514277458191,1.6807020902633667
193,0.9804878830909729,0.39973965287208557,-0.036399200558662415,1.0121681690216064,-0.3113787770271301,-0.3454606533050537,-0.04591056704521179,1.1289715766906738,0.7831946611404419,0.19316385686397552,-0.30678924918174744,-0.31077438592910767,-0.29390037059783936,0.01112702488899231,-0.07562271505594254,0.7863733768463135,0.8202952146530151,0.12197068333625793,2.0236120223999023,0.8170300722122192,2.3038530349731445,0.6473507881164551,-0.3024185299873352,0.2083180844783783,1.6784659624099731
194,0.917164146900177,0.5197229981422424,-0.2674728333950043,1.4714821577072144,-0.10705414414405823,-0.18774612247943878,0.3249971270561218,0.9364359974861145,0.8506659269332886,0.3179679811000824,-0.6748520135879517,0.12522703409194946,-0.08657140284776688,-0.291012704372406,-0.34152695536613464,0.9922143220901489,1.0163586139678955,-0.4084330201148987,2.4844212532043457,0.8689934611320496,2.9021687507629395,1.0647655725479126,-0.3405115604400635,-0.3021341562271118,1.4020946025848389
195,0.9807706475257874,0.9034966826438904,-0.29815441370010376,1.4140515327453613,0.08161881566047668,-0.0036164522171020508,0.2666063606739044,0.6774957776069641,0.5457895994186401,0.5408520102500916,-0.5753892660140991,0.16386649012565613,-0.07744984328746796,-0.5236794948577881,-0.14334821701049805,0.9251649379730225,0.9033254384994507,-0.44341331720352173,2.4985592365264893,0.7670756578445435,2.9231927394866943,1.30629563331604,-0.33133748173713684,-0.3401738405227661,1.1810150146484375
196,0.9793804287910461,0.6284894347190857,0.07136908173561096,0.7164361476898193,-0.2586600184440613,-0.28726518154144287,-0.24820172786712646,1.0153130292892456,0.46828973293304443,0.30208414793014526,-0.02263641357421875,-0.47917795181274414,-0.394779771566391,-0.05867171287536621,0.27247899770736694,0.6251050233840942,0.6208739280700684,0.6453119516372681,1.907723069190979,0.33617645502090454,2.3081836700439453,0.9376732110977173,-0.40310269594192505,0.6894190907478333,1.7566320896148682
197,0.8543962240219116,0.3176928162574768,0.04707414656877518,0.9235236048698425,-0.3860243260860443,-0.3906190097332001,-0.027916669845581055,1.192628026008606,0.7447102069854736,0.15432146191596985,-0.2648985981941223,-0.34763801097869873,-0.3381991386413574,0.08492803573608398,-0.021273598074913025,0.7282068729400635,0.7874686121940613,0.13903415203094482,1.8858660459518433,1.0056617259979248,2.0346336364746094,0.36910107731819153,-0.2536623179912567,0.2198895514011383,1.7432632446289062
198,0.9665077924728394,0.8091987371444702,0.1239263117313385,0.5916268229484558,-0.20275424420833588,-0.21003970503807068,-0.29318949580192566,0.9057616591453552,0.24254260957241058,0.4103728234767914,0.0904054045677185,-0.5048254132270813,-0.43189239501953125,-0.13728971779346466,0.4513247609138489,0.5292253494262695,0.5145662426948547,0.7921022176742554,1.8837839365005493,0.13474461436271667,2.34047794342041,1.1571956872940063,-0.436576783657074,0.8094099760055542,1.679719090461731
199,0.9913836121559143,-0.11469689011573792,0.9001442790031433,-0.5737993121147156,-1.0218355655670166,-0.8751300573348999,-0.8630247116088867,1.7458120584487915,0.23684343695640564,-0.2039623260498047,0.8927699327468872,-1.4913610219955444,-0.9975877404212952,0.8570804595947266,1.0568761825561523,0.006212271749973297,0.11995900422334671,2.345743417739868,0.6970689296722412,0.20486432313919067,0.722599983215332,-0.31744155287742615,-0.40462327003479004,2.274132251739502,2.6913952827453613
200,0.9129233956336975,1.2917935848236084,-0.5456274747848511,1.8525582551956177,0.38942259550094604,0.29261210560798645,0.6023082137107849,0.3211022913455963,0.42735958099365234,0.8283603191375732,-0.9151531457901001,0.6225728988647461,0.13605055212974548,-0.9245902299880981,-0.34474653005599976,1.0710138082504272,1.0323681831359863,-1.166549801826477,2.9632678031921387,0.795826256275177,3.542945384979248,1.8619751930236816,-0.2754002809524536,-1.0183353424072266,0.6840831637382507
201,0.960846483707428,0.8619946241378784,0.018809176981449127,0.9184455871582031,-0.07845775038003922,-0.08650532364845276,0.13510990142822266,0.7616573572158813,0.18479087948799133,0.517158031463623,-0.21296848356723785,-0.08733421564102173,-0.28483620285987854,-0.38189512491226196,0.3047076463699341,0.6356115937232971,0.6461542844772339,0.25463515520095825,2.1551527976989746,0.23915186524391174,2.6885759830474854,1.4103724956512451,-0.3724992871284485,0.2947418689727783,1.2843892574310303
202,0.8658638000488281,1.1054959297180176,-0.2633703052997589,1.3906333446502686,0.1651480495929718,0.12188628315925598,0.381448358297348,0.5221875309944153,0.2816411554813385,0.6940399408340454,-0.5722477436065674,0.282547265291214,-0.07124697417020798,-0.663794755935669,-0.020181849598884583,0.8451765179634094,0.8348714113235474,-0.43383604288101196,2.5761451721191406,0.4972524344921112,3.11043643951416,1.6358637809753418,-0.34391844272613525,-0.3263770341873169,0.9330159425735474
203,0.8960110545158386,0.20735511183738708,0.6229273080825806,-0.24563124775886536,-0.7663074135780334,-0.6821067333221436,-0.8709044456481934,1.5030304193496704,0.3292301297187805,-0.029700689017772675,0.7034227252006531,-1.3211287260055542,-0.838201642036438,0.6121379137039185,0.8349220752716064,0.1826401948928833,0.2333560436964035,1.9540719985961914,0.9371260404586792,0.16424903273582458,1.0662622451782227,0.03472930192947388,-0.4422224462032318,1.9121439456939697,2.444105863571167
204,0.9497289061546326,0.1451614499092102,0.6384520530700684,-0.09725478291511536,-0.7729799747467041,-0.644785463809967,-0.5437594652175903,1.4827008247375488,0.268657922744751,-0.00010401010513305664,0.5135300755500793,-1.0660566091537476,-0.7804738283157349,0.5466270446777344,0.7542062997817993,0.195163756608963,0.30084264278411865,1.5833964347839355,1.0415587425231934,0.23214933276176453,1.1550229787826538,0.005198188126087189,-0.4320073127746582,1.5989688634872437,2.104926586151123
205,0.9859104156494141,0.20618321001529694,0.8876787424087524,-0.647599458694458,-0.8551622033119202,-0.7252068519592285,-0.902820348739624,1.5197737216949463,-0.05710946023464203,-0.017210111021995544,1.0044786930084229,-1.4535878896713257,-0.9963550567626953,0.630113422870636,1.279497504234314,-0.05747184157371521,0.00931376963853836,2.344447374343872,0.6835149526596069,-0.03091169148683548,0.7524553537368774,-0.06334927678108215,-0.4758968949317932,2.2759525775909424,2.420936346054077
206,0.9485552906990051,0.80348801612854,0.1320836842060089,0.7416087985038757,-0.15673291683197021,-0.1415967494249344,0.07341751456260681,0.8245501518249512,0.10055123269557953,0.4784846901893616,-0.0842994898557663,-0.1976684033870697,-0.36243578791618347,-0.30055373907089233,0.4442397356033325,0.5425228476524353,0.5654891133308411,0.5544097423553467,2.056971788406372,0.004357852041721344,2.6885743141174316,1.5087116956710815,-0.3463352918624878,0.5739114284515381,1.4105279445648193
207,0.9728931784629822,0.8160018920898438,0.03334103524684906,0.730504035949707,-0.15112848579883575,-0.1901487112045288,-0.24926821887493134,0.8788621425628662,0.33831384778022766,0.4137946665287018,-0.00583377480506897,-0.426738440990448,-0.3718033730983734,-0.195214182138443,0.34192800521850586,0.6159085631370544,0.586594820022583,0.6343402862548828,1.9757059812545776,0.29649171233177185,2.4817709922790527,1.2294448614120483,-0.33430933952331543,0.6041514277458191,1.6807020902633667
208,0.9804878830909729,0.39973965287208557,-0.036399200558662415,1.0121681690216064,-0.3113787770271301,-0.3454606533050537,-0.04591056704521179,1.1289715766906738,0.7831946611404419,0.19316385686397552,-0.30678924918174744,-0.31077438592910767,-0.29390037059783936,0.01112702488899231,-0.07562271505594254,0.7863733768463135,0.8202952146530151,0.12197068333625793,2.0236120223999023,0.8170300722122192,2.3038530349731445,0.6473507881164551,-0.3024185299873352,0.2083180844783783,1.6784659624099731
209,0.917164146900177,0.5197229981422424,-0.2674728333950043,1.4714821577072144,-0.10705414414405823,-0.18774612247943878,0.3249971270561218,0.9364359974861145,0.8506659269332886,0.3179679811000824,-0.6748520135879517,0.12522703409194946,-0.08657140284776688,-0.291012704372406,-0.34152695536613464,0.9922143220901489,1.0163586139678955,-0.4084330201148987,2.4844212532043457,0.8689934611320496,2.9021687507629395,1.0647655725479126,-0.3405115604400635,-0.3021341562271118,1.4020946025848389
210,0.9807706475257874,0.9034966826438904,-0.29815441370010376,1.4140515327453613,0.08161881566047668,-0.0036164522171020508,0.2666063606739044,0.6774957776069641,0.5457895994186401,0.5408520102500916,-0.5753892660140991,0.16386649012565613,-0.07744984328746796,-0.5236794948577881,-0.14334821701049805,0.9251649379730225,0.9033254384994507,-0.44341331720352173,2.4985592365264893,0.7670756578445435,2.9231927394866943,1.30629563331604,-0.33133748173713684,-0.3401738405227661,1.1810150146484375
211,0.9793804287910461,0.6284894347190857,0.07136908173561096,0.7164361476898193,-0.2586600184440613,-0.28726518154144287,-0.24820172786712646,1.0153130292892456,0.46828973293304443,0.30208414793014526,-0.02263641357421875,-0.47917795181274414,-0.394779771566391,-0.05867171287536621,0.27247899770736694,0.6251050233840942,0.6208739280700684,0.6453119516372681,1.907723069190979,0.33617645502090454,2.3081836700439453,0.9376732110977173,-0.40310269594192505,0.6894190907478333,1.7566320896148682
212,0.8543962240219116,0.3176928162574768,0.04707414656877518,0.9235236048698425,-0.3860243260860443,-0.3906190097332001,-0.027916669845581055,1.192628026008606,0.7447102069854736,0.15432146191596985,-0.2648985981941223,-0.34763801097869873,-0.3381991386413574,0.08492803573608398,-0.021273598074913025,0.7282068729400635,0.7874686121940613,0.13903415203094482,1.8858660459518433,1.0056617259979248,2.0346336364746094,0.36910107731819153,-0.2536623179912567,0.2198895514011383,1.7432632446289062
213,0.9665077924728394,0.8091987371444702,0.1239263117313385,0.5916268229484558,-0.20275424420833588,-0.21003970503807068,-0.29318949580192566,0.9057616591453552,0.24254260957241058,0.4103728234767914,0.0904054045677185,-0.5048254132270813,-0.43189239501953125,-0.13728971779346466,0.4513247609138489,0.5292253494262695,0.5145662426948547,0.7921022176742554,1.8837839365005493,0.13474461436271667,2.34047794342041,1.1571956872940063,-0.436576783657074,0.8094099760055542,1.679719090461731
214,0.9913836121559143,-0.11469689011573792,0.9001442790031433,-0.5737993121147156,-1.0218355655670166,-0.8751300573348999,-0.8630247116088867,1.7458120584487915,0.23684343695640564,-0.2039623260498047,0.8927699327468872,-1.4913610219955444,-0.9975877404212952,0.8570804595947266,1.0568761825561523,0.006212271749973297,0.11995900422334671,2.345743417739868,0.6970689296722412,0.20486432313919067,0.722599983215332,-0.31744155287742615,-0.40462327003479004,2.274132251739502,2.6913952827453613
215,0.9129233956336975,1.2917935848236084,-0.5456274747848511,1.8525582551956177,0.38942259550094604,0.29261210560798645,0.6023082137107849,0.3211022913455963,0.42735958099365234,0.8283603191375732,-0.9151531457901001,0.6225728988647461,0.13605055212974548,-0.9245902299880981,-0.34474653005599976,1.0710138082504272,1.0323681831359863,-1.166549801826477,2.9632678031921387,0.795826256275177,3.542945384979248,1.8619751930236816,-0.2754002809524536,-1.0183353424072266,0.6840831637382507
216,0.960846483707428,0.8619946241378784,0.018809176981449127,0.9184455871582031,-0.07845775038003922,-0.08650532364845276,0.13510990142822266,0.7616573572158813,0.18479087948799133,0.517158031463623,-0.21296848356723785,-0.08733421564102173,-0.28483620285987854,-0.38189512491226196,0.3047076463699341,0.6356115937232971,0.6461542844772339,0.25463515520095825,2.1551527976989746,0.23915186524391174,2.6885759830474854,1.4103724956512451,-0.3724992871284485,0.2947418689727783,1.2843892574310303
217,0.8658638000488281,1.1054959297180176,-0.2633703052997589,1.3906333446502686,0.1651480495929718,0.12188628315925598,0.381448358297348,0.5221875309944153,0.2816411554813385,0.6940399408340454,-0.5722477436065674,0.282547265291214,-0.07124697417020798,-0.663794755935669,-0.020181849598884583,0.8451765179634094,0.8348714113235474,-0.43383604288101196,2.5761451721191406,0.4972524344921112,3.11043643951416,1.6358637809753418,-0.34391844272613525,-0.3263770341873169,0.9330159425735474
218,0.8960110545158386,0.20735511183738708,0.6229273080825806,-0.24563124775886536,-0.7663074135780334,-0.6821067333221436,-0.8709044456481934,1.5030304193496704,0.3292301297187805,-0.029700689017772675,0.7034227252006531,-1.3211287260055542,-0.838201642036438,0.6121379137039185,0.8349220752716064,0.1826401948928833,0.2333560436964035,1.9540719985961914,0.9371260404586792,0.16424903273582458,1.0662622451782227,0.03472930192947388,-0.4422224462032318,1.9121439456939697,2.444105863571167
219,0.9497289061546326,0.1451614499092102,0.6384520530700684,-0.09725478291511536,-0.7729799747467041,-0.644785463809967,-0.5437594652175903,1.4827008247375488,0.268657922744751,-0.00010401010513305664,0.5135300755500793,-1.0660566091537476,-0.7804738283157349,0.5466270446777344,0.7542062997817993,0.195163756608963,0.30084264278411865,1.5833964347839355,1.0415587425231934,0.23214933276176453,1.1550229787826538,0.005198188126087189,-0.4320073127746582,1.5989688634872437,2.104926586151123
220,0.9859104156494141,0.20618321001529694,0.8876787424087524,-0.647599458694458,-0.8551622033119202,-0.7252068519592285,-0.902820348739624,1.5197737216949463,-0.05710946023464203,-0.017210111021995544,1.0044786930084229,-1.4535878896713257,-0.9963550567626953,0.630113422870636,1.279497504234314,-0.05747184157371521,0.00931376963853836,2.344447374343872,0.6835149526596069,-0.03091169148683548,0.7524553537368774,-0.06334927678108215,-0.4758968949317932,2.2759525775909424,2.420936346054077
221,0.9485552906990051,0.80348801612854,0.1320836842060089,0.7416087985038757,-0.15673291683197021,-0.1415967494249344,0.07341751456260681,0.8245501518249512,0.10055123269557953,0.4784846901893616,-0.0842994898557663,-0.1976684033870697,-0.36243578791618347,-0.30055373907089233,0.4442397356033325,0.5425228476524353,0.5654891133308411,0.5544097423553467,2.056971788406372,0.004357852041721344,2.6885743141174316,1.5087116956710815,-0.3463352918624878,0.5739114284515381,1.4105279445648193
222,0.9728931784629822,0.8160018920898438,0.03334103524684906,0.730504035949707,-0.15112848579883575,-0.1901487112045288,-0.24926821887493134,0.8788621425628662,0.33831384778022766,0.4137946665287018,-0.00583377480506897,-0.426738440990448,-0.3718033730983734,-0.195214182138443,0.34192800521850586,0.6159085631370544,0.586594820022583,0.6343402862548828,1.9757059812545776,0.29649171233177185,2.4817709922790527,1.2294448614120483,-0.33430933952331543,0.6041514277458191,1.6807020902633667
223,0.9804878830909729,0.39973965287208557,-0.036399200558662415,1.0121681690216064,-0.3113787770271301,-0.3454606533050537,-0.04591056704521179,1.1289715766906738,0.7831946611404419,0.19316385686397552,-0.30678924918174744,-0.31077438592910767,-0.29390037059783936,0.01112702488899231,-0.07562271505594254,0.7863733768463135,0.8202952146530151,0.12197068333625793,2.0236120223999023,0.8170300722122192,2.3038530349731445,0.6473507881164551,-0.3024185299873352,0.2083180844783783,1.6784659624099731
224,0.917164146900177,0.5197229981422424,-0.2674728333950043,1.4714821577072144,-0.10705414414405823,-0.18774612247943878,0.3249971270561218,0.9364359974861145,0.8506659269332886,0.3179679811000824,-0.6748520135879517,0.12522703409194946,-0.08657140284776688,-0.291012704372406,-0.34152695536613464,0.9922143220901489,1.0163586139678955,-0.4084330201148987,2.4844212532043457,0.8689934611320496,2.9021687507629395,1.0647655725479126,-0.3405115604400635,-0.3021341562271118,1.4020946025848389
225,0.9807706475257874,0.9034966826438904,-0.29815441370010376,1.4140515327453613,0.08161881566047668,-0.0036164522171020508,0.2666063606739044,0.6774957776069641,0.5457895994186401,0.5408520102500916,-0.5753892660140991,0.16386649012565613,-0.07744984328746796,-0.5236794948577881,-0.14334821701049805,0.9251649379730225,0.9033254384994507,-0.44341331720352173,2.4985592365264893,0.7670756578445435,2.9231927394866943,1.30629563331604,-0.33133748173713684,-0.3401738405227661,1.1810150146484375
226,0.9793804287910461,0.6284894347190857,0.07136908173561096,0.7164361476898193,-0.2586600184440613,-0.28726518154144287,-0.24820172786712646,1.0153130292892456,0.46828973293304443,0.30208414793014526,-0.02263641357421875,-0.47917795181274414,-0.394779771566391,-0.05867171287536621,0.27247899770736694,0.6251050233840942,0.6208739280700684,0.6453119516372681,1.907723069190979,0.33617645502090454,2.3081836700439453,0.9376732110977173,-0.40310269594192505,0.6894190907478333,1.7566320896148682
227,0.8543962240219116,0.3176928162574768,0.04707414656877518,0.9235236048698425,-0.3860243260860443,-0.3906190097332001,-0.027916669845581055,1.192628026008606,0.7447102069854736,0.15432146191596985,-0.2648985981941223,-0.34763801097869873,-0.3381991386413574,0.08492803573608398,-0.021273598074913025,0.7282068729400635,0.7874686121940613,0.13903415203094482,1.8858660459518433,1.0056617259979248,2.0346336364746094,0.36910107731819153,-0.2536623179912567,0.2198895514011383,1.7432632446289062
228,0.9665077924728394,0.8091987371444702,0.1239263117313385,0.5916268229484558,-0.20275424420833588,-0.21003970503807068,-0.29318949580192566,0.9057616591453552,0.24254260957241058,0.4103728234767914,0.0904054045677185,-0.5048254132270813,-0.43189239501953125,-0.13728971779346466,0.4513247609138489,0.5292253494262695,0.5145662426948547,0.7921022176742554,1.8837839365005493,0.13474461436271667,2.34047794342041,1.1571956872940063,-0.436576783657074,0.8094099760055542,1.679719090461731
229,0.9913836121559143,-0.11469689011573792,0.9001442790031433,-0.5737993121147156,-1.0218355655670166,-0.8751300573348999,-0.8630247116088867,1.7458120584487915,0.23684343695640564,-0.2039623260498047,0.8927699327468872,-1.4913610219955444,-0.9975877404212952,0.8570804595947266,1.0568761825561523,0.006212271749973297,0.11995900422334671,2.345743417739868,0.6970689296722412,0.20486432313919067,0.722599983215332,-0.31744155287742615,-0.40462327003479004,2.274132251739502,2.6913952827453613
230,0.9129233956336975,1.2917935848236084,-0.5456274747848511,1.8525582551956177,0.38942259550094604,0.29261210560798645,0.6023082137107849,0.3211022913455963,0.42735958099365234,0.8283603191375732,-0.9151531457901001,0.6225728988647461,0.13605055212974548,-0.9245902299880981,-0.34474653005599976,1.0710138082504272,1.0323681831359863,-1.166549801826477,2.9632678031921387,0.795826256275177,3.542945384979248,1.8619751930236816,-0.2754002809524536,-1.0183353424072266,0.6840831637382507
231,0.960846483707428,0.8619946241378784,0.018809176981449127,0.9184455871582031,-0.07845775038003922,-0.08650532364845276,0.13510990142822266,0.7616573572158813,0.18479087948799133,0.517158031463623,-0.21296848356723785,-0.08733421564102173,-0.28483620285987854,-0.38189512491226196,0.3047076463699341,0.6356115937232971,0.6461542844772339,0.25463515520095825,2.1551527976989746,0.23915186524391174,2.6885759830474854,1.4103724956512451,-0.3724992871284485,0.2947418689727783,1.2843892574310303
232,0.8658638000488281,1.1054959297180176,-0.2633703052997589,1.3906333446502686,0.1651480495929718,0.12188628315925598,0.381448358297348,0.5221875309944153,0.2816411554813385,0.6940399408340454,-0.5722477436065674,0.282547265291214,-0.07124697417020798,-0.663794755935669,-0.020181849598884583,0.8451765179634094,0.8348714113235474,-0.43383604288101196,2.5761451721191406,0.4972524344921112,3.11043643951416,1.6358637809753418,-0.34391844272613525,-0.3263770341873169,0.9330159425735474
233,0.8960110545158386,0.20735511183738708,0.6229273080825806,-0.24563124775886536,-0.7663074135780334,-0.6821067333221436,-0.8709044456481934,1.5030304193496704,0.3292301297187805,-0.029700689017772675,0.7034227252006531,-1.3211287260055542,-0.838201642036438,0.6121379137039185,0.8349220752716064,0.1826401948928833,0.2333560436964035,1.9540719985961914,0.9371260404586792,0.16424903273582458,1.0662622451782227,0.03472930192947388,-0.4422224462032318,1.9121439456939697,2.444105863571167
234,0.9497289061546326,0.1451614499092102,0.6384520530700684,-0.09725478291511536,-0.7729799747467041,-0.644785463809967,-0.5437594652175903,1.4827008247375488,0.268657922744751,-0.00010401010513305664,0.5135300755500793,-1.0660566091537476,-0.7804738283157349,0.5466270446777344,0.7542062997817993,0.195163756608963,0.30084264278411865,1.5833964347839355,1.0415587425231934,0.23214933276176453,1.1550229787826538,0.005198188126087189,-0.4320073127746582,1.5989688634872437,2.104926586151123
235,0.9859104156494141,0.20618321001529694,0.8876787424087524,-0.647599458694458,-0.8551622033119202,-0.7252068519592285,-0.902820348739624,1.5197737216949463,-0.05710946023464203,-0.017210111021995544,1.0044786930084229,-1.4535878896713257,-0.9963550567626953,0.630113422870636,1.279497504234314,-0.05747184157371521,0.00931376963853836,2.344447374343872,0.6835149526596069,-0.03091169148683548,0.7524553537368774,-0.06334927678108215,-0.4758968949317932,2.2759525775909424,2.420936346054077
236,0.9485552906990051,0.80348801612854,0.1320836842060089,0.7416087985038757,-0.15673291683197021,-0.1415967494249344,0.07341751456260681,0.8245501518249512,0.10055123269557953,0.4784846901893616,-0.0842994898557663,-0.1976684033870697,-0.36243578791618347,-0.30055373907089233,0.4442397356033325,0.5425228476524353,0.5654891133308411,0.5544097423553467,2.056971788406372,0.004357852041721344,2.6885743141174316,1.5087116956710815,-0.3463352918624878,0.5739114284515381,1.4105279445648193
237,0.9728931784629822,0.8160018920898438,0.03334103524684906,0.730504035949707,-0.15112848579883575,-0.1901487112045288,-0.24926821887493134,0.8788621425628662,0.33831384778022766,0.4137946665287018,-0.00583377480506897,-0.426738440990448,-0.3718033730983734,-0.195214182138443,0.34192800521850586,0.6159085631370544,0.586594820022583,0.6343402862548828,1.9757059812545776,0.29649171233177185,2.4817709922790527,1.2294448614120483,-0.33430933952331543,0.6041514277458191,1.6807020902633667
238,0.9804878830909729,0.39973965287208557,-0.036399200558662415,1.0121681690216064,-0.3113787770271301,-0.3454606533050537,-0.04591056704521179,1.1289715766906738,0.7831946611404419,0.19316385686397552,-0.30678924918174744,-0.31077438592910767,-0.29390037059783936,0.01112702488899231,-0.07562271505594254,0.7863733768463135,0.8202952146530151,0.12197068333625793,2.0236120223999023,0.8170300722122192,2.3038530349731445,0.6473507881164551,-0.3024185299873352,0.2083180844783783,1.6784659624099731
239,0.917164146900177,0.5197229981422424,-0.2674728333950043,1.4714821577072144,-0.10705414414405823,-0.18774612247943878,0.3249971270561218,0.9364359974861145,0.8506659269332886,0.3179679811000824,-0.6748520135879517,0.12522703409194946,-0.08657140284776688,-0.291012704372406,-0.34152695536613464,0.9922143220901489,1.0163586139678955,-0.4084330201148987,2.4844212532043457,0.8689934611320496,2.9021687507629395,1.0647655725479126,-0.3405115604400635,-0.3021341562271118,1.4020946025848389
240,0.9807706475257874,0.9034966826438904,-0.29815441370010376,1.4140515327453613,0.08161881566047668,-0.0036164522171020508,0.2666063606739044,0.6774957776069641,0.5457895994186401,0.5408520102500916,-0.5753892660140991,0.16386649012565613,-0.07744984328746796,-0.5236794948577881,-0.14334821701049805,0.9251649379730225,0.9033254384994507,-0.44341331720352173,2.4985592365264893,0.7670756578445435,2.9231927394866943,1.30629563331604,-0.33133748173713684,-0.3401738405227661,1.1810150146484375
241,0.9793804287910461,0.6284894347190857,0.07136908173561096,0.7164361476898193,-0.2586600184440613,-0.28726518154144287,-0.24820172786712646,1.0153130292892456,0.46828973293304443,0.30208414793014526,-0.02263641357421875,-0.47917795181274414,-0.394779771566391,-0.05867171287536621,0.27247899770736694,0.6251050233840942,0.6208739280700684,0.6453119516372681,1.907723069190979,0.33617645502090454,2.3081836700439453,0.9376732110977173,-0.40310269594192505,0.6894190907478333,1.7566320896148682
242,0.8543962240219116,0.3176928162574768,0.04707414656877518,0.9235236048698425,-0.3860243260860443,-0.3906190097332001,-0.027916669845581055,1.192628026008606,0.7447102069854736,0.15432146191596985,-0.2648985981941223,-0.34763801097869873,-0.3381991386413574,0.08492803573608398,-0.021273598074913025,0.7282068729400635,0.7874686121940613,0.13903415203094482,1.8858660459518433,1.0056617259979248,2.0346336364746094,0.36910107731819153,-0.2536623179912567,0.2198895514011383,1.7432632446289062
243,0.9665077924728394,0.8091987371444702,0.1239263117313385,0.5916268229484558,-0.20275424420833588,-0.21003970503807068,-0.29318949580192566,0.9057616591453552,0.24254260957241058,0.4103728234767914,0.0904054045677185,-0.5048254132270813,-0.43189239501953125,-0.13728971779346466,0.4513247609138489,0.5292253494262695,0.5145662426948547,0.7921022176742554,1.8837839365005493,0.13474461436271667,2.34047794342041,1.1571956872940063,-0.436576783657074,0.8094099760055542,1.679719090461731
244,0.9913836121559143,-0.11469689011573792,0.9001442790031433,-0.5737993121147156,-1.0218355655670166,-0.8751300573348999,-0.8630247116088867,1.7458120584487915,0.23684343695640564,-0.2039623260498047,0.8927699327468872,-1.4913610219955444,-0.9975877404212952,0.8570804595947266,1.0568761825561523,0.006212271749973297,0.11995900422334671,2.345743417739868,0.6970689296722412,0.20486432313919067,0.722599983215332,-0.31744155287742615,-0.40462327003479004,2.274132251739502,2.6913952827453613
245,0.9129233956336975,1.2917935848236084,-0.5456274747848511,1.8525582551956177,0.38942259550094604,0.29261210560798645,0.6023082137107849,0.3211022913455963,0.42735958099365234,0.8283603191375732,-0.9151531457901001,0.6225728988647461,0.13605055212974548,-0.9245902299880981,-0.34474653005599976,1.0710138082504272,1.0323681831359863,-1.166549801826477,2.9632678031921387,0.795826256275177,3.542945384979248,1.8619751930236816,-0.2754002809524536,-1.0183353424072266,0.6840831637382507
246,0.960846483707428,0.8619946241378784,0.018809176981449127,0.9184455871582031,-0.07845775038003922,-0.08650532364845276,0.13510990142822266,0.7616573572158813,0.18479087948799133,0.517158031463623,-0.21296848356723785,-0.08733421564102173,-0.28483620285987854,-0.38189512491226196,0.3047076463699341,0.6356115937232971,0.6461542844772339,0.25463515520095825,2.1551527976989746,0.23915186524391174,2.6885759830474854,1.4103724956512451,-0.3724992871284485,0.2947418689727783,1.2843892574310303
247,0.8658638000488281,1.1054959297180176,-0.2633703052997589,1.3906333446502686,0.1651480495929718,0.12188628315925598,0.381448358297348,0.5221875309944153,0.2816411554813385,0.6940399408340454,-0.5722477436065674,0.282547265291214,-0.07124697417020798,-0.663794755935669,-0.020181849598884583,0.8451765179634094,0.8348714113235474,-0.43383604288101196,2.5761451721191406,0.4972524344921112,3.11043643951416,1.6358637809753418,-0.34391844272613525,-0.3263770341873169,0.9330159425735474
248,0.8960110545158386,0.20735511183738708,0.6229273080825806,-0.24563124775886536,-0.7663074135780334,-0.6821067333221436,-0.8709044456481934,1.5030304193496704,0.3292301297187805,-0.029700689017772675,0.7034227252006531,-1.3211287260055542,-0.838201642036438,0.6121379137039185,0.8349220752716064,0.1826401948928833,0.2333560436964035,1.9540719985961914,0.9371260404586792,0.16424903273582458,1.0662622451782227,0.03472930192947388,-0.4422224462032318,1.9121439456939697,2.444105863571167
249,0.9497289061546326,0.1451614499092102,0.6384520530700684,-0.09725478291511536,-0.7729799747467041,-0.644785463809967,-0.5437594652175903,1.4827008247375488,0.268657922744751,-0.00010401010513305664,0.5135300755500793,-1.0660566091537476,-0.7804738283157349,0.5466270446777344,0.7542062997817993,0.195163756608963,0.30084264278411865,1.5833964347839355,1.0415587425231934,0.23214933276176453,1.1550229787826538,0.005198188126087189,-0.4320073127746582,1.5989688634872437,2.104926586151123
250,0.9859104156494141,0.20618321001529694,0.8876787424087524,-0.647599458694458,-0.8551622033119202,-0.7252068519592285,-0.902820348739624,1.5197737216949463,-0.05710946023464203,-0.017210111021995544,1.0044786930084229,-1.4535878896713257,-0.9963550567626953,0.630113422870636,1.279497504234314,-0.05747184157371521,0.00931376963853836,2.344447374343872,0.6835149526596069,-0.03091169148683548,0.7524553537368774,-0.06334927678108215,-0.4758968949317932,2.2759525775909424,2.420936346054077
251,0.9485552906990051,0.80348801612854,0.1320836842060089,0.7416087985038757,-0.15673291683197021,-0.1415967494249344,0.07341751456260681,0.8245501518249512,0.10055123269557953,0.4784846901893616,-0.0842994898557663,-0.1976684033870697,-0.36243578791618347,-0.30055373907089233,0.4442397356033325,0.5425228476524353,0.5654891133308411,0.5544097423553467,2.056971788406372,0.004357852041721344,2.6885743141174316,1.5087116956710815,-0.3463352918624878,0.5739114284515381,1.4105279445648193
252,0.9728931784629822,0.8160018920898438,0.03334103524684906,0.730504035949707,-0.15112848579883575,-0.1901487112045288,-0.24926821887493134,0.8788621425628662,0.33831384778022766,0.4137946665287018,-0.00583377480506897,-0.426738440990448,-0.3718033730983734,-0.195214182138443,0.34192800521850586,0.6159085631370544,0.586594820022583,0.6343402862548828,1.9757059812545776,0.29649171233177185,2.4817709922790527,1.2294448614120483,-0.33430933952331543,0.6041514277458191,1.6807020902633667
253,0.9804878830909729,0.39973965287208557,-0.036399200558662415,1.0121681690216064,-0.3113787770271301,-0.3454606533050537,-0.04591056704521179,1.1289715766906738,0.7831946611404419,0.19316385686397552,-0.30678924918174744,-0.31077438592910767,-0.29390037059783936,0.01112702488899231,-0.07562271505594254,0.7863733768463135,0.8202952146530151,0.12197068333625793,2.0236120223999023,0.8170300722122192,2.3038530349731445,0.6473507881164551,-0.3024185299873352,0.2083180844783783,1.6784659624099731
254,0.917164146900177,0.5197229981422424,-0.2674728333950043,1.4714821577072144,-0.10705414414405823,-0.18774612247943878,0.3249971270561218,0.9364359974861145,0.8506659269332886,0.3179679811000824,-0.6748520135879517,0.12522703409194946,-0.08657140284776688,-0.291012704372406,-0.34152695536613464,0.9922143220901489,1.0163586139678955,-0.4084330201148987,2.4844212532043457,0.8689934611320496,2.9021687507629395,1.0647655725479126,-0.3405115604400635,-0.3021341562271118,1.4020946025848389
255,0.9807706475257874,0.9034966826438904,-0.29815441370010376,1.4140515327453613,0.08161881566047668,-0.0036164522171020508,0.2666063606739044,0.6774957776069641,0.5457895994186401,0.5408520102500916,-0.5753892660140991,0.16386649012565613,-0.07744984328746796,-0.5236794948577881,-0.14334821701049805,0.9251649379730225,0.9033254384994507,-0.44341331720352173,2.4985592365264893,0.7670756578445435,2.9231927394866943,1.30629563331604,-0.33133748173713684,-0.3401738405227661,1.1810150146484375
256,0.9793804287910461,0.6284894347190857,0.07136908173561096,0.7164361476898193,-0.2586600184440613,-0.28726518154144287,-0.24820172786712646,1.0153130292892456,0.46828973293304443,0.30208414793014526,-0.02263641357421875,-0.47917795181274414,-0.394779771566391,-0.05867171287536621,0.27247899770736694,0.6251050233840942,0.6208739280700684,0.6453119516372681,1.907723069190979,0.33617645502090454,2.3081836700439453,0.9376732110977173,-0.40310269594192505,0.6894190907478333,1.7566320896148682
257,0.8543962240219116,0.3176928162574768,0.04707414656877518,0.9235236048698425,-0.3860243260860443,-0.3906190097332001,-0.027916669845581055,1.192628026008606,0.7447102069854736,0.15432146191596985,-0.2648985981941223,-0.34763801097869873,-0.3381991386413574,0.08492803573608398,-0.021273598074913025,0.7282068729400635,0.7874686121940613,0.13903415203094482,1.8858660459518433,1.0056617259979248,2.0346336364746094,0.36910107731819153,-0.2536623179912567,0.2198895514011383,1.7432632446289062
258,0.9665077924728394,0.8091987371444702,0.1239263117313385,0.5916268229484558,-0.20275424420833588,-0.21003970503807068,-0.29318949580192566,0.9057616591453552,0.24254260957241058,0.4103728234767914,0.0904054045677185,-0.5048254132270813,-0.43189239501953125,-0.13728971779346466,0.4513247609138489,0.5292253494262695,0.5145662426948547,0.7921022176742554,1.8837839365005493,0.13474461436271667,2.34047794342041,1.1571956872940063,-0.436576783657074,0.8094099760055542,1.679719090461731
259,0.9913836121559143,-0.11469689011573792,0.9001442790031433,-0.5737993121147156,-1.0218355655670166,-0.8751300573348999,-0.8630247116088867,1.7458120584487915,0.23684343695640564,-0.2039623260498047,0.8927699327468872,-1.4913610219955444,-0.9975877404212952,0.8570804595947266,1.0568761825561523,0.006212271749973297,0.11995900422334671,2.345743417739868,0.6970689296722412,0.20486432313919067,0.722599983215332,-0.31744155287742615,-0.40462327003479004,2.274132251739502,2.6913952827453613
260,0.9129233956336975,1.2917935848236084,-0.5456274747848511,1.8525582551956177,0.38942259550094604,0.29261210560798645,0.6023082137107849,0.3211022913455963,0.42735958099365234,0.8283603191375732,-0.9151531457901001,0.6225728988647461,0.13605055212974548,-0.9245902299880981,-0.34474653005599976,1.0710138082504272,1.0323681831359863,-1.166549801826477,2.9632678031921387,0.795826256275177,3.542945384979248,1.8619751930236816,-0.2754002809524536,-1.0183353424072266,0.6840831637382507
261,0.960846483707428,0.8619946241378784,0.018809176981449127,0.9184455871582031,-0.07845775038003922,-0.08650532364845276,0.13510990142822266,0.7616573572158813,0.18479087948799133,0.517158031463623,-0.21296848356723785,-0.08733421564102173,-0.28483620285987854,-0.38189512491226196,0.3047076463699341,0.6356115937232971,0.6461542844772339,0.25463515520095825,2.1551527976989746,0.23915186524391174,2.6885759830474854,1.4103724956512451,-0.3724992871284485,0.2947418689727783,1.2843892574310303
262,0.8658638000488281,1.1054959297180176,-0.2633703052997589,1.3906333446502686,0.1651480495929718,0.12188628315925598,0.381448358297348,0.5221875309944153,0.2816411554813385,0.6940399408340454,-0.5722477436065674,0.282547265291214,-0.07124697417020798,-0.663794755935669,-0.020181849598884583,0.8451765179634094,0.8348714113235474,-0.43383604288101196,2.5761451721191406,0.4972524344921112,3.11043643951416,1.6358637809753418,-0.34391844272613525,-0.3263770341873169,0.9330159425735474
263,0.8960110545158386,0.20735511183738708,0.6229273080825806,-0.24563124775886536,-0.7663074135780334,-0.6821067333221436,-0.8709044456481934,1.5030304193496704,0.3292301297187805,-0.029700689017772675,0.7034227252006531,-1.3211287260055542,-0.838201642036438,0.6121379137039185,0.8349220752716064,0.1826401948928833,0.2333560436964035,1.9540719985961914,0.9371260404586792,0.16424903273582458,1.0662622451782227,0.03472930192947388,-0.4422224462032318,1.9121439456939697,2.444105863571167
264,0.9497289061546326,0.1451614499092102,0.6384520530700684,-0.09725478291511536,-0.7729799747467041,-0.644785463809967,-0.5437594652175903,1.4827008247375488,0.268657922744751,-0.00010401010513305664,0.5135300755500793,-1.0660566091537476,-0.7804738283157349,0.5466270446777344,0.7542062997817993,0.195163756608963,0.30084264278411865,1.5833964347839355,1.0415587425231934,0.23214933276176453,1.1550229787826538,0.005198188126087189,-0.4320073127746582,1.5989688634872437,2.104926586151123
265,0.9859104156494141,0.20618321001529694,0.8876787424087524,-0.647599458694458,-0.8551622033119202,-0.7252068519592285,-0.902820348739624,1.5197737216949463,-0.05710946023464203,-0.017210111021995544,1.0044786930084229,-1.4535878896713257,-0.9963550567626953,0.630113422870636,1.279497504234314,-0.05747184157371521,0.00931376963853836,2.344447374343872,0.6835149526596069,-0.03091169148683548,0.7524553537368774,-0.06334927678108215,-0.4758968949317932,2.2759525775909424,2.420936346054077
266,0.9485552906990051,0.80348801612854,0.1320836842060089,0.7416087985038757,-0.15673291683197021,-0.1415967494249344,0.07341751456260681,0.8245501518249512,0.10055123269557953,0.4784846901893616,-0.0842994898557663,-0.1976684033870697,-0.36243578791618347,-0.30055373907089233,0.4442397356033325,0.5425228476524353,0.5654891133308411,0.5544097423553467,2.056971788406372,0.004357852041721344,2.6885743141174316,1.5087116956710815,-0.3463352918624878,0.5739114284515381,1.4105279445648193
267,0.9728931784629822,0.8160018920898438,0.03334103524684906,0.730504035949707,-0.15112848579883575,-0.1901487112045288,-0.24926821887493134,0.8788621425628662,0.33831384778022766,0.4137946665287018,-0.00583377480506897,-0.426738440990448,-0.3718033730983734,-0.195214182138443,0.34192800521850586,0.6159085631370544,0.586594820022583,0.6343402862548828,1.9757059812545776,0.29649171233177185,2.4817709922790527,1.2294448614120483,-0.33430933952331543,0.6041514277458191,1.6807020902633667
268,0.9804878830909729,0.39973965287208557,-0.036399200558662415,1.0121681690216064,-0.3113787770271301,-0.3454606533050537,-0.04591056704521179,1.1289715766906738,0.7831946611404419,0.19316385686397552,-0.30678924918174744,-0.31077438592910767,-0.29390037059783936,0.01112702488899231,-0.07562271505594254,0.7863733768463135,0.8202952146530151,0.12197068333625793,2.0236120223999023,0.8170300722122192,2.3038530349731445,0.6473507881164551,-0.3024185299873352,0.2083180844783783,1.6784659624099731
269,0.917164146900177,0.5197229981422424,-0.2674728333950043,1.4714821577072144,-0.10705414414405823,-0.18774612247943878,0.3249971270561218,0.9364359974861145,0.8506659269332886,0.3179679811000824,-0.6748520135879517,0.12522703409194946,-0.08657140284776688,-0.291012704372406,-0.34152695536613464,0.9922143220901489,1.0163586139678955,-0.4084330201148987,2.4844212532043457,0.8689934611320496,2.9021687507629395,1.0647655725479126,-0.3405115604400635,-0.3021341562271118,1.4020946025848389
270,0.9807706475257874,0.9034966826438904,-0.29815441370010376,1.4140515327453613,0.08161881566047668,-0.0036164522171020508,0.2666063606739044,0.6774957776069641,0.5457895994186401,0.5408520102500916,-0.5753892660140991,0.16386649012565613,-0.07744984328746796,-0.5236794948577881,-0.14334821701049805,0.9251649379730225,0.9033254384994507,-0.44341331720352173,2.4985592365264893,0.7670756578445435,2.9231927394866943,1.30629563331604,-0.33133748173713684,-0.3401738405227661,1.1810150146484375
271,0.9793804287910461,0.6284894347190857,0.07136908173561096,0.7164361476898193,-0.2586600184440613,-0.28726518154144287,-0.24820172786712646,1.0153130292892456,0.46828973293304443,0.30208414793014526,-0.02263641357421875,-0.47917795181274414,-0.394779771566391,-0.05867171287536621,0.27247899770736694,0.6251050233840942,0.6208739280700684,0.6453119516372681,1.907723069190979,0.33617645502090454,2.3081836700439453,0.9376732110977173,-0.40310269594192505,0.6894190907478333,1.7566320896148682
272,0.8543962240219116,0.3176928162574768,0.04707414656877518,0.9235236048698425,-0.3860243260860443,-0.3906190097332001,-0.027916669845581055,1.192628026008606,0.7447102069854736,0.15432146191596985,-0.2648985981941223,-0.34763801097869873,-0.3381991386413574,0.08492803573608398,-0.021273598074913025,0.7282068729400635,0.7874686121940613,0.13903415203094482,1.8858660459518433,1.0056617259979248,2.0346336364746094,0.36910107731819153,-0.2536623179912567,0.2198895514011383,1.7432632446289062
273,0.9665077924728394,0.8091987371444702,0.1239263117313385,0.5916268229484558,-0.20275424420833588,-0.21003970503807068,-0.29318949580192566,0.9057616591453552,0.24254260957241058,0.4103728234767914,0.0904054045677185,-0.5048254132270813,-0.43189239501953125,-0.13728971779346466,0.4513247609138489,0.5292253494262695,0.5145662426948547,0.7921022176742554,1.8837839365005493,0.13474461436271667,2.34047794342041,1.1571956872940063,-0.436576783657074,0.8094099760055542,1.679719090461731
274,0.9913836121559143,-0.11469689011573792,0.9001442790031433,-0.5737993121147156,-1.0218355655670166,-0.8751300573348999,-0.8630247116088867,1.7458120584487915,0.23684343695640564,-0.2039623260498047,0.8927699327468872,-1.4913610219955444,-0.9975877404212952,0.8570804595947266,1.0568761825561523,0.006212271749973297,0.11995900422334671,2.345743417739868,0.6970689296722412,0.20486432313919067,0.722599983215332,-0.31744155287742615,-0.40462327003479004,2.274132251739502,2.6913952827453613
275,0.9129233956336975,1.2917935848236084,-0.5456274747848511,1.8525582551956177,0.38942259550094604,0.29261210560798645,0.6023082137107849,0.3211022913455963,0.42735958099365234,0.8283603191375732,-0.9151531457901001,0.6225728988647461,0.13605055212974548,-0.9245902299880981,-0.34474653005599976,1.0710138082504272,1.0323681831359863,-1.166549801826477,2.9632678031921387,0.795826256275177,3.542945384979248,1.8619751930236816,-0.2754002809524536,-1.0183353424072266,0.6840831637382507
276,0.960846483707428,0.8619946241378784,0.018809176981449127,0.9184455871582031,-0.07845775038003922,-0.08650532364845276,0.13510990142822266,0.7616573572158813,0.18479087948799133,0.517158031463623,-0.21296848356723785,-0.08733421564102173,-0.28483620285987854,-0.38189512491226196,0.3047076463699341,0.6356115937232971,0.6461542844772339,0.25463515520095825,2.1551527976989746,0.23915186524391174,2.6885759830474854,1.4103724956512451,-0.3724992871284485,0.2947418689727783,1.2843892574310303
277,0.8658638000488281,1.1054959297180176,-0.2633703052997589,1.3906333446502686,0.1651480495929718,0.12188628315925598,0.381448358297348,0.5221875309944153,0.2816411554813385,0.6940399408340454,-0.5722477436065674,0.282547265291214,-0.07124697417020798,-0.663794755935669,-0.020181849598884583,0.8451765179634094,0.8348714113235474,-0.43383604288101196,2.5761451721191406,0.4972524344921112,3.11043643951416,1.6358637809753418,-0.34391844272613525,-0.3263770341873169,0.9330159425735474
278,0.8960110545158386,0.20735511183738708,0.6229273080825806,-0.24563124775886536,-0.7663074135780334,-0.6821067333221436,-0.8709044456481934,1.5030304193496704,0.3292301297187805,-0.029700689017772675,0.7034227252006531,-1.3211287260055542,-0.838201642036438,0.6121379137039185,0.8349220752716064,0.1826401948928833,0.2333560436964035,1.9540719985961914,0.9371260404586792,0.16424903273582458,1.0662622451782227,0.03472930192947388,-0.4422224462032318,1.9121439456939697,2.444105863571167
279,0.9497289061546326,0.1451614499092102,0.6384520530700684,-0.09725478291511536,-0.7729799747467041,-0.644785463809967,-0.5437594652175903,1.4827008247375488,0.268657922744751,-0.00010401010513305664,0.5135300755500793,-1.0660566091537476,-0.7804738283157349,0.5466270446777344,0.7542062997817993,0.195163756608963,0.30084264278411865,1.5833964347839355,1.0415587425231934,0.23214933276176453,1.1550229787826538,0.005198188126087189,-0.4320073127746582,1.5989688634872437,2.104926586151123
280,0.9859104156494141,0.20618321001529694,0.8876787424087524,-0.647599458694458,-0.8551622033119202,-0.7252068519592285,-0.902820348739624,1.5197737216949463,-0.05710946023464203,-0.017210111021995544,1.0044786930084229,-1.4535878896713257,-0.9963550567626953,0.630113422870636,1.279497504234314,-0.05747184157371521,0.00931376963853836,2.344447374343872,0.6835149526596069,-0.03091169148683548,0.7524553537368774,-0.06334927678108215,-0.4758968949317932,2.2759525775909424,2.420936346054077
281,0.9485552906990051,0.80348801612854,0.1320836842060089,0.7416087985038757,-0.15673291683197021,-0.1415967494249344,0.07341751456260681,0.8245501518249512,0.10055123269557953,0.4784846901893616,-0.0842994898557663,-0.1976684033870697,-0.36243578791618347,-0.30055373907089233,0.4442397356033325,0.5425228476524353,0.5654891133308411,0.5544097423553467,2.056971788406372,0.004357852041721344,2.6885743141174316,1.5087116956710815,-0.3463352918624878,0.5739114284515381,1.4105279445648193
282,0.9728931784629822,0.8160018920898438,0.03334103524684906,0.730504035949707,-0.15112848579883575,-0.1901487112045288,-0.24926821887493134,0.8788621425628662,0.33831384778022766,0.4137946665287018,-0.00583377480506897,-0.426738440990448,-0.3718033730983734,-0.195214182138443,0.34192800521850586,0.6159085631370544,0.586594820022583,0.6343402862548828,1.9757059812545776,0.29649171233177185,2.4817709922790527,1.2294448614120483,-0.33430933952331543,0.6041514277458191,1.6807020902633667
283,0.9804878830909729,0.39973965287208557,-0.036399200558662415,1.0121681690216064,-0.3113787770271301,-0.3454606533050537,-0.04591056704521179,1.1289715766906738,0.7831946611404419,0.19316385686397552,-0.30678924918174744,-0.31077438592910767,-0.29390037059783936,0.01112702488899231,-0.07562271505594254,0.7863733768463135,0.8202952146530151,0.12197068333625793,2.0236120223999023,0.8170300722122192,2.3038530349731445,0.6473507881164551,-0.3024185299873352,0.2083180844783783,1.6784659624099731
284,0.917164146900177,0.5197229981422424,-0.2674728333950043,1.4714821577072144,-0.10705414414405823,-0.18774612247943878,0.3249971270561218,0.9364359974861145,0.8506659269332886,0.3179679811000824,-0.6748520135879517,0.12522703409194946,-0.08657140284776688,-0.291012704372406,-0.34152695536613464,0.9922143220901489,1.0163586139678955,-0.4084330201148987,2.4844212532043457,0.8689934611320496,2.9021687507629395,1.0647655725479126,-0.3405115604400635,-0.3021341562271118,1.4020946025848389
285,0.9807706475257874,0.9034966826438904,-0.29815441370010376,1.4140515327453613,0.08161881566047668,-0.0036164522171020508,0.2666063606739044,0.6774957776069641,0.5457895994186401,0.5408520102500916,-0.5753892660140991,0.16386649012565613,-0.07744984328746796,-0.5236794948577881,-0.14334821701049805,0.9251649379730225,0.9033254384994507,-0.44341331720352173,2.4985592365264893,0.7670756578445435,2.9231927394866943,1.30629563331604,-0.33133748173713684,-0.3401738405227661,1.1810150146484375
286,0.9793804287910461,0.6284894347190857,0.07136908173561096,0.7164361476898193,-0.2586600184440613,-0.28726518154144287,-0.24820172786712646,1.0153130292892456,0.46828973293304443,0.30208414793014526,-0.02263641357421875,-0.47917795181274414,-0.394779771566391,-0.05867171287536621,0.27247899770736694,0.6251050233840942,0.6208739280700684,0.6453119516372681,1.907723069190979,0.33617645502090454,2.3081836700439453,0.9376732110977173,-0.40310269594192505,0.6894190907478333,1.7566320896148682
287,0.8543962240219116,0.3176928162574768,0.04707414656877518,0.9235236048698425,-0.3860243260860443,-0.3906190097332001,-0.027916669845581055,1.192628026008606,0.7447102069854736,0.15432146191596985,-0.2648985981941223,-0.34763801097869873,-0.3381991386413574,0.08492803573608398,-0.021273598074913025,0.7282068729400635,0.7874686121940613,0.13903415203094482,1.8858660459518433,1.0056617259979248,2.0346336364746094,0.36910107731819153,-0.2536623179912567,0.2198895514011383,1.7432632446289062
288,0.9665077924728394,0.8091987371444702,0.1239263117313385,0.5916268229484558,-0.20275424420833588,-0.21003970503807068,-0.29318949580192566,0.9057616591453552,0.24254260957241058,0.4103728234767914,0.0904054045677185,-0.5048254132270813,-0.43189239501953125,-0.13728971779346466,0.4513247609138489,0.5292253494262695,0.5145662426948547,0.7921022176742554,1.8837839365005493,0.13474461436271667,2.34047794342041,1.1571956872940063,-0.436576783657074,0.8094099760055542,1.679719090461731
289,0.9913836121559143,-0.11469689011573792,0.9001442790031433,-0.5737993121147156,-1.0218355655670166,-0.8751300573348999,-0.8630247116088867,1.7458120584487915,0.23684343695640564,-0.2039623260498047,0.8927699327468872,-1.4913610219955444,-0.9975877404212952,0.8570804595947266,1.0568761825561523,0.006212271749973297,0.11995900422334671,2.345743417739868,0.6970689296722412,0.20486432313919067,0.722599983215332,-0.31744155287742615,-0.40462327003479004,2.274132251739502,2.6913952827453613
290,0.9129233956336975,1.2917935848236084,-0.5456274747848511,1.8525582551956177,0.38942259550094604,0.29261210560798645,0.6023082137107849,0.3211022913455963,0.42735958099365234,0.8283603191375732,-0.9151531457901001,0.6225728988647461,0.13605055212974548,-0.9245902299880981,-0.34474653005599976,1.0710138082504272,1.0323681831359863,-1.166549801826477,2.9632678031921387,0.795826256275177,3.542945384979248,1.8619751930236816,-0.2754002809524536,-1.0183353424072266,0.6840831637382507
291,0.960846483707428,0.8619946241378784,0.018809176981449127,0.9184455871582031,-0.07845775038003922,-0.08650532364845276,0.13510990142822266,0.7616573572158813,0.18479087948799133,0.517158031463623,-0.21296848356723785,-0.08733421564102173,-0.28483620285987854,-0.38189512491226196,0.3047076463699341,0.6356115937232971,0.6461542844772339,0.25463515520095825,2.1551527976989746,0.23915186524391174,2.6885759830474854,1.4103724956512451,-0.3724992871284485,0.2947418689727783,1.2843892574310303
292,0.8658638000488281,1.1054959297180176,-0.2633703052997589,1.3906333446502686,0.1651480495929718,0.12188628315925598,0.381448358297348,0.5221875309944153,0.2816411554813385,0.6940399408340454,-0.5722477436065674,0.282547265291214,-0.07124697417020798,-0.663794755935669,-0.020181849598884583,0.8451765179634094,0.8348714113235474,-0.43383604288101196,2.5761451721191406,0.4972524344921112,3.11043643951416,1.6358637809753418,-0.34391844272613525,-0.3263770341873169,0.9330159425735474
293,0.8960110545158386,0.20735511183738708,0.6229273080825806,-0.24563124775886536,-0.7663074135780334,-0.6821067333221436,-0.8709044456481934,1.5030304193496704,0.3292301297187805,-0.029700689017772675,0.7034227252006531,-1.3211287260055542,-0.838201642036438,0.6121379137039185,0.8349220752716064,0.1826401948928833,0.2333560436964035,1.9540719985961914,0.9371260404586792,0.16424903273582458,1.0662622451782227,0.03472930192947388,-0.4422224462032318,1.9121439456939697,2.444105863571167
294,0.9497289061546326,0.1451614499092102,0.6384520530700684,-0.09725478291511536,-0.7729799747467041,-0.644785463809967,-0.5437594652175903,1.4827008247375488,0.268657922744751,-0.00010401010513305664,0.5135300755500793,-1.0660566091537476,-0.7804738283157349,0.5466270446777344,0.7542062997817993,0.195163756608963,0.30084264278411865,1.5833964347839355,1.0415587425231934,0.23214933276176453,1.1550229787826538,0.005198188126087189,-0.4320073127746582,1.5989688634872437,2.104926586151123
295,0.9859104156494141,0.20618321001529694,0.8876787424087524,-0.647599458694458,-0.8551622033119202,-0.7252068519592285,-0.902820348739624,1.5197737216949463,-0.05710946023464203,-0.017210111021995544,1.0044786930084229,-1.4535878896713257,-0.9963550567626953,0.630113422870636,1.279497504234314,-0.05747184157371521,0.00931376963853836,2.344447374343872,0.6835149526596069,-0.03091169148683548,0.7524553537368774,-0.06334927678108215,-0.4758968949317932,2.2759525775909424,2.420936346054077
296,0.9485552906990051,0.80348801612854,0.1320836842060089,0.7416087985038757,-0.15673291683197021,-0.1415967494249344,0.07341751456260681,0.8245501518249512,0.10055123269557953,0.4784846901893616,-0.0842994898557663,-0.1976684033870697,-0.36243578791618347,-0.30055373907089233,0.4442397356033325,0.5425228476524353,0.5654891133308411,0.5544097423553467,2.056971788406372,0.004357852041721344,2.6885743141174316,1.5087116956710815,-0.3463352918624878,0.5739114284515381,1.4105279445648193
297,0.9728931784629822,0.8160018920898438,0.03334103524684906,0.730504035949707,-0.15112848579883575,-0.1901487112045288,-0.24926821887493134,0.8788621425628662,0.33831384778022766,0.4137946665287018,-0.00583377480506897,-0.426738440990448,-0.3718033730983734,-0.195214182138443,0.34192800521850586,0.6159085631370544,0.586594820022583,0.6343402862548828,1.9757059812545776,0.29649171233177185,2.4817709922790527,1.2294448614120483,-0.33430933952331543,0.6041514277458191,1.6807020902633667
298,0.9804878830909729,0.39973965287208557,-0.036399200558662415,1.0121681690216064,-0.3113787770271301,-0.3454606533050537,-0.04591056704521179,1.1289715766906738,0.7831946611404419,0.19316385686397552,-0.30678924918174744,-0.31077438592910767,-0.29390037059783936,0.01112702488899231,-0.07562271505594254,0.7863733768463135,0.8202952146530151,0.12197068333625793,2.0236120223999023,0.8170300722122192,2.3038530349731445,0.6473507881164551,-0.3024185299873352,0.2083180844783783,1.6784659624099731
299,0.917164146900177,0.5197229981422424,-0.2674728333950043,1.4714821577072144,-0.10705414414405823,-0.18774612247943878,0.3249971270561218,0.9364359974861145,0.8506659269332886,0.3179679811000824,-0.6748520135879517,0.12522703409194946,-0.08657140284776688,-0.291012704372406,-0.34152695536613464,0.9922143220901489,1.0163586139678955,-0.4084330201148987,2.4844212532043457,0.8689934611320496,2.9021687507629395,1.0647655725479126,-0.3405115604400635,-0.3021341562271118,1.4020946025848389
300,0.9807706475257874,0.9034966826438904,-0.29815441370010376,1.4140515327453613,0.08161881566047668,-0.0036164522171020508,0.2666063606739044,0.6774957776069641,0.5457895994186401,0.5408520102500916,-0.5753892660140991,0.16386649012565613,-0.07744984328746796,-0.5236794948577881,-0.14334821701049805,0.9251649379730225,0.9033254384994507,-0.44341331720352173,2.4985592365264893,0.7670756578445435,2.9231927394866943,1.30629563331604,-0.33133748173713684,-0.3401738405227661,1.1810150146484375
301,0.9793804287910461,0.6284894347190857,0.07136908173561096,0.7164361476898193,-0.2586600184440613,-0.28726518154144287,-0.24820172786712646,1.0153130292892456,0.46828973293304443,0.30208414793014526,-0.02263641357421875,-0.47917795181274414,-0.394779771566391,-0.05867171287536621,0.27247899770736694,0.6251050233840942,0.6208739280700684,0.6453119516372681,1.907723069190979,0.33617645502090454,2.3081836700439453,0.9376732110977173,-0.40310269594192505,0.6894190907478333,1.7566320896148682
302,0.8543962240219116,0.3176928162574768,0.04707414656877518,0.9235236048698425,-0.3860243260860443,-0.3906190097332001,-0.027916669845581055,1.192628026008606,0.7447102069854736,0.15432146191596985,-0.2648985981941223,-0.34763801097869873,-0.3381991386413574,0.08492803573608398,-0.021273598074913025,0.7282068729400635,0.7874686121940613,0.13903415203094482,1.8858660459518433,1.0056617259979248,2.0346336364746094,0.36910107731819153,-0.2536623179912567,0.2198895514011383,1.7432632446289062
303,0.9665077924728394,0.8091987371444702,0.1239263117313385,0.5916268229484558,-0.20275424420833588,-0.21003970503807068,-0.29318949580192566,0.9057616591453552,0.24254260957241058,0.4103728234767914,0.0904054045677185,-0.5048254132270813,-0.43189239501953125,-0.13728971779346466,0.4513247609138489,0.5292253494262695,0.5145662426948547,0.7921022176742554,1.8837839365005493,0.13474461436271667,2.34047794342041,1.1571956872940063,-0.436576783657074,0.8094099760055542,1.679719090461731
304,0.9913836121559143,-0.11469689011573792,0.9001442790031433,-0.5737993121147156,-1.0218355655670166,-0.8751300573348999,-0.8630247116088867,1.7458120584487915,0.23684343695640564,-0.2039623260498047,0.8927699327468872,-1.4913610219955444,-0.9975877404212952,0.8570804595947266,1.0568761825561523,0.006212271749973297,0.11995900422334671,2.345743417739868,0.6970689296722412,0.20486432313919067,0.722599983215332,-0.31744155287742615,-0.40462327003479004,2.274132251739502,2.6913952827453613
305,0.9129233956336975,1.2917935848236084,-0.5456274747848511,1.8525582551956177,0.38942259550094604,0.29261210560798645,0.6023082137107849,0.3211022913455963,0.42735958099365234,0.8283603191375732,-0.9151531457901001,0.6225728988647461,0.13605055212974548,-0.9245902299880981,-0.34474653005599976,1.0710138082504272,1.0323681831359863,-1.166549801826477,2.9632678031921387,0.795826256275177,3.542945384979248,1.8619751930236816,-0.2754002809524536,-1.0183353424072266,0.6840831637382507
306,0.960846483707428,0.8619946241378784,0.018809176981449127,0.9184455871582031,-0.07845775038003922,-0.08650532364845276,0.13510990142822266,0.7616573572158813,0.18479087948799133,0.517158031463623,-0.21296848356723785,-0.08733421564102173,-0.28483620285987854,-0.38189512491226196,0.3047076463699341,0.6356115937232971,0.6461542844772339,0.25463515520095825,2.1551527976989746,0.23915186524391174,2.6885759830474854,1.4103724956512451,-0.3724992871284485,0.2947418689727783,1.2843892574310303
307,0.8658638000488281,1.1054959297180176,-0.2633703052997589,1.3906333446502686,0.1651480495929718,0.12188628315925598,0.381448358297348,0.5221875309944153,0.2816411554813385,0.6940399408340454,-0.5722477436065674,0.282547265291214,-0.07124697417020798,-0.663794755935669,-0.020181849598884583,0.8451765179634094,0.8348714113235474,-0.43383604288101196,2.5761451721191406,0.4972524344921112,3.11043643951416,1.6358637809753418,-0.34391844272613525,-0.3263770341873169,0.9330159425735474
308,0.8960110545158386,0.20735511183738708,0.6229273080825806,-0.24563124775886536,-0.7663074135780334,-0.6821067333221436,-0.8709044456481934,1.5030304193496704,0.3292301297187805,-0.029700689017772675,0.7034227252006531,-1.3211287260055542,-0.838201642036438,0.6121379137039185,0.8349220752716064,0.1826401948928833,0.2333560436964035,1.9540719985961914,0.9371260404586792,0.16424903273582458,1.0662622451782227,0.03472930192947388,-0.4422224462032318,1.9121439456939697,2.444105863571167
309,0.9497289061546326,0.1451614499092102,0.6384520530700684,-0.09725478291511536,-0.7729799747467041,-0.644785463809967,-0.5437594652175903,1.4827008247375488,0.268657922744751,-0.00010401010513305664,0.5135300755500793,-1.0660566091537476,-0.7804738283157349,0.5466270446777344,0.7542062997817993,0.195163756608963,0.30084264278411865,1.5833964347839355,1.0415587425231934,0.23214933276176453,1.1550229787826538,0.005198188126087189,-0.4320073127746582,1.5989688634872437,2.104926586151123
310,0.9859104156494141,0.20618321001529694,0.8876787424087524,-0.647599458694458,-0.8551622033119202,-0.7252068519592285,-0.902820348739624,1.5197737216949463,-0.05710946023464203,-0.017210111021995544,1.0044786930084229,-1.4535878896713257,-0.9963550567626953,0.630113422870636,1.279497504234314,-0.05747184157371521,0.00931376963853836,2.344447374343872,0.6835149526596069,-0.03091169148683548,0.7524553537368774,-0.06334927678108215,-0.4758968949317932,2.2759525775909424,2.420936346054077
311,0.9485552906990051,0.80348801612854,0.1320836842060089,0.7416087985038757,-0.15673291683197021,-0.1415967494249344,0.07341751456260681,0.8245501518249512,0.10055123269557953,0.4784846901893616,-0.0842994898557663,-0.1976684033870697,-0.36243578791618347,-0.30055373907089233,0.4442397356033325,0.5425228476524353,0.5654891133308411,0.5544097423553467,2.056971788406372,0.004357852041721344,2.6885743141174316,1.5087116956710815,-0.3463352918624878,0.5739114284515381,1.4105279445648193
312,0.9728931784629822,0.8160018920898438,0.03334103524684906,0.730504035949707,-0.15112848579883575,-0.1901487112045288,-0.24926821887493134,0.8788621425628662,0.33831384778022766,0.4137946665287018,-0.00583377480506897,-0.426738440990448,-0.3718033730983734,-0.195214182138443,0.34192800521850586,0.6159085631370544,0.586594820022583,0.6343402862548828,1.9757059812545776,0.29649171233177185,2.4817709922790527,1.2294448614120483,-0.33430933952331543,0.6041514277458191,1.6807020902633667
313,0.9804878830909729,0.39973965287208557,-0.036399200558662415,1.0121681690216064,-0.3113787770271301,-0.3454606533050537,-0.04591056704521179,1.1289715766906738,0.7831946611404419,0.19316385686397552,-0.30678924918174744,-0.31077438592910767,-0.29390037059783936,0.01112702488899231,-0.07562271505594254,0.7863733768463135,0.8202952146530151,0.12197068333625793,2.0236120223999023,0.8170300722122192,2.3038530349731445,0.6473507881164551,-0.3024185299873352,0.2083180844783783,1.6784659624099731
314,0.917164146900177,0.5197229981422424,-0.2674728333950043,1.4714821577072144,-0.10705414414405823,-0.18774612247943878,0.3249971270561218,0.9364359974861145,0.8506659269332886,0.3179679811000824,-0.6748520135879517,0.12522703409194946,-0.08657140284776688,-0.291012704372406,-0.34152695536613464,0.9922143220901489,1.0163586139678955,-0.4084330201148987,2.4844212532043457,0.8689934611320496,2.9021687507629395,1.0647655725479126,-0.3405115604400635,-0.3021341562271118,1.4020946025848389
315,0.9807706475257874,0.9034966826438904,-0.29815441370010376,1.4140515327453613,0.08161881566047668,-0.0036164522171020508,0.2666063606739044,0.6774957776069641,0.5457895994186401,0.5408520102500916,-0.5753892660140991,0.16386649012565613,-0.07744984328746796,-0.5236794948577881,-0.14334821701049805,0.9251649379730225,0.9033254384994507,-0.44341331720352173,2.4985592365264893,0.7670756578445435,2.9231927394866943,1.30629563331604,-0.33133748173713684,-0.3401738405227661,1.1810150146484375
316,0.9793804287910461,0.6284894347190857,0.07136908173561096,0.7164361476898193,-0.2586600184440613,-0.28726518154144287,-0.24820172786712646,1.0153130292892456,0.46828973293304443,0.30208414793014526,-0.02263641357421875,-0.47917795181274414,-0.394779771566391,-0.05867171287536621,0.27247899770736694,0.6251050233840942,0.6208739280700684,0.6453119516372681,1.907723069190979,0.33617645502090454,2.3081836700439453,0.9376732110977173,-0.40310269594192505,0.6894190907478333,1.7566320896148682
317,0.8543962240219116,0.3176928162574768,0.04707414656877518,0.9235236048698425,-0.3860243260860443,-0.3906190097332001,-0.027916669845581055,1.192628026008606,0.7447102069854736,0.15432146191596985,-0.2648985981941223,-0.34763801097869873,-0.3381991386413574,0.08492803573608398,-0.021273598074913025,0.7282068729400635,0.7874686121940613,0.13903415203094482,1.8858660459518433,1.0056617259979248,2.0346336364746094,0.36910107731819153,-0.2536623179912567,0.2198895514011383,1.7432632446289062
318,0.9665077924728394,0.8091987371444702,0.1239263117313385,0.5916268229484558,-0.20275424420833588,-0.21003970503807068,-0.29318949580192566,0.9057616591453552,0.24254260957241058,0.4103728234767914,0.0904054045677185,-0.5048254132270813,-0.43189239501953125,-0.13728971779346466,0.4513247609138489,0.5292253494262695,0.5145662426948547,0.7921022176742554,1.8837839365005493,0.13474461436271667,2.34047794342041,1.1571956872940063,-0.436576783657074,0.8094099760055542,1.679719090461731
319,0.9913836121559143,-0.11469689011573792,0.9001442790031433,-0.5737993121147156,-1.0218355655670166,-0.8751300573348999,-0.8630247116088867,1.7458120584487915,0.23684343695640564,-0.2039623260498047,0.8927699327468872,-1.4913610219955444,-0.9975877404212952,0.8570804595947266,1.0568761825561523,0.006212271749973297,0.11995900422334671,2.345743417739868,0.6970689296722412,0.20486432313919067,0.722599983215332,-0.31744155287742615,-0.40462327003479004,2.274132251739502,2.6913952827453613
320,0.9129233956336975,1.2917935848236084,-0.5456274747848511,1.8525582551956177,0.38942259550094604,0.29261210560798645,0.6023082137107849,0.3211022913455963,0.42735958099365234,0.8283603191375732,-0.9151531457901001,0.6225728988647461,0.13605055212974548,-0.9245902299880981,-0.34474653005599976,1.0710138082504272,1.0323681831359863,-1.166549801826477,2.9632678031921387,0.795826256275177,3.542945384979248,1.8619751930236816,-0.2754002809524536,-1.0183353424072266,0.6840831637382507
321,0.960846483707428,0.8619946241378784,0.018809176981449127,0.9184455871582031,-0.07845775038003922,-0.08650532364845276,0.13510990142822266,0.7616573572158813,0.18479087948799133,0.517158031463623,-0.21296848356723785,-0.08733421564102173,-0.28483620285987854,-0.38189512491226196,0.3047076463699341,0.6356115937232971,0.6461542844772339,0.25463515520095825,2.1551527976989746,0.23915186524391174,2.6885759830474854,1.4103724956512451,-0.3724992871284485,0.2947418689727783,1.2843892574310303
322,0.8658638000488281,1.1054959297180176,-0.2633703052997589,1.3906333446502686,0.1651480495929718,0.12188628315925598,0.381448358297348,0.5221875309944153,0.2816411554813385,0.6940399408340454,-0.5722477436065674,0.282547265291214,-0.07124697417020798,-0.663794755935669,-0.020181849598884583,0.8451765179634094,0.8348714113235474,-0.43383604288101196,2.5761451721191406,0.4972524344921112,3.11043643951416,1.6358637809753418,-0.34391844272613525,-0.3263770341873169,0.9330159425735474
323,0.8960110545158386,0.20735511183738708,0.6229273080825806,-0.24563124775886536,-0.7663074135780334,-0.6821067333221436,-0.8709044456481934,1.5030304193496704,0.3292301297187805,-0.029700689017772675,0.7034227252006531,-1.3211287260055542,-0.838201642036438,0.6121379137039185,0.8349220752716064,0.1826401948928833,0.2333560436964035,1.9540719985961914,0.9371260404586792,0.16424903273582458,1.0662622451782227,0.03472930192947388,-0.4422224462032318,1.9121439456939697,2.444105863571167
324,0.9497289061546326,0.1451614499092102,0.6384520530700684,-0.09725478291511536,-0.7729799747467041,-0.644785463809967,-0.5437594652175903,1.4827008247375488,0.268657922744751,-0.00010401010513305664,0.5135300755500793,-1.0660566091537476,-0.7804738283157349,0.5466270446777344,0.7542062997817993,0.195163756608963,0.30084264278411865,1.5833964347839355,1.0415587425231934,0.23214933276176453,1.1550229787826538,0.005198188126087189,-0.4320073127746582,1.5989688634872437,2.104926586151123
325,0.9859104156494141,0.20618321001529694,0.8876787424087524,-0.647599458694458,-0.8551622033119202,-0.7252068519592285,-0.902820348739624,1.5197737216949463,-0.05710946023464203,-0.017210111021995544,1.0044786930084229,-1.4535878896713257,-0.9963550567626953,0.630113422870636,1.279497504234314,-0.05747184157371521,0.00931376963853836,2.344447374343872,0.6835149526596069,-0.03091169148683548,0.7524553537368774,-0.06334927678108215,-0.4758968949317932,2.2759525775909424,2.420936346054077
326,0.9485552906990051,0.80348801612854,0.1320836842060089,0.7416087985038757,-0.15673291683197021,-0.1415967494249344,0.07341751456260681,0.8245501518249512,0.10055123269557953,0.4784846901893616,-0.0842994898557663,-0.1976684033870697,-0.36243578791618347,-0.30055373907089233,0.4442397356033325,0.5425228476524353,0.5654891133308411,0.5544097423553467,2.056971788406372,0.004357852041721344,2.6885743141174316,1.5087116956710815,-0.3463352918624878,0.5739114284515381,1.4105279445648193
327,0.9728931784629822,0.8160018920898438,0.03334103524684906,0.730504035949707,-0.15112848579883575,-0.1901487112045288,-0.24926821887493134,0.8788621425628662,0.33831384778022766,0.4137946665287018,-0.00583377480506897,-0.426738440990448,-0.3718033730983734,-0.195214182138443,0.34192800521850586,0.6159085631370544,0.586594820022583,0.6343402862548828,1.9757059812545776,0.29649171233177185,2.4817709922790527,1.2294448614120483,-0.33430933952331543,0.6041514277458191,1.6807020902633667
328,0.9804878830909729,0.39973965287208557,-0.036399200558662415,1.0121681690216064,-0.3113787770271301,-0.3454606533050537,-0.04591056704521179,1.1289715766906738,0.7831946611404419,0.19316385686397552,-0.30678924918174744,-0.31077438592910767,-0.29390037059783936,0.01112702488899231,-0.07562271505594254,0.7863733768463135,0.8202952146530151,0.12197068333625793,2.0236120223999023,0.8170300722122192,2.3038530349731445,0.6473507881164551,-0.3024185299873352,0.2083180844783783,1.6784659624099731
329,0.917164146900177,0.5197229981422424,-0.2674728333950043,1.4714821577072144,-0.10705414414405823,-0.18774612247943878,0.3249971270561218,0.9364359974861145,0.8506659269332886,0.3179679811000824,-0.6748520135879517,0.12522703409194946,-0.08657140284776688,-0.291012704372406,-0.34152695536613464,0.9922143220901489,1.0163586139678955,-0.4084330201148987,2.4844212532043457,0.8689934611320496,2.9021687507629395,1.0647655725479126,-0.3405115604400635,-0.3021341562271118,1.4020946025848389
330,0.9807706475257874,0.9034966826438904,-0.29815441370010376,1.4140515327453613,0.08161881566047668,-0.0036164522171020508,0.2666063606739044,0.6774957776069641,0.5457895994186401,0.5408520102500916,-0.5753892660140991,0.16386649012565613,-0.07744984328746796,-0.5236794948577881,-0.14334821701049805,0.9251649379730225,0.9033254384994507,-0.44341331720352173,2.4985592365264893,0.7670756578445435,2.9231927394866943,1.30629563331604,-0.33133748173713684,-0.3401738405227661,1.1810150146484375
331,0.9793804287910461,0.6284894347190857,0.07136908173561096,0.7164361476898193,-0.2586600184440613,-0.28726518154144287,-0.24820172786712646,1.0153130292892456,0.46828973293304443,0.30208414793014526,-0.02263641357421875,-0.47917795181274414,-0.394779771566391,-0.05867171287536621,0.27247899770736694,0.6251050233840942,0.6208739280700684,0.6453119516372681,1.907723069190979,0.33617645502090454,2.3081836700439453,0.9376732110977173,-0.40310269594192505,0.6894190907478333,1.7566320896148682
332,0.8543962240219116,0.3176928162574768,0.04707414656877518,0.9235236048698425,-0.3860243260860443,-0.3906190097332001,-0.027916669845581055,1.192628026008606,0.7447102069854736,0.15432146191596985,-0.2648985981941223,-0.34763801097869873,-0.3381991386413574,0.08492803573608398,-0.021273598074913025,0.7282068729400635,0.7874686121940613,0.13903415203094482,1.8858660459518433,1.0056617259979248,2.0346336364746094,0.36910107731819153,-0.2536623179912567,0.2198895514011383,1.7432632446289062
333,0.9665077924728394,0.8091987371444702,0.1239263117313385,0.5916268229484558,-0.20275424420833588,-0.21003970503807068,-0.29318949580192566,0.9057616591453552,0.24254260957241058,0.4103728234767914,0.0904054045677185,-0.5048254132270813,-0.43189239501953125,-0.13728971779346466,0.4513247609138489,0.5292253494262695,0.5145662426948547,0.7921022176742554,1.8837839365005493,0.13474461436271667,2.34047794342041,1.1571956872940063,-0.436576783657074,0.8094099760055542,1.679719090461731
334,0.9913836121559143,-0.11469689011573792,0.9001442790031433,-0.5737993121147156,-1.0218355655670166,-0.8751300573348999,-0.8630247116088867,1.7458120584487915,0.23684343695640564,-0.2039623260498047,0.8927699327468872,-1.4913610219955444,-0.9975877404212952,0.8570804595947266,1.0568761825561523,0.006212271749973297,0.11995900422334671,2.345743417739868,0.6970689296722412,0.20486432313919067,0.722599983215332,-0.31744155287742615,-0.40462327003479004,2.274132251739502,2.6913952827453613
335,0.9129233956336975,1.2917935848236084,-0.5456274747848511,1.8525582551956177,0.38942259550094604,0.29261210560798645,0.6023082137107849,0.3211022913455963,0.42735958099365234,0.8283603191375732,-0.9151531457901001,0.6225728988647461,0.13605055212974548,-0.9245902299880981,-0.34474653005599976,1.0710138082504272,1.0323681831359863,-1.166549801826477,2.9632678031921387,0.795826256275177,3.542945384979248,1.8619751930236816,-0.2754002809524536,-1.0183353424072266,0.6840831637382507
336,0.960846483707428,0.8619946241378784,0.018809176981449127,0.9184455871582031,-0.07845775038003922,-0.08650532364845276,0.13510990142822266,0.7616573572158813,0.18479087948799133,0.517158031463623,-0.21296848356723785,-0.08733421564102173,-0.28483620285987854,-0.38189512491226196,0.3047076463699341,0.6356115937232971,0.6461542844772339,0.25463515520095825,2.1551527976989746,0.23915186524391174,2.6885759830474854,1.4103724956512451,-0.3724992871284485,0.2947418689727783,1.2843892574310303
337,0.8658638000488281,1.1054959297180176,-0.2633703052997589,1.3906333446502686,0.1651480495929718,0.12188628315925598,0.381448358297348,0.5221875309944153,0.2816411554813385,0.6940399408340454,-0.5722477436065674,0.282547265291214,-0.07124697417020798,-0.663794755935669,-0.020181849598884583,0.8451765179634094,0.8348714113235474,-0.43383604288101196,2.5761451721191406,0.4972524344921112,3.11043643951416,1.6358637809753418,-0.34391844272613525,-0.3263770341873169,0.9330159425735474
338,0.8960110545158386,0.20735511183738708,0.6229273080825806,-0.24563124775886536,-0.7663074135780334,-0.6821067333221436,-0.8709044456481934,1.5030304193496704,0.3292301297187805,-0.029700689017772675,0.7034227252006531,-1.3211287260055542,-0.838201642036438,0.6121379137039185,0.8349220752716064,0.1826401948928833,0.2333560436964035,1.9540719985961914,0.9371260404586792,0.16424903273582458,1.0662622451782227,0.03472930192947388,-0.4422224462032318,1.9121439456939697,2.444105863571167
339,0.9497289061546326,0.1451614499092102,0.6384520530700684,-0.09725478291511536,-0.7729799747467041,-0.644785463809967,-0.5437594652175903,1.4827008247375488,0.268657922744751,-0.00010401010513305664,0.5135300755500793,-1.0660566091537476,-0.7804738283157349,0.5466270446777344,0.7542062997817993,0.195163756608963,0.30084264278411865,1.5833964347839355,1.0415587425231934,0.23214933276176453,1.1550229787826538,0.005198188126087189,-0.4320073127746582,1.5989688634872437,2.104926586151123
340,0.9859104156494141,0.20618321001529694,0.8876787424087524,-0.647599458694458,-0.8551622033119202,-0.7252068519592285,-0.902820348739624,1.5197737216949463,-0.05710946023464203,-0.017210111021995544,1.0044786930084229,-1.4535878896713257,-0.9963550567626953,0.630113422870636,1.279497504234314,-0.05747184157371521,0.00931376963853836,2.344447374343872,0.6835149526596069,-0.03091169148683548,0.7524553537368774,-0.06334927678108215,-0.4758968949317932,2.2759525775909424,2.420936346054077
341,0.9485552906990051,0.80348801612854,0.1320836842060089,0.7416087985038757,-0.15673291683197021,-0.1415967494249344,0.07341751456260681,0.8245501518249512,0.10055123269557953,0.4784846901893616,-0.0842994898557663,-0.1976684033870697,-0.36243578791618347,-0.30055373907089233,0.4442397356033325,0.5425228476524353,0.5654891133308411,0.5544097423553467,2.056971788406372,0.004357852041721344,2.6885743141174316,1.5087116956710815,-0.3463352918624878,0.5739114284515381,1.4105279445648193
342,0.9728931784629822,0.8160018920898438,0.03334103524684906,0.730504035949707,-0.15112848579883575,-0.1901487112045288,-0.24926821887493134,0.8788621425628662,0.33831384778022766,0.4137946665287018,-0.00583377480506897,-0.426738440990448,-0.3718033730983734,-0.195214182138443,0.34192800521850586,0.6159085631370544,0.586594820022583,0.6343402862548828,1.9757059812545776,0.29649171233177185,2.4817709922790527,1.2294448614120483,-0.33430933952331543,0.6041514277458191,1.6807020902633667
343,0.9804878830909729,0.39973965287208557,-0.036399200558662415,1.0121681690216064,-0.3113787770271301,-0.3454606533050537,-0.04591056704521179,1.1289715766906738,0.7831946611404419,0.19316385686397552,-0.30678924918174744,-0.31077438592910767,-0.29390037059783936,0.01112702488899231,-0.07562271505594254,0.7863733768463135,0.8202952146530151,0.12197068333625793,2.0236120223999023,0.8170300722122192,2.3038530349731445,0.6473507881164551,-0.3024185299873352,0.2083180844783783,1.6784659624099731
344,0.917164146900177,0.5197229981422424,-0.2674728333950043,1.4714821577072144,-0.10705414414405823,-0.18774612247943878,0.3249971270561218,0.9364359974861145,0.8506659269332886,0.3179679811000824,-0.6748520135879517,0.12522703409194946,-0.08657140284776688,-0.291012704372406,-0.34152695536613464,0.9922143220901489,1.0163586139678955,-0.4084330201148987,2.4844212532043457,0.8689934611320496,2.9021687507629395,1.0647655725479126,-0.3405115604400635,-0.3021341562271118,1.4020946025848389
345,0.9807706475257874,0.9034966826438904,-0.29815441370010376,1.4140515327453613,0.08161881566047668,-0.0036164522171020508,0.2666063606739044,0.6774957776069641,0.5457895994186401,0.5408520102500916,-0.5753892660140991,0.16386649012565613,-0.07744984328746796,-0.5236794948577881,-0.14334821701049805,0.9251649379730225,0.9033254384994507,-0.44341331720352173,2.4985592365264893,0.7670756578445435,2.9231927394866943,1.30629563331604,-0.33133748173713684,-0.3401738405227661,1.1810150146484375
346,0.9793804287910461,0.6284894347190857,0.07136908173561096,0.7164361476898193,-0.2586600184440613,-0.28726518154144287,-0.24820172786712646,1.0153130292892456,0.46828973293304443,0.30208414793014526,-0.02263641357421875,-0.47917795181274414,-0.394779771566391,-0.05867171287536621,0.27247899770736694,0.6251050233840942,0.6208739280700684,0.6453119516372681,1.907723069190979,0.33617645502090454,2.3081836700439453,0.9376732110977173,-0.40310269594192505,0.6894190907478333,1.7566320896148682
347,0.8543962240219116,0.3176928162574768,0.04707414656877518,0.9235236048698425,-0.3860243260860443,-0.3906190097332001,-0.027916669845581055,1.192628026008606,0.7447102069854736,0.15432146191596985,-0.2648985981941223,-0.34763801097869873,-0.3381991386413574,0.08492803573608398,-0.021273598074913025,0.7282068729400635,0.7874686121940613,0.13903415203094482,1.8858660459518433,1.0056617259979248,2.0346336364746094,0.36910107731819153,-0.2536623179912567,0.2198895514011383,1.7432632446289062
348,0.9665077924728394,0.8091987371444702,0.1239263117313385,0.5916268229484558,-0.20275424420833588,-0.21003970503807068,-0.29318949580192566,0.9057616591453552,0.24254260957241058,0.4103728234767914,0.0904054045677185,-0.5048254132270813,-0.43189239501953125,-0.13728971779346466,0.4513247609138489,0.5292253494262695,0.5145662426948547,0.7921022176742554,1.8837839365005493,0.13474461436271667,2.34047794342041,1.1571956872940063,-0.436576783657074,0.8094099760055542,1.679719090461731
349,0.9913836121559143,-0.11469689011573792,0.9001442790031433,-0.5737993121147156,-1.0218355655670166,-0.8751300573348999,-0.8630247116088867,1.7458120584487915,0.23684343695640564,-0.2039623260498047,0.8927699327468872,-1.4913610219955444,-0.9975877404212952,0.8570804595947266,1.0568761825561523,0.006212271749973297,0.11995900422334671,2.345743417739868,0.6970689296722412,0.20486432313919067,0.722599983215332,-0.31744155287742615,-0.40462327003479004,2.274132251739502,2.6913952827453613
350,0.9129233956336975,1.2917935848236084,-0.5456274747848511,1.8525582551956177,0.38942259550094604,0.29261210560798645,0.6023082137107849,0.3211022913455963,0.42735958099365234,0.8283603191375732,-0.9151531457901001,0.6225728988647461,0.13605055212974548,-0.9245902299880981,-0.34474653005599976,1.0710138082504272,1.0323681831359863,-1.166549801826477,2.9632678031921387,0.795826256275177,3.542945384979248,1.8619751930236816,-0.2754002809524536,-1.0183353424072266,0.6840831637382507
351,0.960846483707428,0.8619946241378784,0.018809176981449127,0.9184455871582031,-0.07845775038003922,-0.08650532364845276,0.13510990142822266,0.7616573572158813,0.18479087948799133,0.517158031463623,-0.21296848356723785,-0.08733421564102173,-0.28483620285987854,-0.38189512491226196,0.3047076463699341,0.6356115937232971,0.6461542844772339,0.25463515520095825,2.1551527976989746,0.23915186524391174,2.6885759830474854,1.4103724956512451,-0.3724992871284485,0.2947418689727783,1.2843892574310303
352,0.8658638000488281,1.1054959297180176,-0.2633703052997589,1.3906333446502686,0.1651480495929718,0.12188628315925598,0.381448358297348,0.5221875309944153,0.2816411554813385,0.6940399408340454,-0.5722477436065674,0.282547265291214,-0.07124697417020798,-0.663794755935669,-0.020181849598884583,0.8451765179634094,0.8348714113235474,-0.43383604288101196,2.5761451721191406,0.4972524344921112,3.11043643951416,1.6358637809753418,-0.34391844272613525,-0.3263770341873169,0.9330159425735474
353,0.8960110545158386,0.20735511183738708,0.6229273080825806,-0.24563124775886536,-0.7663074135780334,-0.6821067333221436,-0.8709044456481934,1.5030304193496704,0.3292301297187805,-0.029700689017772675,0.7034227252006531,-1.3211287260055542,-0.838201642036438,0.6121379137039185,0.8349220752716064,0.1826401948928833,0.2333560436964035,1.9540719985961914,0.9371260404586792,0.16424903273582458,1.0662622451782227,0.03472930192947388,-0.4422224462032318,1.9121439456939697,2.444105863571167
354,0.9497289061546326,0.1451614499092102,0.6384520530700684,-0.09725478291511536,-0.7729799747467041,-0.644785463809967,-0.5437594652175903,1.4827008247375488,0.268657922744751,-0.00010401010513305664,0.5135300755500793,-1.0660566091537476,-0.7804738283157349,0.5466270446777344,0.7542062997817993,0.195163756608963,0.30084264278411865,1.5833964347839355,1.0415587425231934,0.23214933276176453,1.1550229787826538,0.005198188126087189,-0.4320073127746582,1.5989688634872437,2.104926586151123
355,0.9859104156494141,0.20618321001529694,0.8876787424087524,-0.647599458694458,-0.8551622033119202,-0.7252068519592285,-0.902820348739624,1.5197737216949463,-0.05710946023464203,-0.017210111021995544,1.0044786930084229,-1.4535878896713257,-0.9963550567626953,0.630113422870636,1.279497504234314,-0.05747184157371521,0.00931376963853836,2.344447374343872,0.6835149526596069,-0.03091169148683548,0.7524553537368774,-0.06334927678108215,-0.4758968949317932,2.2759525775909424,2.420936346054077
356,0.9485552906990051,0.80348801612854,0.1320836842060089,0.7416087985038757,-0.15673291683197021,-0.1415967494249344,0.07341751456260681,0.8245501518249512,0.10055123269557953,0.4784846901893616,-0.0842994898557663,-0.1976684033870697,-0.36243578791618347,-0.30055373907089233,0.4442397356033325,0.5425228476524353,0.5654891133308411,0.5544097423553467,2.056971788406372,0.004357852041721344,2.6885743141174316,1.5087116956710815,-0.3463352918624878,0.5739114284515381,1.4105279445648193
357,0.9728931784629822,0.8160018920898438,0.03334103524684906,0.730504035949707,-0.15112848579883575,-0.1901487112045288,-0.24926821887493134,0.8788621425628662,0.33831384778022766,0.4137946665287018,-0.00583377480506897,-0.426738440990448,-0.3718033730983734,-0.195214182138443,0.34192800521850586,0.6159085631370544,0.586594820022583,0.6343402862548828,1.9757059812545776,0.29649171233177185,2.4817709922790527,1.2294448614120483,-0.33430933952331543,0.6041514277458191,1.6807020902633667
358,0.9804878830909729,0.39973965287208557,-0.036399200558662415,1.0121681690216064,-0.3113787770271301,-0.3454606533050537,-0.04591056704521179,1.1289715766906738,0.7831946611404419,0.19316385686397552,-0.30678924918174744,-0.31077438592910767,-0.29390037059783936,0.01112702488899231,-0.07562271505594254,0.7863733768463135,0.8202952146530151,0.12197068333625793,2.0236120223999023,0.8170300722122192,2.3038530349731445,0.6473507881164551,-0.3024185299873352,0.2083180844783783,1.6784659624099731
359,0.917164146900177,0.5197229981422424,-0.2674728333950043,1.4714821577072144,-0.10705414414405823,-0.18774612247943878,0.3249971270561218,0.9364359974861145,0.8506659269332886,0.3179679811000824,-0.6748520135879517,0.12522703409194946,-0.08657140284776688,-0.291012704372406,-0.34152695536613464,0.9922143220901489,1.0163586139678955,-0.4084330201148987,2.4844212532043457,0.8689934611320496,2.9021687507629395,1.0647655725479126,-0.3405115604400635,-0.3021341562271118,1.4020946025848389
360,0.9807706475257874,0.9034966826438904,-0.29815441370010376,1.4140515327453613,0.08161881566047668,-0.0036164522171020508,0.2666063606739044,0.6774957776069641,0.5457895994186401,0.5408520102500916,-0.5753892660140991,0.16386649012565613,-0.07744984328746796,-0.5236794948577881,-0.14334821701049805,0.9251649379730225,0.9033254384994507,-0.44341331720352173,2.4985592365264893,0.7670756578445435,2.9231927394866943,1.30629563331604,-0.33133748173713684,-0.3401738405227661,1.1810150146484375
361,0.9793804287910461,0.6284894347190857,0.07136908173561096,0.7164361476898193,-0.2586600184440613,-0.28726518154144287,-0.24820172786712646,1.0153130292892456,0.46828973293304443,0.30208414793014526,-0.02263641357421875,-0.47917795181274414,-0.394779771566391,-0.05867171287536621,0.27247899770736694,0.6251050233840942,0.6208739280700684,0.6453119516372681,1.907723069190979,0.33617645502090454,2.3081836700439453,0.9376732110977173,-0.40310269594192505,0.6894190907478333,1.7566320896148682
362,0.8543962240219116,0.3176928162574768,0.04707414656877518,0.9235236048698425,-0.3860243260860443,-0.3906190097332001,-0.027916669845581055,1.192628026008606,0.7447102069854736,0.15432146191596985,-0.2648985981941223,-0.34763801097869873,-0.3381991386413574,0.08492803573608398,-0.021273598074913025,0.7282068729400635,0.7874686121940613,0.13903415203094482,1.8858660459518433,1.0056617259979248,2.0346336364746094,0.36910107731819153,-0.2536623179912567,0.2198895514011383,1.7432632446289062
363,0.9665077924728394,0.8091987371444702,0.1239263117313385,0.5916268229484558,-0.20275424420833588,-0.21003970503807068,-0.29318949580192566,0.9057616591453552,0.24254260957241058,0.4103728234767914,0.0904054045677185,-0.5048254132270813,-0.43189239501953125,-0.13728971779346466,0.4513247609138489,0.5292253494262695,0.5145662426948547,0.7921022176742554,1.8837839365005493,0.13474461436271667,2.34047794342041,1.1571956872940063,-0.436576783657074,0.8094099760055542,1.679719090461731
364,0.9913836121559143,-0.11469689011573792,0.9001442790031433,-0.5737993121147156,-1.0218355655670166,-0.8751300573348999,-0.8630247116088867,1.7458120584487915,0.23684343695640564,-0.2039623260498047,0.8927699327468872,-1.4913610219955444,-0.9975877404212952,0.8570804595947266,1.0568761825561523,0.006212271749973297,0.11995900422334671,2.345743417739868,0.6970689296722412,0.20486432313919067,0.722599983215332,-0.31744155287742615,-0.40462327003479004,2.274132251739502,2.6913952827453613
365,0.9129233956336975,1.2917935848236084,-0.5456274747848511,1.8525582551956177,0.38942259550094604,0.29261210560798645,0.6023082137107849,0.3211022913455963,0.42735958099365234,0.8283603191375732,-0.9151531457901001,0.6225728988647461,0.13605055212974548,-0.9245902299880981,-0.34474653005599976,1.0710138082504272,1.0323681831359863,-1.166549801826477,2.9632678031921387,0.795826256275177,3.542945384979248,1.8619751930236816,-0.2754002809524536,-1.0183353424072266,0.6840831637382507
366,0.960846483707428,0.8619946241378784,0.018809176981449127,0.9184455871582031,-0.07845775038003922,-0.08650532364845276,0.13510990142822266,0.7616573572158813,0.18479087948799133,0.517158031463623,-0.21296848356723785,-0.08733421564102173,-0.28483620285987854,-0.38189512491226196,0.3047076463699341,0.6356115937232971,0.6461542844772339,0.25463515520095825,2.1551527976989746,0.23915186524391174,2.6885759830474854,1.4103724956512451,-0.3724992871284485,0.2947418689727783,1.2843892574310303
367,0.8658638000488281,1.1054959297180176,-0.2633703052997589,1.3906333446502686,0.1651480495929718,0.12188628315925598,0.381448358297348,0.5221875309944153,0.2816411554813385,0.6940399408340454,-0.5722477436065674,0.282547265291214,-0.07124697417020798,-0.663794755935669,-0.020181849598884583,0.8451765179634094,0.8348714113235474,-0.43383604288101196,2.5761451721191406,0.4972524344921112,3.11043643951416,1.6358637809753418,-0.34391844272613525,-0.3263770341873169,0.9330159425735474
368,0.8960110545158386,0.20735511183738708,0.6229273080825806,-0.24563124775886536,-0.7663074135780334,-0.6821067333221436,-0.8709044456481934,1.5030304193496704,0.3292301297187805,-0.029700689017772675,0.7034227252006531,-1.3211287260055542,-0.838201642036438,0.6121379137039185,0.8349220752716064,0.1826401948928833,0.2333560436964035,1.9540719985961914,0.9371260404586792,0.16424903273582458,1.0662622451782227,0.03472930192947388,-0.4422224462032318,1.9121439456939697,2.444105863571167
369,0.9497289061546326,0.1451614499092102,0.6384520530700684,-0.09725478291511536,-0.7729799747467041,-0.644785463809967,-0.5437594652175903,1.4827008247375488,0.268657922744751,-0.00010401010513305664,0.5135300755500793,-1.0660566091537476,-0.7804738283157349,0.5466270446777344,0.7542062997817993,0.195163756608963,0.30084264278411865,1.5833964347839355,1.0415587425231934,0.23214933276176453,1.1550229787826538,0.005198188126087189,-0.4320073127746582,1.5989688634872437,2.104926586151123
370,0.9859104156494141,0.20618321001529694,0.8876787424087524,-0.647599458694458,-0.8551622033119202,-0.7252068519592285,-0.902820348739624,1.5197737216949463,-0.05710946023464203,-0.017210111021995544,1.0044786930084229,-1.4535878896713257,-0.9963550567626953,0.630113422870636,1.279497504234314,-0.05747184157371521,0.00931376963853836,2.344447374343872,0.6835149526596069,-0.03091169148683548,0.7524553537368774,-0.06334927678108215,-0.4758968949317932,2.2759525775909424,2.420936346054077
371,0.9485552906990051,0.80348801612854,0.1320836842060089,0.7416087985038757,-0.15673291683197021,-0.1415967494249344,0.07341751456260681,0.8245501518249512,0.10055123269557953,0.4784846901893616,-0.0842994898557663,-0.1976684033870697,-0.36243578791618347,-0.30055373907089233,0.4442397356033325,0.5425228476524353,0.5654891133308411,0.5544097423553467,2.056971788406372,0.004357852041721344,2.6885743141174316,1.5087116956710815,-0.3463352918624878,0.5739114284515381,1.4105279445648193
372,0.9728931784629822,0.8160018920898438,0.03334103524684906,0.730504035949707,-0.15112848579883575,-0.1901487112045288,-0.24926821887493134,0.8788621425628662,0.33831384778022766,0.4137946665287018,-0.00583377480506897,-0.426738440990448,-0.3718033730983734,-0.195214182138443,0.34192800521850586,0.6159085631370544,0.586594820022583,0.6343402862548828,1.9757059812545776,0.29649171233177185,2.4817709922790527,1.2294448614120483,-0.33430933952331543,0.6041514277458191,1.6807020902633667
373,0.9804878830909729,0.39973965287208557,-0.036399200558662415,1.0121681690216064,-0.3113787770271301,-0.3454606533050537,-0.04591056704521179,1.1289715766906738,0.7831946611404419,0.19316385686397552,-0.30678924918174744,-0.31077438592910767,-0.29390037059783936,0.01112702488899231,-0.07562271505594254,0.7863733768463135,0.8202952146530151,0.12197068333625793,2.0236120223999023,0.8170300722122192,2.3038530349731445,0.6473507881164551,-0.3024185299873352,0.2083180844783783,1.6784659624099731
374,0.917164146900177,0.5197229981422424,-0.2674728333950043,1.4714821577072144,-0.10705414414405823,-0.18774612247943878,0.3249971270561218,0.9364359974861145,0.8506659269332886,0.3179679811000824,-0.6748520135879517,0.12522703409194946,-0.08657140284776688,-0.291012704372406,-0.34152695536613464,0.9922143220901489,1.0163586139678955,-0.4084330201148987,2.4844212532043457,0.8689934611320496,2.9021687507629395,1.0647655725479126,-0.3405115604400635,-0.3021341562271118,1.4020946025848389
375,0.9807706475257874,0.9034966826438904,-0.29815441370010376,1.4140515327453613,0.08161881566047668,-0.0036164522171020508,0.2666063606739044,0.6774957776069641,0.5457895994186401,0.5408520102500916,-0.5753892660140991,0.16386649012565613,-0.07744984328746796,-0.5236794948577881,-0.14334821701049805,0.9251649379730225,0.9033254384994507,-0.44341331720352173,2.4985592365264893,0.7670756578445435,2.9231927394866943,1.30629563331604,-0.33133748173713684,-0.3401738405227661,1.1810150146484375
376,0.9793804287910461,0.6284894347190857,0.07136908173561096,0.7164361476898193,-0.2586600184440613,-0.28726518154144287,-0.24820172786712646,1.0153130292892456,0.46828973293304443,0.30208414793014526,-0.02263641357421875,-0.47917795181274414,-0.394779771566391,-0.05867171287536621,0.27247899770736694,0.6251050233840942,0.6208739280700684,0.6453119516372681,1.907723069190979,0.33617645502090454,2.3081836700439453,0.9376732110977173,-0.40310269594192505,0.6894190907478333,1.7566320896148682
377,0.8543962240219116,0.3176928162574768,0.04707414656877518,0.9235236048698425,-0.3860243260860443,-0.3906190097332001,-0.027916669845581055,1.192628026008606,0.7447102069854736,0.15432146191596985,-0.2648985981941223,-0.34763801097869873,-0.3381991386413574,0.08492803573608398,-0.021273598074913025,0.7282068729400635,0.7874686121940613,0.13903415203094482,1.8858660459518433,1.0056617259979248,2.0346336364746094,0.36910107731819153,-0.2536623179912567,0.2198895514011383,1.7432632446289062
378,0.9665077924728394,0.8091987371444702,0.1239263117313385,0.5916268229484558,-0.20275424420833588,-0.21003970503807068,-0.29318949580192566,0.9057616591453552,0.24254260957241058,0.4103728234767914,0.0904054045677185,-0.5048254132270813,-0.43189239501953125,-0.13728971779346466,0.4513247609138489,0.5292253494262695,0.5145662426948547,0.7921022176742554,1.8837839365005493,0.13474461436271667,2.34047794342041,1.1571956872940063,-0.436576783657074,0.8094099760055542,1.679719090461731
379,0.9913836121559143,-0.11469689011573792,0.9001442790031433,-0.5737993121147156,-1.0218355655670166,-0.8751300573348999,-0.8630247116088867,1.7458120584487915,0.23684343695640564,-0.2039623260498047,0.8927699327468872,-1.4913610219955444,-0.9975877404212952,0.8570804595947266,1.0568761825561523,0.006212271749973297,0.11995900422334671,2.345743417739868,0.6970689296722412,0.20486432313919067,0.722599983215332,-0.31744155287742615,-0.40462327003479004,2.274132251739502,2.6913952827453613
380,0.9129233956336975,1.2917935848236084,-0.5456274747848511,1.8525582551956177,0.38942259550094604,0.29261210560798645,0.6023082137107849,0.3211022913455963,0.42735958099365234,0.8283603191375732,-0.9151531457901001,0.6225728988647461,0.13605055212974548,-0.9245902299880981,-0.34474653005599976,1.0710138082504272,1.0323681831359863,-1.166549801826477,2.9632678031921387,0.795826256275177,3.542945384979248,1.8619751930236816,-0.2754002809524536,-1.0183353424072266,0.6840831637382507
381,0.960846483707428,0.8619946241378784,0.018809176981449127,0.9184455871582031,-0.07845775038003922,-0.08650532364845276,0.13510990142822266,0.7616573572158813,0.18479087948799133,0.517158031463623,-0.21296848356723785,-0.08733421564102173,-0.28483620285987854,-0.38189512491226196,0.3047076463699341,0.6356115937232971,0.6461542844772339,0.25463515520095825,2.1551527976989746,0.23915186524391174,2.6885759830474854,1.4103724956512451,-0.3724992871284485,0.2947418689727783,1.2843892574310303
382,0.8658638000488281,1.1054959297180176,-0.2633703052997589,1.3906333446502686,0.1651480495929718,0.12188628315925598,0.381448358297348,0.5221875309944153,0.2816411554813385,0.6940399408340454,-0.5722477436065674,0.282547265291214,-0.07124697417020798,-0.663794755935669,-0.020181849598884583,0.8451765179634094,0.8348714113235474,-0.43383604288101196,2.5761451721191406,0.4972524344921112,3.11043643951416,1.6358637809753418,-0.34391844272613525,-0.3263770341873169,0.9330159425735474
383,0.8960110545158386,0.20735511183738708,0.6229273080825806,-0.24563124775886536,-0.7663074135780334,-0.6821067333221436,-0.8709044456481934,1.5030304193496704,0.3292301297187805,-0.029700689017772675,0.7034227252006531,-1.3211287260055542,-0.838201642036438,0.6121379137039185,0.8349220752716064,0.1826401948928833,0.2333560436964035,1.9540719985961914,0.9371260404586792,0.16424903273582458,1.0662622451782227,0.03472930192947388,-0.4422224462032318,1.9121439456939697,2.444105863571167
384,0.9497289061546326,0.1451614499092102,0.6384520530700684,-0.09725478291511536,-0.7729799747467041,-0.644785463809967,-0.5437594652175903,1.4827008247375488,0.268657922744751,-0.00010401010513305664,0.5135300755500793,-1.0660566091537476,-0.7804738283157349,0.5466270446777344,0.7542062997817993,0.195163756608963,0.30084264278411865,1.5833964347839355,1.0415587425231934,0.23214933276176453,1.1550229787826538,0.005198188126087189,-0.4320073127746582,1.5989688634872437,2.104926586151123
385,0.9859104156494141,0.20618321001529694,0.8876787424087524,-0.647599458694458,-0.8551622033119202,-0.7252068519592285,-0.902820348739624,1.5197737216949463,-0.05710946023464203,-0.017210111021995544,1.0044786930084229,-1.4535878896713257,-0.9963550567626953,0.630113422870636,1.279497504234314,-0.05747184157371521,0.00931376963853836,2.344447374343872,0.6835149526596069,-0.03091169148683548,0.7524553537368774,-0.06334927678108215,-0.4758968949317932,2.2759525775909424,2.420936346054077
386,0.9485552906990051,0.80348801612854,0.1320836842060089,0.7416087985038757,-0.15673291683197021,-0.1415967494249344,0.07341751456260681,0.8245501518249512,0.10055123269557953,0.4784846901893616,-0.0842994898557663,-0.1976684033870697,-0.36243578791618347,-0.30055373907089233,0.4442397356033325,0.5425228476524353,0.5654891133308411,0.5544097423553467,2.056971788406372,0.004357852041721344,2.6885743141174316,1.5087116956710815,-0.3463352918624878,0.5739114284515381,1.4105279445648193
387,0.9728931784629822,0.8160018920898438,0.03334103524684906,0.730504035949707,-0.15112848579883575,-0.1901487112045288,-0.24926821887493134,0.8788621425628662,0.33831384778022766,0.4137946665287018,-0.00583377480506897,-0.426738440990448,-0.3718033730983734,-0.195214182138443,0.34192800521850586,0.6159085631370544,0.586594820022583,0.6343402862548828,1.9757059812545776,0.29649171233177185,2.4817709922790527,1.2294448614120483,-0.33430933952331543,0.6041514277458191,1.6807020902633667
388,0.9804878830909729,0.39973965287208557,-0.036399200558662415,1.0121681690216064,-0.3113787770271301,-0.3454606533050537,-0.04591056704521179,1.1289715766906738,0.7831946611404419,0.19316385686397552,-0.30678924918174744,-0.31077438592910767,-0.29390037059783936,0.01112702488899231,-0.07562271505594254,0.7863733768463135,0.8202952146530151,0.12197068333625793,2.0236120223999023,0.8170300722122192,2.3038530349731445,0.6473507881164551,-0.3024185299873352,0.2083180844783783,1.6784659624099731
389,0.917164146900177,0.5197229981422424,-0.2674728333950043,1.4714821577072144,-0.10705414414405823,-0.18774612247943878,0.3249971270561218,0.9364359974861145,0.8506659269332886,0.3179679811000824,-0.6748520135879517,0.12522703409194946,-0.08657140284776688,-0.291012704372406,-0.34152695536613464,0.9922143220901489,1.0163586139678955,-0.4084330201148987,2.4844212532043457,0.8689934611320496,2.9021687507629395,1.0647655725479126,-0.3405115604400635,-0.3021341562271118,1.4020946025848389
390,0.9807706475257874,0.9034966826438904,-0.29815441370010376,1.4140515327453613,0.08161881566047668,-0.0036164522171020508,0.2666063606739044,0.6774957776069641,0.5457895994186401,0.5408520102500916,-0.5753892660140991,0.16386649012565613,-0.07744984328746796,-0.5236794948577881,-0.14334821701049805,0.9251649379730225,0.9033254384994507,-0.44341331720352173,2.4985592365264893,0.7670756578445435,2.9231927394866943,1.30629563331604,-0.33133748173713684,-0.3401738405227661,1.1810150146484375
391,0.9793804287910461,0.6284894347190857,0.07136908173561096,0.7164361476898193,-0.2586600184440613,-0.28726518154144287,-0.24820172786712646,1.0153130292892456,0.46828973293304443,0.30208414793014526,-0.02263641357421875,-0.47917795181274414,-0.394779771566391,-0.05867171287536621,0.27247899770736694,0.6251050233840942,0.6208739280700684,0.6453119516372681,1.907723069190979,0.33617645502090454,2.3081836700439453,0.9376732110977173,-0.40310269594192505,0.6894190907478333,1.7566320896148682
392,0.8543962240219116,0.3176928162574768,0.04707414656877518,0.9235236048698425,-0.3860243260860443,-0.3906190097332001,-0.027916669845581055,1.192628026008606,0.7447102069854736,0.15432146191596985,-0.2648985981941223,-0.34763801097869873,-0.3381991386413574,0.08492803573608398,-0.021273598074913025,0.7282068729400635,0.7874686121940613,0.13903415203094482,1.8858660459518433,1.0056617259979248,2.0346336364746094,0.36910107731819153,-0.2536623179912567,0.2198895514011383,1.7432632446289062
393,0.9665077924728394,0.8091987371444702,0.1239263117313385,0.5916268229484558,-0.20275424420833588,-0.21003970503807068,-0.29318949580192566,0.9057616591453552,0.24254260957241058,0.4103728234767914,0.0904054045677185,-0.5048254132270813,-0.43189239501953125,-0.13728971779346466,0.4513247609138489,0.5292253494262695,0.5145662426948547,0.7921022176742554,1.8837839365005493,0.13474461436271667,2.34047794342041,1.1571956872940063,-0.436576783657074,0.8094099760055542,1.679719090461731
394,0.9913836121559143,-0.11469689011573792,0.9001442790031433,-0.5737993121147156,-1.0218355655670166,-0.8751300573348999,-0.8630247116088867,1.7458120584487915,0.23684343695640564,-0.2039623260498047,0.8927699327468872,-1.4913610219955444,-0.9975877404212952,0.8570804595947266,1.0568761825561523,0.006212271749973297,0.11995900422334671,2.345743417739868,0.6970689296722412,0.20486432313919067,0.722599983215332,-0.31744155287742615,-0.40462327003479004,2.274132251739502,2.6913952827453613
395,0.9129233956336975,1.2917935848236084,-0.5456274747848511,1.8525582551956177,0.38942259550094604,0.29261210560798645,0.6023082137107849,0.3211022913455963,0.42735958099365234,0.8283603191375732,-0.9151531457901001,0.6225728988647461,0.13605055212974548,-0.9245902299880981,-0.34474653005599976,1.0710138082504272,1.0323681831359863,-1.166549801826477,2.9632678031921387,0.795826256275177,3.542945384979248,1.8619751930236816,-0.2754002809524536,-1.0183353424072266,0.6840831637382507
396,0.960846483707428,0.8619946241378784,0.018809176981449127,0.9184455871582031,-0.07845775038003922,-0.08650532364845276,0.13510990142822266,0.7616573572158813,0.18479087948799133,0.517158031463623,-0.21296848356723785,-0.08733421564102173,-0.28483620285987854,-0.38189512491226196,0.3047076463699341,0.6356115937232971,0.6461542844772339,0.25463515520095825,2.1551527976989746,0.23915186524391174,2.6885759830474854,1.4103724956512451,-0.3724992871284485,0.2947418689727783,1.2843892574310303
397,0.8658638000488281,1.1054959297180176,-0.2633703052997589,1.3906333446502686,0.1651480495929718,0.12188628315925598,0.381448358297348,0.5221875309944153,0.2816411554813385,0.6940399408340454,-0.5722477436065674,0.282547265291214,-0.07124697417020798,-0.663794755935669,-0.020181849598884583,0.8451765179634094,0.8348714113235474,-0.43383604288101196,2.5761451721191406,0.4972524344921112,3.11043643951416,1.6358637809753418,-0.34391844272613525,-0.3263770341873169,0.9330159425735474
398,0.8960110545158386,0.20735511183738708,0.6229273080825806,-0.24563124775886536,-0.7663074135780334,-0.6821067333221436,-0.8709044456481934,1.5030304193496704,0.3292301297187805,-0.029700689017772675,0.7034227252006531,-1.3211287260055542,-0.838201642036438,0.6121379137039185,0.8349220752716064,0.1826401948928833,0.2333560436964035,1.9540719985961914,0.9371260404586792,0.16424903273582458,1.0662622451782227,0.03472930192947388,-0.4422224462032318,1.9121439456939697,2.444105863571167
399,0.9497289061546326,0.1451614499092102,0.6384520530700684,-0.09725478291511536,-0.7729799747467041,-0.644785463809967,-0.5437594652175903,1.4827008247375488,0.268657922744751,-0.00010401010513305664,0.5135300755500793,-1.0660566091537476,-0.7804738283157349,0.5466270446777344,0.7542062997817993,0.195163756608963,0.30084264278411865,1.5833964347839355,1.0415587425231934,0.23214933276176453,1.1550229787826538,0.005198188126087189,-0.4320073127746582,1.5989688634872437,2.104926586151123
