step,output_true_class_prob,hidden_0_n0,hidden_0_n1,hidden_0_n2,hidden_0_n3,hidden_0_n4,hidden_0_n5,hidden_0_n6,hidden_0_n7,hidden_0_n8,hidden_0_n9,hidden_0_n10,hidden_0_n11,hidden_0_n12,hidden_0_n13,hidden_0_n14,hidden_0_n15,hidden_1_n0,hidden_1_n1,hidden_1_n2,hidden_1_n3,hidden_1_n4,hidden_1_n5,hidden_1_n6,hidden_1_n7
0,0.9228231310844421,-0.3078913688659668,0.9644101858139038,-0.5321869254112244,0.7365154027938843,-0.17602846026420593,0.20726850628852844,-0.46162810921669006,0.4515431523323059,1.0637357234954834,0.36118003726005554,0.1842096745967865,0.016083374619483948,0.899362325668335,-0.09067517518997192,0.680271327495575,-0.1796988695859909,-0.12058582901954651,1.8506383895874023,0.2006383240222931,2.348661422729492,1.0925313234329224,0.1116001307964325,0.9028409719467163,-0.9109089374542236
1,0.8854350447654724,0.11863424628973007,0.5228586196899414,-0.524715006351471,0.6451751589775085,0.406077116727829,1.0852887630462646,-0.5612603425979614,-0.31461456418037415,1.6273815631866455,0.08971215784549713,0.4499461054801941,0.8114433288574219,0.6898530125617981,-0.6933324337005615,1.0635313987731934,-0.8248900175094604,-0.6029756665229797,1.1749703884124756,-0.44206568598747253,2.3851819038391113,2.502039670944214,-0.5897140502929688,2.1930618286132812,-0.8376254439353943
2,0.9943168759346008,-0.5939593315124512,1.3497886657714844,-0.5249945521354675,0.8942151069641113,-0.8123067617416382,-0.6837888956069946,-0.4136888384819031,1.1805015802383423,0.41189491748809814,0.5309890508651733,-0.3119632303714752,-0.9534143209457397,1.2955743074417114,0.656120240688324,0.11673671007156372,0.6324930787086487,0.7774065136909485,2.8525638580322266,1.362971544265747,2.085451126098633,-0.11212116479873657,1.3272991180419922,0.12449055910110474,-0.9913821816444397
3,0.9958092570304871,-0.3881293535232544,1.2284361124038696,-0.28763529658317566,0.853000283241272,-1.1261162757873535,-0.8892569541931152,-0.3493262827396393,1.037671685218811,-0.2526698708534241,0.04934775456786156,-1.151468276977539,-1.6331326961517334,1.9252651929855347,1.5277364253997803,-0.6420614123344421,1.3334934711456299,1.6713366508483887,3.623445749282837,2.783130168914795,0.9934329986572266,-1.0383325815200806,2.606362819671631,-0.39533311128616333,-1.197717547416687
4,0.9031184315681458,-0.4625512659549713,1.0992794036865234,-0.5319061279296875,0.7498037219047546,-0.27512359619140625,-0.09135457873344421,-0.37174296379089355,0.7008256912231445,0.8252663016319275,0.38353943824768066,0.2484254240989685,-0.23132401704788208,0.9449313879013062,0.1369602084159851,0.5942612290382385,0.041189610958099365,0.07206755876541138,1.9050168991088867,0.38799822330474854,2.107550859451294,1.254218578338623,0.39865824580192566,1.169187068939209,-0.8176625967025757
5,0.9543341994285583,-0.5158162713050842,1.2946319580078125,-0.41296955943107605,0.8660272359848022,-0.904604434967041,-0.8048784732818604,-0.34153804183006287,1.1280486583709717,0.052547454833984375,0.2639789581298828,-0.601300835609436,-1.2777109146118164,1.5778896808624268,1.0961055755615234,-0.2170068919658661,0.9797755479812622,1.120018720626831,3.0992631912231445,1.9772162437438965,1.417763352394104,-0.3589247465133667,1.8699610233306885,0.008605778217315674,-1.0601377487182617
6,0.9479737281799316,-0.23410847783088684,0.8733761310577393,-0.579759418964386,0.7483375668525696,0.15539084374904633,0.349237859249115,-0.4033806324005127,0.3547983169555664,1.136913776397705,0.2309931367635727,0.619125485420227,0.21063190698623657,0.7856796979904175,-0.23736296594142914,0.8953806161880493,-0.3140767514705658,-0.3961527645587921,1.401841640472412,-0.11685013771057129,2.1538045406341553,2.0433948040008545,-0.1899365484714508,1.753852128982544,-0.7718848586082458
7,0.9641534090042114,-0.004554133862257004,0.7061024308204651,-0.3671475350856781,0.658225417137146,-0.188269704580307,0.4644510746002197,-0.48556822538375854,0.021902740001678467,0.9094569683074951,-0.022006791085004807,-0.3300414979457855,-0.06742933392524719,1.2114969491958618,0.192701518535614,0.34023118019104004,-0.02832278609275818,0.234749436378479,2.058877944946289,0.7849780321121216,1.7447909116744995,1.1485873460769653,0.6216523051261902,1.2019751071929932,-0.9760028719902039
8,0.8962864875793457,-0.0793667882680893,0.7289464473724365,-0.567844033241272,0.716942548751831,0.24974387884140015,0.6715787649154663,-0.49183717370033264,0.07667866349220276,1.3824505805969238,0.20271360874176025,0.5324110388755798,0.47940176725387573,0.7359974384307861,-0.4679785966873169,0.9786434769630432,-0.5521247982978821,-0.5444403886795044,1.3156338930130005,-0.38954487442970276,2.5021557807922363,2.0778257846832275,-0.45334485173225403,1.7934939861297607,-0.7617946863174438
9,0.9018068313598633,-0.3344702422618866,0.972800612449646,-0.6795138716697693,0.79969722032547,0.14202725887298584,0.34032729268074036,-0.47044792771339417,0.4976579546928406,1.375708818435669,0.4965391159057617,0.7877515554428101,0.3645007014274597,0.5949443578720093,-0.5312099456787109,1.1088930368423462,-0.5123057961463928,-0.6854788661003113,1.2780134677886963,-0.6251298189163208,2.8596882820129395,1.7291171550750732,-0.6306473612785339,1.344466209411621,-0.6817249059677124
10,0.9732819199562073,-0.07253439724445343,0.802839994430542,-0.6225311756134033,0.808696448802948,0.020451873540878296,0.6327722668647766,-0.6496971845626831,0.1858530342578888,1.5452593564987183,0.44405248761177063,0.2389848828315735,0.4240511655807495,0.7618993520736694,-0.5927110910415649,0.9284662008285522,-0.5740584135055542,-0.3767009377479553,1.6818944215774536,-0.21647626161575317,2.883788585662842,1.3845760822296143,-0.3286270499229431,1.1543922424316406,-0.9108376502990723
11,0.9826462268829346,-0.08082544803619385,0.7325077056884766,-0.54918372631073,0.6996358036994934,0.1531909704208374,0.7002522349357605,-0.532395601272583,0.04763531684875488,1.4264055490493774,0.25565895438194275,0.3678208589553833,0.48980289697647095,0.7488771677017212,-0.48572254180908203,0.9357691407203674,-0.5772862434387207,-0.35724514722824097,1.551887035369873,-0.08745181560516357,2.2509164810180664,2.2897260189056396,-0.19008970260620117,2.0473389625549316,-0.912237823009491
12,0.9696593880653381,-0.743768572807312,1.473250389099121,-0.514674186706543,0.9073761105537415,-0.8398927450180054,-1.0353747606277466,-0.262652188539505,1.4452438354492188,0.05436871945858002,0.44940972328186035,-0.14419971406459808,-1.269425630569458,1.3779487609863281,0.9927694797515869,0.007400870323181152,0.942412257194519,1.0923731327056885,2.9774975776672363,1.743445873260498,1.6910582780838013,-0.3362880051136017,1.728778600692749,-0.024416804313659668,-0.9760797023773193
13,0.9212057590484619,0.22621825337409973,0.42936447262763977,-0.5305036902427673,0.6457638740539551,0.5187724232673645,1.2613266706466675,-0.5966392159461975,-0.4653412401676178,1.74555242061615,0.03492167964577675,0.4817142188549042,0.9534565210342407,0.666562557220459,-0.8145596385002136,1.1276986598968506,-0.9407979249954224,-0.6351727247238159,1.0980368852615356,-0.5001518726348877,2.3605008125305176,2.924264669418335,-0.6388479471206665,2.6194915771484375,-0.8535525798797607
14,0.8726412057876587,-0.4665091335773468,1.2051560878753662,-0.5368103981018066,0.8631821870803833,-0.5607456564903259,-0.38615527749061584,-0.42802122235298157,0.9351357221603394,0.6140552759170532,0.4390156865119934,-0.11140847206115723,-0.6485191583633423,1.1833078861236572,0.41935598850250244,0.30289706587791443,0.38541415333747864,0.4201396107673645,2.4458553791046143,0.915450930595398,2.2135818004608154,0.11966988444328308,0.8516541123390198,0.1905684769153595,-0.9391165971755981
15,0.9228231310844421,-0.3078913688659668,0.9644101858139038,-0.5321869254112244,0.7365154027938843,-0.17602846026420593,0.20726850628852844,-0.46162810921669006,0.4515431523323059,1.0637357234954834,0.36118003726005554,0.1842096745967865,0.016083374619483948,0.899362325668335,-0.09067517518997192,0.680271327495575,-0.1796988695859909,-0.12058582901954651,1.8506383895874023,0.2006383240222931,2.348661422729492,1.0925313234329224,0.1116001307964325,0.9028409719467163,-0.9109089374542236
16,0.8854350447654724,0.11863424628973007,0.5228586196899414,-0.524715006351471,0.6451751589775085,0.406077116727829,1.0852887630462646,-0.5612603425979614,-0.31461456418037415,1.6273815631866455,0.08971215784549713,0.4499461054801941,0.8114433288574219,0.6898530125617981,-0.6933324337005615,1.0635313987731934,-0.8248900175094604,-0.6029756665229797,1.1749703884124756,-0.44206568598747253,2.3851819038391113,2.502039670944214,-0.5897140502929688,2.1930618286132812,-0.8376254439353943
17,0.9943168759346008,-0.5939593315124512,1.3497886657714844,-0.5249945521354675,0.8942151069641113,-0.8123067617416382,-0.6837888956069946,-0.4136888384819031,1.1805015802383423,0.41189491748809814,0.5309890508651733,-0.3119632303714752,-0.9534143209457397,1.2955743074417114,0.656120240688324,0.11673671007156372,0.6324930787086487,0.7774065136909485,2.8525638580322266,1.362971544265747,2.085451126098633,-0.11212116479873657,1.3272991180419922,0.12449055910110474,-0.9913821816444397
18,0.9958092570304871,-0.3881293535232544,1.2284361124038696,-0.28763529658317566,0.853000283241272,-1.1261162757873535,-0.8892569541931152,-0.3493262827396393,1.037671685218811,-0.2526698708534241,0.04934775456786156,-1.151468276977539,-1.6331326961517334,1.9252651929855347,1.5277364253997803,-0.6420614123344421,1.3334934711456299,1.6713366508483887,3.623445749282837,2.783130168914795,0.9934329986572266,-1.0383325815200806,2.606362819671631,-0.39533311128616333,-1.197717547416687
19,0.9031184315681458,-0.4625512659549713,1.0992794036865234,-0.5319061279296875,0.7498037219047546,-0.27512359619140625,-0.09135457873344421,-0.37174296379089355,0.7008256912231445,0.8252663016319275,0.38353943824768066,0.2484254240989685,-0.23132401704788208,0.9449313879013062,0.1369602084159851,0.5942612290382385,0.041189610958099365,0.07206755876541138,1.9050168991088867,0.38799822330474854,2.107550859451294,1.254218578338623,0.39865824580192566,1.169187068939209,-0.8176625967025757
20,0.9543341994285583,-0.5158162713050842,1.2946319580078125,-0.41296955943107605,0.8660272359848022,-0.904604434967041,-0.8048784732818604,-0.34153804183006287,1.1280486583709717,0.052547454833984375,0.2639789581298828,-0.601300835609436,-1.2777109146118164,1.5778896808624268,1.0961055755615234,-0.2170068919658661,0.9797755479812622,1.120018720626831,3.0992631912231445,1.9772162437438965,1.417763352394104,-0.3589247465133667,1.8699610233306885,0.008605778217315674,-1.0601377487182617
21,0.9479737281799316,-0.23410847783088684,0.8733761310577393,-0.579759418964386,0.7483375668525696,0.15539084374904633,0.349237859249115,-0.4033806324005127,0.3547983169555664,1.136913776397705,0.2309931367635727,0.619125485420227,0.21063190698623657,0.7856796979904175,-0.23736296594142914,0.8953806161880493,-0.3140767514705658,-0.3961527645587921,1.401841640472412,-0.11685013771057129,2.1538045406341553,2.0433948040008545,-0.1899365484714508,1.753852128982544,-0.7718848586082458
22,0.9641534090042114,-0.004554133862257004,0.7061024308204651,-0.3671475350856781,0.658225417137146,-0.188269704580307,0.4644510746002197,-0.48556822538375854,0.021902740001678467,0.9094569683074951,-0.022006791085004807,-0.3300414979457855,-0.06742933392524719,1.2114969491958618,0.192701518535614,0.34023118019104004,-0.02832278609275818,0.234749436378479,2.058877944946289,0.7849780321121216,1.7447909116744995,1.1485873460769653,0.6216523051261902,1.2019751071929932,-0.9760028719902039
23,0.8962864875793457,-0.0793667882680893,0.7289464473724365,-0.567844033241272,0.716942548751831,0.24974387884140015,0.6715787649154663,-0.49183717370033264,0.07667866349220276,1.3824505805969238,0.20271360874176025,0.5324110388755798,0.47940176725387573,0.7359974384307861,-0.4679785966873169,0.9786434769630432,-0.5521247982978821,-0.5444403886795044,1.3156338930130005,-0.38954487442970276,2.5021557807922363,2.0778257846832275,-0.45334485173225403,1.7934939861297607,-0.7617946863174438
24,0.9018068313598633,-0.3344702422618866,0.972800612449646,-0.6795138716697693,0.79969722032547,0.14202725887298584,0.34032729268074036,-0.47044792771339417,0.4976579546928406,1.375708818435669,0.4965391159057617,0.7877515554428101,0.3645007014274597,0.5949443578720093,-0.5312099456787109,1.1088930368423462,-0.5123057961463928,-0.6854788661003113,1.2780134677886963,-0.6251298189163208,2.8596882820129395,1.7291171550750732,-0.6306473612785339,1.344466209411621,-0.6817249059677124
25,0.9732819199562073,-0.07253439724445343,0.802839994430542,-0.6225311756134033,0.808696448802948,0.020451873540878296,0.6327722668647766,-0.6496971845626831,0.1858530342578888,1.5452593564987183,0.44405248761177063,0.2389848828315735,0.4240511655807495,0.7618993520736694,-0.5927110910415649,0.9284662008285522,-0.5740584135055542,-0.3767009377479553,1.6818944215774536,-0.21647626161575317,2.883788585662842,1.3845760822296143,-0.3286270499229431,1.1543922424316406,-0.9108376502990723
26,0.9826462268829346,-0.08082544803619385,0.7325077056884766,-0.54918372631073,0.6996358036994934,0.1531909704208374,0.7002522349357605,-0.532395601272583,0.04763531684875488,1.4264055490493774,0.25565895438194275,0.3678208589553833,0.48980289697647095,0.7488771677017212,-0.48572254180908203,0.9357691407203674,-0.5772862434387207,-0.35724514722824097,1.551887035369873,-0.08745181560516357,2.2509164810180664,2.2897260189056396,-0.19008970260620117,2.0473389625549316,-0.912237823009491
27,0.9696593880653381,-0.743768572807312,1.473250389099121,-0.514674186706543,0.9073761105537415,-0.8398927450180054,-1.0353747606277466,-0.262652188539505,1.4452438354492188,0.05436871945858002,0.44940972328186035,-0.14419971406459808,-1.269425630569458,1.3779487609863281,0.9927694797515869,0.007400870323181152,0.942412257194519,1.0923731327056885,2.9774975776672363,1.743445873260498,1.6910582780838013,-0.3362880051136017,1.728778600692749,-0.024416804313659668,-0.9760797023773193
28,0.9212057590484619,0.22621825337409973,0.42936447262763977,-0.5305036902427673,0.6457638740539551,0.5187724232673645,1.2613266706466675,-0.5966392159461975,-0.4653412401676178,1.74555242061615,0.03492167964577675,0.4817142188549042,0.9534565210342407,0.666562557220459,-0.8145596385002136,1.1276986598968506,-0.9407979249954224,-0.6351727247238159,1.0980368852615356,-0.5001518726348877,2.3605008125305176,2.924264669418335,-0.6388479471206665,2.6194915771484375,-0.8535525798797607
29,0.8726412057876587,-0.4665091335773468,1.2051560878753662,-0.5368103981018066,0.8631821870803833,-0.5607456564903259,-0.38615527749061584,-0.42802122235298157,0.9351357221603394,0.6140552759170532,0.4390156865119934,-0.11140847206115723,-0.6485191583633423,1.1833078861236572,0.41935598850250244,0.30289706587791443,0.38541415333747864,0.4201396107673645,2.4458553791046143,0.915450930595398,2.2135818004608154,0.11966988444328308,0.8516541123390198,0.1905684769153595,-0.9391165971755981
30,0.9228231310844421,-0.3078913688659668,0.9644101858139038,-0.5321869254112244,0.7365154027938843,-0.17602846026420593,0.20726850628852844,-0.46162810921669006,0.4515431523323059,1.0637357234954834,0.36118003726005554,0.1842096745967865,0.016083374619483948,0.899362325668335,-0.09067517518997192,0.680271327495575,-0.1796988695859909,-0.12058582901954651,1.8506383895874023,0.2006383240222931,2.348661422729492,1.0925313234329224,0.1116001307964325,0.9028409719467163,-0.9109089374542236
31,0.8854350447654724,0.11863424628973007,0.5228586196899414,-0.524715006351471,0.6451751589775085,0.406077116727829,1.0852887630462646,-0.5612603425979614,-0.31461456418037415,1.6273815631866455,0.08971215784549713,0.4499461054801941,0.8114433288574219,0.6898530125617981,-0.6933324337005615,1.0635313987731934,-0.8248900175094604,-0.6029756665229797,1.1749703884124756,-0.44206568598747253,2.3851819038391113,2.502039670944214,-0.5897140502929688,2.1930618286132812,-0.8376254439353943
32,0.9943168759346008,-0.5939593315124512,1.3497886657714844,-0.5249945521354675,0.8942151069641113,-0.8123067617416382,-0.6837888956069946,-0.4136888384819031,1.1805015802383423,0.41189491748809814,0.5309890508651733,-0.3119632303714752,-0.9534143209457397,1.2955743074417114,0.656120240688324,0.11673671007156372,0.6324930787086487,0.7774065136909485,2.8525638580322266,1.362971544265747,2.085451126098633,-0.11212116479873657,1.3272991180419922,0.12449055910110474,-0.9913821816444397
33,0.9958092570304871,-0.3881293535232544,1.2284361124038696,-0.28763529658317566,0.853000283241272,-1.1261162757873535,-0.8892569541931152,-0.3493262827396393,1.037671685218811,-0.2526698708534241,0.04934775456786156,-1.151468276977539,-1.6331326961517334,1.9252651929855347,1.5277364253997803,-0.6420614123344421,1.3334934711456299,1.6713366508483887,3.623445749282837,2.783130168914795,0.9934329986572266,-1.0383325815200806,2.606362819671631,-0.39533311128616333,-1.197717547416687
34,0.9031184315681458,-0.4625512659549713,1.0992794036865234,-0.5319061279296875,0.7498037219047546,-0.27512359619140625,-0.09135457873344421,-0.37174296379089355,0.7008256912231445,0.8252663016319275,0.38353943824768066,0.2484254240989685,-0.23132401704788208,0.9449313879013062,0.1369602084159851,0.5942612290382385,0.041189610958099365,0.07206755876541138,1.9050168991088867,0.38799822330474854,2.107550859451294,1.254218578338623,0.39865824580192566,1.169187068939209,-0.8176625967025757
35,0.9543341994285583,-0.5158162713050842,1.2946319580078125,-0.41296955943107605,0.8660272359848022,-0.904604434967041,-0.8048784732818604,-0.34153804183006287,1.1280486583709717,0.052547454833984375,0.2639789581298828,-0.601300835609436,-1.2777109146118164,1.5778896808624268,1.0961055755615234,-0.2170068919658661,0.9797755479812622,1.120018720626831,3.0992631912231445,1.9772162437438965,1.417763352394104,-0.3589247465133667,1.8699610233306885,0.008605778217315674,-1.0601377487182617
36,0.9479737281799316,-0.23410847783088684,0.8733761310577393,-0.579759418964386,0.7483375668525696,0.15539084374904633,0.349237859249115,-0.4033806324005127,0.3547983169555664,1.136913776397705,0.2309931367635727,0.619125485420227,0.21063190698623657,0.7856796979904175,-0.23736296594142914,0.8953806161880493,-0.3140767514705658,-0.3961527645587921,1.401841640472412,-0.11685013771057129,2.1538045406341553,2.0433948040008545,-0.1899365484714508,1.753852128982544,-0.7718848586082458
37,0.9641534090042114,-0.004554133862257004,0.7061024308204651,-0.3671475350856781,0.658225417137146,-0.188269704580307,0.4644510746002197,-0.48556822538375854,0.021902740001678467,0.9094569683074951,-0.022006791085004807,-0.3300414979457855,-0.06742933392524719,1.2114969491958618,0.192701518535614,0.34023118019104004,-0.02832278609275818,0.234749436378479,2.058877944946289,0.7849780321121216,1.7447909116744995,1.1485873460769653,0.6216523051261902,1.2019751071929932,-0.9760028719902039
38,0.8962864875793457,-0.0793667882680893,0.7289464473724365,-0.567844033241272,0.716942548751831,0.24974387884140015,0.6715787649154663,-0.49183717370033264,0.07667866349220276,1.3824505805969238,0.20271360874176025,0.5324110388755798,0.47940176725387573,0.7359974384307861,-0.4679785966873169,0.9786434769630432,-0.5521247982978821,-0.5444403886795044,1.3156338930130005,-0.38954487442970276,2.5021557807922363,2.0778257846832275,-0.45334485173225403,1.7934939861297607,-0.7617946863174438
39,0.9018068313598633,-0.3344702422618866,0.972800612449646,-0.6795138716697693,0.79969722032547,0.14202725887298584,0.34032729268074036,-0.47044792771339417,0.4976579546928406,1.375708818435669,0.4965391159057617,0.7877515554428101,0.3645007014274597,0.5949443578720093,-0.5312099456787109,1.1088930368423462,-0.5123057961463928,-0.6854788661003113,1.2780134677886963,-0.6251298189163208,2.8596882820129395,1.7291171550750732,-0.6306473612785339,1.344466209411621,-0.6817249059677124
40,0.9732819199562073,-0.07253439724445343,0.802839994430542,-0.6225311756134033,0.808696448802948,0.020451873540878296,0.6327722668647766,-0.6496971845626831,0.1858530342578888,1.5452593564987183,0.44405248761177063,0.2389848828315735,0.4240511655807495,0.7618993520736694,-0.5927110910415649,0.9284662008285522,-0.5740584135055542,-0.3767009377479553,1.6818944215774536,-0.21647626161575317,2.883788585662842,1.3845760822296143,-0.3286270499229431,1.1543922424316406,-0.9108376502990723
41,0.9826462268829346,-0.08082544803619385,0.7325077056884766,-0.54918372631073,0.6996358036994934,0.1531909704208374,0.7002522349357605,-0.532395601272583,0.04763531684875488,1.4264055490493774,0.25565895438194275,0.3678208589553833,0.48980289697647095,0.7488771677017212,-0.48572254180908203,0.9357691407203674,-0.5772862434387207,-0.35724514722824097,1.551887035369873,-0.08745181560516357,2.2509164810180664,2.2897260189056396,-0.19008970260620117,2.0473389625549316,-0.912237823009491
42,0.9696593880653381,-0.743768572807312,1.473250389099121,-0.514674186706543,0.9073761105537415,-0.8398927450180054,-1.0353747606277466,-0.262652188539505,1.4452438354492188,0.05436871945858002,0.44940972328186035,-0.14419971406459808,-1.269425630569458,1.3779487609863281,0.9927694797515869,0.007400870323181152,0.942412257194519,1.0923731327056885,2.9774975776672363,1.743445873260498,1.6910582780838013,-0.3362880051136017,1.728778600692749,-0.024416804313659668,-0.9760797023773193
43,0.9212057590484619,0.22621825337409973,0.42936447262763977,-0.5305036902427673,0.6457638740539551,0.5187724232673645,1.2613266706466675,-0.5966392159461975,-0.4653412401676178,1.74555242061615,0.03492167964577675,0.4817142188549042,0.9534565210342407,0.666562557220459,-0.8145596385002136,1.1276986598968506,-0.9407979249954224,-0.6351727247238159,1.0980368852615356,-0.5001518726348877,2.3605008125305176,2.924264669418335,-0.6388479471206665,2.6194915771484375,-0.8535525798797607
44,0.8726412057876587,-0.4665091335773468,1.2051560878753662,-0.5368103981018066,0.8631821870803833,-0.5607456564903259,-0.38615527749061584,-0.42802122235298157,0.9351357221603394,0.6140552759170532,0.4390156865119934,-0.11140847206115723,-0.6485191583633423,1.1833078861236572,0.41935598850250244,0.30289706587791443,0.38541415333747864,0.4201396107673645,2.4458553791046143,0.915450930595398,2.2135818004608154,0.11966988444328308,0.8516541123390198,0.1905684769153595,-0.9391165971755981
45,0.9228231310844421,-0.3078913688659668,0.9644101858139038,-0.5321869254112244,0.7365154027938843,-0.17602846026420593,0.20726850628852844,-0.46162810921669006,0.4515431523323059,1.0637357234954834,0.36118003726005554,0.1842096745967865,0.016083374619483948,0.899362325668335,-0.09067517518997192,0.680271327495575,-0.1796988695859909,-0.12058582901954651,1.8506383895874023,0.2006383240222931,2.348661422729492,1.0925313234329224,0.1116001307964325,0.9028409719467163,-0.9109089374542236
46,0.8854350447654724,0.11863424628973007,0.5228586196899414,-0.524715006351471,0.6451751589775085,0.406077116727829,1.0852887630462646,-0.5612603425979614,-0.31461456418037415,1.6273815631866455,0.08971215784549713,0.4499461054801941,0.8114433288574219,0.6898530125617981,-0.6933324337005615,1.0635313987731934,-0.8248900175094604,-0.6029756665229797,1.1749703884124756,-0.44206568598747253,2.3851819038391113,2.502039670944214,-0.5897140502929688,2.1930618286132812,-0.8376254439353943
47,0.9943168759346008,-0.5939593315124512,1.3497886657714844,-0.5249945521354675,0.8942151069641113,-0.8123067617416382,-0.6837888956069946,-0.4136888384819031,1.1805015802383423,0.41189491748809814,0.5309890508651733,-0.3119632303714752,-0.9534143209457397,1.2955743074417114,0.656120240688324,0.11673671007156372,0.6324930787086487,0.7774065136909485,2.8525638580322266,1.362971544265747,2.085451126098633,-0.11212116479873657,1.3272991180419922,0.12449055910110474,-0.9913821816444397
48,0.9958092570304871,-0.3881293535232544,1.2284361124038696,-0.28763529658317566,0.853000283241272,-1.1261162757873535,-0.8892569541931152,-0.3493262827396393,1.037671685218811,-0.2526698708534241,0.04934775456786156,-1.151468276977539,-1.6331326961517334,1.9252651929855347,1.5277364253997803,-0.6420614123344421,1.3334934711456299,1.6713366508483887,3.623445749282837,2.783130168914795,0.9934329986572266,-1.0383325815200806,2.606362819671631,-0.39533311128616333,-1.197717547416687
49,0.9031184315681458,-0.4625512659549713,1.0992794036865234,-0.5319061279296875,0.7498037219047546,-0.27512359619140625,-0.09135457873344421,-0.37174296379089355,0.7008256912231445,0.8252663016319275,0.38353943824768066,0.2484254240989685,-0.23132401704788208,0.9449313879013062,0.1369602084159851,0.5942612290382385,0.041189610958099365,0.07206755876541138,1.9050168991088867,0.38799822330474854,2.107550859451294,1.254218578338623,0.39865824580192566,1.169187068939209,-0.8176625967025757
50,0.9543341994285583,-0.5158162713050842,1.2946319580078125,-0.41296955943107605,0.8660272359848022,-0.904604434967041,-0.8048784732818604,-0.34153804183006287,1.1280486583709717,0.052547454833984375,0.2639789581298828,-0.601300835609436,-1.2777109146118164,1.5778896808624268,1.0961055755615234,-0.2170068919658661,0.9797755479812622,1.120018720626831,3.0992631912231445,1.9772162437438965,1.417763352394104,-0.3589247465133667,1.8699610233306885,0.008605778217315674,-1.0601377487182617
51,0.9479737281799316,-0.23410847783088684,0.8733761310577393,-0.579759418964386,0.7483375668525696,0.15539084374904633,0.349237859249115,-0.4033806324005127,0.3547983169555664,1.136913776397705,0.2309931367635727,0.619125485420227,0.21063190698623657,0.7856796979904175,-0.23736296594142914,0.8953806161880493,-0.3140767514705658,-0.3961527645587921,1.401841640472412,-0.11685013771057129,2.1538045406341553,2.0433948040008545,-0.1899365484714508,1.753852128982544,-0.7718848586082458
52,0.9641534090042114,-0.004554133862257004,0.7061024308204651,-0.3671475350856781,0.658225417137146,-0.188269704580307,0.4644510746002197,-0.48556822538375854,0.021902740001678467,0.9094569683074951,-0.022006791085004807,-0.3300414979457855,-0.06742933392524719,1.2114969491958618,0.192701518535614,0.34023118019104004,-0.02832278609275818,0.234749436378479,2.058877944946289,0.7849780321121216,1.7447909116744995,1.1485873460769653,0.6216523051261902,1.2019751071929932,-0.9760028719902039
53,0.8962864875793457,-0.0793667882680893,0.7289464473724365,-0.567844033241272,0.716942548751831,0.24974387884140015,0.6715787649154663,-0.49183717370033264,0.07667866349220276,1.3824505805969238,0.20271360874176025,0.5324110388755798,0.47940176725387573,0.7359974384307861,-0.4679785966873169,0.9786434769630432,-0.5521247982978821,-0.5444403886795044,1.3156338930130005,-0.38954487442970276,2.5021557807922363,2.0778257846832275,-0.45334485173225403,1.7934939861297607,-0.7617946863174438
54,0.9018068313598633,-0.3344702422618866,0.972800612449646,-0.6795138716697693,0.79969722032547,0.14202725887298584,0.34032729268074036,-0.47044792771339417,0.4976579546928406,1.375708818435669,0.4965391159057617,0.7877515554428101,0.3645007014274597,0.5949443578720093,-0.5312099456787109,1.1088930368423462,-0.5123057961463928,-0.6854788661003113,1.2780134677886963,-0.6251298189163208,2.8596882820129395,1.7291171550750732,-0.6306473612785339,1.344466209411621,-0.6817249059677124
55,0.9732819199562073,-0.07253439724445343,0.802839994430542,-0.6225311756134033,0.808696448802948,0.020451873540878296,0.6327722668647766,-0.6496971845626831,0.1858530342578888,1.5452593564987183,0.44405248761177063,0.2389848828315735,0.4240511655807495,0.7618993520736694,-0.5927110910415649,0.9284662008285522,-0.5740584135055542,-0.3767009377479553,1.6818944215774536,-0.21647626161575317,2.883788585662842,1.3845760822296143,-0.3286270499229431,1.1543922424316406,-0.9108376502990723
56,0.9826462268829346,-0.08082544803619385,0.7325077056884766,-0.54918372631073,0.6996358036994934,0.1531909704208374,0.7002522349357605,-0.532395601272583,0.04763531684875488,1.4264055490493774,0.25565895438194275,0.3678208589553833,0.48980289697647095,0.7488771677017212,-0.48572254180908203,0.9357691407203674,-0.5772862434387207,-0.35724514722824097,1.551887035369873,-0.08745181560516357,2.2509164810180664,2.2897260189056396,-0.19008970260620117,2.0473389625549316,-0.912237823009491
57,0.9696593880653381,-0.743768572807312,1.473250389099121,-0.514674186706543,0.9073761105537415,-0.8398927450180054,-1.0353747606277466,-0.262652188539505,1.4452438354492188,0.05436871945858002,0.44940972328186035,-0.14419971406459808,-1.269425630569458,1.3779487609863281,0.9927694797515869,0.007400870323181152,0.942412257194519,1.0923731327056885,2.9774975776672363,1.743445873260498,1.6910582780838013,-0.3362880051136017,1.728778600692749,-0.024416804313659668,-0.9760797023773193
58,0.9212057590484619,0.22621825337409973,0.42936447262763977,-0.5305036902427673,0.6457638740539551,0.5187724232673645,1.2613266706466675,-0.5966392159461975,-0.4653412401676178,1.74555242061615,0.03492167964577675,0.4817142188549042,0.9534565210342407,0.666562557220459,-0.8145596385002136,1.1276986598968506,-0.9407979249954224,-0.6351727247238159,1.0980368852615356,-0.5001518726348877,2.3605008125305176,2.924264669418335,-0.6388479471206665,2.6194915771484375,-0.8535525798797607
59,0.8726412057876587,-0.4665091335773468,1.2051560878753662,-0.5368103981018066,0.8631821870803833,-0.5607456564903259,-0.38615527749061584,-0.42802122235298157,0.9351357221603394,0.6140552759170532,0.4390156865119934,-0.11140847206115723,-0.6485191583633423,1.1833078861236572,0.41935598850250244,0.30289706587791443,0.38541415333747864,0.4201396107673645,2.4458553791046143,0.915450930595398,2.2135818004608154,0.11966988444328308,0.8516541123390198,0.1905684769153595,-0.9391165971755981
60,0.9228231310844421,-0.3078913688659668,0.9644101858139038,-0.5321869254112244,0.7365154027938843,-0.17602846026420593,0.20726850628852844,-0.46162810921669006,0.4515431523323059,1.0637357234954834,0.36118003726005554,0.1842096745967865,0.016083374619483948,0.899362325668335,-0.09067517518997192,0.680271327495575,-0.1796988695859909,-0.12058582901954651,1.8506383895874023,0.2006383240222931,2.348661422729492,1.0925313234329224,0.1116001307964325,0.9028409719467163,-0.9109089374542236
61,0.8854350447654724,0.11863424628973007,0.5228586196899414,-0.524715006351471,0.6451751589775085,0.406077116727829,1.0852887630462646,-0.5612603425979614,-0.31461456418037415,1.6273815631866455,0.08971215784549713,0.4499461054801941,0.8114433288574219,0.6898530125617981,-0.6933324337005615,1.0635313987731934,-0.8248900175094604,-0.6029756665229797,1.1749703884124756,-0.44206568598747253,2.3851819038391113,2.502039670944214,-0.5897140502929688,2.1930618286132812,-0.8376254439353943
62,0.9943168759346008,-0.5939593315124512,1.3497886657714844,-0.5249945521354675,0.8942151069641113,-0.8123067617416382,-0.6837888956069946,-0.4136888384819031,1.1805015802383423,0.41189491748809814,0.5309890508651733,-0.3119632303714752,-0.9534143209457397,1.2955743074417114,0.656120240688324,0.11673671007156372,0.6324930787086487,0.7774065136909485,2.8525638580322266,1.362971544265747,2.085451126098633,-0.11212116479873657,1.3272991180419922,0.12449055910110474,-0.9913821816444397
63,0.9958092570304871,-0.3881293535232544,1.2284361124038696,-0.28763529658317566,0.853000283241272,-1.1261162757873535,-0.8892569541931152,-0.3493262827396393,1.037671685218811,-0.2526698708534241,0.04934775456786156,-1.151468276977539,-1.6331326961517334,1.9252651929855347,1.5277364253997803,-0.6420614123344421,1.3334934711456299,1.6713366508483887,3.623445749282837,2.783130168914795,0.9934329986572266,-1.0383325815200806,2.606362819671631,-0.39533311128616333,-1.197717547416687
64,0.9031184315681458,-0.4625512659549713,1.0992794036865234,-0.5319061279296875,0.7498037219047546,-0.27512359619140625,-0.09135457873344421,-0.37174296379089355,0.7008256912231445,0.8252663016319275,0.38353943824768066,0.2484254240989685,-0.23132401704788208,0.9449313879013062,0.1369602084159851,0.5942612290382385,0.041189610958099365,0.07206755876541138,1.9050168991088867,0.38799822330474854,2.107550859451294,1.254218578338623,0.39865824580192566,1.169187068939209,-0.8176625967025757
65,0.9543341994285583,-0.5158162713050842,1.2946319580078125,-0.41296955943107605,0.8660272359848022,-0.904604434967041,-0.8048784732818604,-0.34153804183006287,1.1280486583709717,0.052547454833984375,0.2639789581298828,-0.601300835609436,-1.2777109146118164,1.5778896808624268,1.0961055755615234,-0.2170068919658661,0.9797755479812622,1.120018720626831,3.0992631912231445,1.9772162437438965,1.417763352394104,-0.3589247465133667,1.8699610233306885,0.008605778217315674,-1.0601377487182617
66,0.9479737281799316,-0.23410847783088684,0.8733761310577393,-0.579759418964386,0.7483375668525696,0.15539084374904633,0.349237859249115,-0.4033806324005127,0.3547983169555664,1.136913776397705,0.2309931367635727,0.619125485420227,0.21063190698623657,0.7856796979904175,-0.23736296594142914,0.8953806161880493,-0.3140767514705658,-0.3961527645587921,1.401841640472412,-0.11685013771057129,2.1538045406341553,2.0433948040008545,-0.1899365484714508,1.753852128982544,-0.7718848586082458
67,0.9641534090042114,-0.004554133862257004,0.7061024308204651,-0.3671475350856781,0.658225417137146,-0.188269704580307,0.4644510746002197,-0.48556822538375854,0.021902740001678467,0.9094569683074951,-0.022006791085004807,-0.3300414979457855,-0.06742933392524719,1.2114969491958618,0.192701518535614,0.34023118019104004,-0.02832278609275818,0.234749436378479,2.058877944946289,0.7849780321121216,1.7447909116744995,1.1485873460769653,0.6216523051261902,1.2019751071929932,-0.9760028719902039
68,0.8962864875793457,-0.0793667882680893,0.7289464473724365,-0.567844033241272,0.716942548751831,0.24974387884140015,0.6715787649154663,-0.49183717370033264,0.07667866349220276,1.3824505805969238,0.20271360874176025,0.5324110388755798,0.47940176725387573,0.7359974384307861,-0.4679785966873169,0.9786434769630432,-0.5521247982978821,-0.5444403886795044,1.3156338930130005,-0.38954487442970276,2.5021557807922363,2.0778257846832275,-0.45334485173225403,1.7934939861297607,-0.7617946863174438
69,0.9018068313598633,-0.3344702422618866,0.972800612449646,-0.6795138716697693,0.79969722032547,0.14202725887298584,0.34032729268074036,-0.47044792771339417,0.4976579546928406,1.375708818435669,0.4965391159057617,0.7877515554428101,0.3645007014274597,0.5949443578720093,-0.5312099456787109,1.1088930368423462,-0.5123057961463928,-0.6854788661003113,1.2780134677886963,-0.6251298189163208,2.8596882820129395,1.7291171550750732,-0.6306473612785339,1.344466209411621,-0.6817249059677124
70,0.9732819199562073,-0.07253439724445343,0.802839994430542,-0.6225311756134033,0.808696448802948,0.020451873540878296,0.6327722668647766,-0.6496971845626831,0.1858530342578888,1.5452593564987183,0.44405248761177063,0.2389848828315735,0.4240511655807495,0.7618993520736694,-0.5927110910415649,0.9284662008285522,-0.5740584135055542,-0.3767009377479553,1.6818944215774536,-0.21647626161575317,2.883788585662842,1.3845760822296143,-0.3286270499229431,1.1543922424316406,-0.9108376502990723
71,0.9826462268829346,-0.08082544803619385,0.7325077056884766,-0.54918372631073,0.6996358036994934,0.1531909704208374,0.7002522349357605,-0.532395601272583,0.04763531684875488,1.4264055490493774,0.25565895438194275,0.3678208589553833,0.48980289697647095,0.7488771677017212,-0.48572254180908203,0.9357691407203674,-0.5772862434387207,-0.35724514722824097,1.551887035369873,-0.08745181560516357,2.2509164810180664,2.2897260189056396,-0.19008970260620117,2.0473389625549316,-0.912237823009491
72,0.9696593880653381,-0.743768572807312,1.473250389099121,-0.514674186706543,0.9073761105537415,-0.8398927450180054,-1.0353747606277466,-0.262652188539505,1.4452438354492188,0.05436871945858002,0.44940972328186035,-0.14419971406459808,-1.269425630569458,1.3779487609863281,0.9927694797515869,0.007400870323181152,0.942412257194519,1.0923731327056885,2.9774975776672363,1.743445873260498,1.6910582780838013,-0.3362880051136017,1.728778600692749,-0.024416804313659668,-0.9760797023773193
73,0.9212057590484619,0.22621825337409973,0.42936447262763977,-0.5305036902427673,0.6457638740539551,0.5187724232673645,1.2613266706466675,-0.5966392159461975,-0.4653412401676178,1.74555242061615,0.03492167964577675,0.4817142188549042,0.9534565210342407,0.666562557220459,-0.8145596385002136,1.1276986598968506,-0.9407979249954224,-0.6351727247238159,1.0980368852615356,-0.5001518726348877,2.3605008125305176,2.924264669418335,-0.6388479471206665,2.6194915771484375,-0.8535525798797607
74,0.8726412057876587,-0.4665091335773468,1.2051560878753662,-0.5368103981018066,0.8631821870803833,-0.5607456564903259,-0.38615527749061584,-0.42802122235298157,0.9351357221603394,0.6140552759170532,0.4390156865119934,-0.11140847206115723,-0.6485191583633423,1.1833078861236572,0.41935598850250244,0.30289706587791443,0.38541415333747864,0.4201396107673645,2.4458553791046143,0.915450930595398,2.2135818004608154,0.11966988444328308,0.8516541123390198,0.1905684769153595,-0.9391165971755981
75,0.9228231310844421,-0.3078913688659668,0.9644101858139038,-0.5321869254112244,0.7365154027938843,-0.17602846026420593,0.20726850628852844,-0.46162810921669006,0.4515431523323059,1.0637357234954834,0.36118003726005554,0.1842096745967865,0.016083374619483948,0.899362325668335,-0.09067517518997192,0.680271327495575,-0.1796988695859909,-0.12058582901954651,1.8506383895874023,0.2006383240222931,2.348661422729492,1.0925313234329224,0.1116001307964325,0.9028409719467163,-0.9109089374542236
76,0.8854350447654724,0.11863424628973007,0.5228586196899414,-0.524715006351471,0.6451751589775085,0.406077116727829,1.0852887630462646,-0.5612603425979614,-0.31461456418037415,1.6273815631866455,0.08971215784549713,0.4499461054801941,0.8114433288574219,0.6898530125617981,-0.6933324337005615,1.0635313987731934,-0.8248900175094604,-0.6029756665229797,1.1749703884124756,-0.44206568598747253,2.3851819038391113,2.502039670944214,-0.5897140502929688,2.1930618286132812,-0.8376254439353943
77,0.9943168759346008,-0.5939593315124512,1.3497886657714844,-0.5249945521354675,0.8942151069641113,-0.8123067617416382,-0.6837888956069946,-0.4136888384819031,1.1805015802383423,0.41189491748809814,0.5309890508651733,-0.3119632303714752,-0.9534143209457397,1.2955743074417114,0.656120240688324,0.11673671007156372,0.6324930787086487,0.7774065136909485,2.8525638580322266,1.362971544265747,2.085451126098633,-0.11212116479873657,1.3272991180419922,0.12449055910110474,-0.9913821816444397
78,0.9958092570304871,-0.3881293535232544,1.2284361124038696,-0.28763529658317566,0.853000283241272,-1.1261162757873535,-0.8892569541931152,-0.3493262827396393,1.037671685218811,-0.2526698708534241,0.04934775456786156,-1.151468276977539,-1.6331326961517334,1.9252651929855347,1.5277364253997803,-0.6420614123344421,1.3334934711456299,1.6713366508483887,3.623445749282837,2.783130168914795,0.9934329986572266,-1.0383325815200806,2.606362819671631,-0.39533311128616333,-1.197717547416687
79,0.9031184315681458,-0.4625512659549713,1.0992794036865234,-0.5319061279296875,0.7498037219047546,-0.27512359619140625,-0.09135457873344421,-0.37174296379089355,0.7008256912231445,0.8252663016319275,0.38353943824768066,0.2484254240989685,-0.23132401704788208,0.9449313879013062,0.1369602084159851,0.5942612290382385,0.041189610958099365,0.07206755876541138,1.9050168991088867,0.38799822330474854,2.107550859451294,1.254218578338623,0.39865824580192566,1.169187068939209,-0.8176625967025757
80,0.9543341994285583,-0.5158162713050842,1.2946319580078125,-0.41296955943107605,0.8660272359848022,-0.904604434967041,-0.8048784732818604,-0.34153804183006287,1.1280486583709717,0.052547454833984375,0.2639789581298828,-0.601300835609436,-1.2777109146118164,1.5778896808624268,1.0961055755615234,-0.2170068919658661,0.9797755479812622,1.120018720626831,3.0992631912231445,1.9772162437438965,1.417763352394104,-0.3589247465133667,1.8699610233306885,0.008605778217315674,-1.0601377487182617
81,0.9479737281799316,-0.23410847783088684,0.8733761310577393,-0.579759418964386,0.7483375668525696,0.15539084374904633,0.349237859249115,-0.4033806324005127,0.3547983169555664,1.136913776397705,0.2309931367635727,0.619125485420227,0.21063190698623657,0.7856796979904175,-0.23736296594142914,0.8953806161880493,-0.3140767514705658,-0.3961527645587921,1.401841640472412,-0.11685013771057129,2.1538045406341553,2.0433948040008545,-0.1899365484714508,1.753852128982544,-0.7718848586082458
82,0.9641534090042114,-0.004554133862257004,0.7061024308204651,-0.3671475350856781,0.658225417137146,-0.188269704580307,0.4644510746002197,-0.48556822538375854,0.021902740001678467,0.9094569683074951,-0.022006791085004807,-0.3300414979457855,-0.06742933392524719,1.2114969491958618,0.192701518535614,0.34023118019104004,-0.02832278609275818,0.234749436378479,2.058877944946289,0.7849780321121216,1.7447909116744995,1.1485873460769653,0.6216523051261902,1.2019751071929932,-0.9760028719902039
83,0.8962864875793457,-0.0793667882680893,0.7289464473724365,-0.567844033241272,0.716942548751831,0.24974387884140015,0.6715787649154663,-0.49183717370033264,0.07667866349220276,1.3824505805969238,0.20271360874176025,0.5324110388755798,0.47940176725387573,0.7359974384307861,-0.4679785966873169,0.9786434769630432,-0.5521247982978821,-0.5444403886795044,1.3156338930130005,-0.38954487442970276,2.5021557807922363,2.0778257846832275,-0.45334485173225403,1.7934939861297607,-0.7617946863174438
84,0.9018068313598633,-0.3344702422618866,0.972800612449646,-0.6795138716697693,0.79969722032547,0.14202725887298584,0.34032729268074036,-0.47044792771339417,0.4976579546928406,1.375708818435669,0.4965391159057617,0.7877515554428101,0.3645007014274597,0.5949443578720093,-0.5312099456787109,1.1088930368423462,-0.5123057961463928,-0.6854788661003113,1.2780134677886963,-0.6251298189163208,2.8596882820129395,1.7291171550750732,-0.6306473612785339,1.344466209411621,-0.6817249059677124
85,0.9732819199562073,-0.07253439724445343,0.802839994430542,-0.6225311756134033,0.808696448802948,0.020451873540878296,0.6327722668647766,-0.6496971845626831,0.1858530342578888,1.5452593564987183,0.44405248761177063,0.2389848828315735,0.4240511655807495,0.7618993520736694,-0.5927110910415649,0.9284662008285522,-0.5740584135055542,-0.3767009377479553,1.6818944215774536,-0.21647626161575317,2.883788585662842,1.3845760822296143,-0.3286270499229431,1.1543922424316406,-0.9108376502990723
86,0.9826462268829346,-0.08082544803619385,0.7325077056884766,-0.54918372631073,0.6996358036994934,0.1531909704208374,0.7002522349357605,-0.532395601272583,0.04763531684875488,1.4264055490493774,0.25565895438194275,0.3678208589553833,0.48980289697647095,0.7488771677017212,-0.48572254180908203,0.9357691407203674,-0.5772862434387207,-0.35724514722824097,1.551887035369873,-0.08745181560516357,2.2509164810180664,2.2897260189056396,-0.19008970260620117,2.0473389625549316,-0.912237823009491
87,0.9696593880653381,-0.743768572807312,1.473250389099121,-0.514674186706543,0.9073761105537415,-0.8398927450180054,-1.0353747606277466,-0.262652188539505,1.4452438354492188,0.05436871945858002,0.44940972328186035,-0.14419971406459808,-1.269425630569458,1.3779487609863281,0.9927694797515869,0.007400870323181152,0.942412257194519,1.0923731327056885,2.9774975776672363,1.743445873260498,1.6910582780838013,-0.3362880051136017,1.728778600692749,-0.024416804313659668,-0.9760797023773193
88,0.9212057590484619,0.22621825337409973,0.42936447262763977,-0.5305036902427673,0.6457638740539551,0.5187724232673645,1.2613266706466675,-0.5966392159461975,-0.4653412401676178,1.74555242061615,0.03492167964577675,0.4817142188549042,0.9534565210342407,0.666562557220459,-0.8145596385002136,1.1276986598968506,-0.9407979249954224,-0.6351727247238159,1.0980368852615356,-0.5001518726348877,2.3605008125305176,2.924264669418335,-0.6388479471206665,2.6194915771484375,-0.8535525798797607
89,0.8726412057876587,-0.4665091335773468,1.2051560878753662,-0.5368103981018066,0.8631821870803833,-0.5607456564903259,-0.38615527749061584,-0.42802122235298157,0.9351357221603394,0.6140552759170532,0.4390156865119934,-0.11140847206115723,-0.6485191583633423,1.1833078861236572,0.41935598850250244,0.30289706587791443,0.38541415333747864,0.4201396107673645,2.4458553791046143,0.915450930595398,2.2135818004608154,0.11966988444328308,0.8516541123390198,0.1905684769153595,-0.9391165971755981
90,0.9228231310844421,-0.3078913688659668,0.9644101858139038,-0.5321869254112244,0.7365154027938843,-0.17602846026420593,0.20726850628852844,-0.46162810921669006,0.4515431523323059,1.0637357234954834,0.36118003726005554,0.1842096745967865,0.016083374619483948,0.899362325668335,-0.09067517518997192,0.680271327495575,-0.1796988695859909,-0.12058582901954651,1.8506383895874023,0.2006383240222931,2.348661422729492,1.0925313234329224,0.1116001307964325,0.9028409719467163,-0.9109089374542236
91,0.8854350447654724,0.11863424628973007,0.5228586196899414,-0.524715006351471,0.6451751589775085,0.406077116727829,1.0852887630462646,-0.5612603425979614,-0.31461456418037415,1.6273815631866455,0.08971215784549713,0.4499461054801941,0.8114433288574219,0.6898530125617981,-0.6933324337005615,1.0635313987731934,-0.8248900175094604,-0.6029756665229797,1.1749703884124756,-0.44206568598747253,2.3851819038391113,2.502039670944214,-0.5897140502929688,2.1930618286132812,-0.8376254439353943
92,0.9943168759346008,-0.5939593315124512,1.3497886657714844,-0.5249945521354675,0.8942151069641113,-0.8123067617416382,-0.6837888956069946,-0.4136888384819031,1.1805015802383423,0.41189491748809814,0.5309890508651733,-0.3119632303714752,-0.9534143209457397,1.2955743074417114,0.656120240688324,0.11673671007156372,0.6324930787086487,0.7774065136909485,2.8525638580322266,1.362971544265747,2.085451126098633,-0.11212116479873657,1.3272991180419922,0.12449055910110474,-0.9913821816444397
93,0.9958092570304871,-0.3881293535232544,1.2284361124038696,-0.28763529658317566,0.853000283241272,-1.1261162757873535,-0.8892569541931152,-0.3493262827396393,1.037671685218811,-0.2526698708534241,0.04934775456786156,-1.151468276977539,-1.6331326961517334,1.9252651929855347,1.5277364253997803,-0.6420614123344421,1.3334934711456299,1.6713366508483887,3.623445749282837,2.783130168914795,0.9934329986572266,-1.0383325815200806,2.606362819671631,-0.39533311128616333,-1.197717547416687
94,0.9031184315681458,-0.4625512659549713,1.0992794036865234,-0.5319061279296875,0.7498037219047546,-0.27512359619140625,-0.09135457873344421,-0.37174296379089355,0.7008256912231445,0.8252663016319275,0.38353943824768066,0.2484254240989685,-0.23132401704788208,0.9449313879013062,0.1369602084159851,0.5942612290382385,0.041189610958099365,0.07206755876541138,1.9050168991088867,0.38799822330474854,2.107550859451294,1.254218578338623,0.39865824580192566,1.169187068939209,-0.8176625967025757
95,0.9543341994285583,-0.5158162713050842,1.2946319580078125,-0.41296955943107605,0.8660272359848022,-0.904604434967041,-0.8048784732818604,-0.34153804183006287,1.1280486583709717,0.052547454833984375,0.2639789581298828,-0.601300835609436,-1.2777109146118164,1.5778896808624268,1.0961055755615234,-0.2170068919658661,0.9797755479812622,1.120018720626831,3.0992631912231445,1.9772162437438965,1.417763352394104,-0.3589247465133667,1.8699610233306885,0.008605778217315674,-1.0601377487182617
96,0.9479737281799316,-0.23410847783088684,0.8733761310577393,-0.579759418964386,0.7483375668525696,0.15539084374904633,0.349237859249115,-0.4033806324005127,0.3547983169555664,1.136913776397705,0.2309931367635727,0.619125485420227,0.21063190698623657,0.7856796979904175,-0.23736296594142914,0.8953806161880493,-0.3140767514705658,-0.3961527645587921,1.401841640472412,-0.11685013771057129,2.1538045406341553,2.0433948040008545,-0.1899365484714508,1.753852128982544,-0.7718848586082458
97,0.9641534090042114,-0.004554133862257004,0.7061024308204651,-0.3671475350856781,0.658225417137146,-0.188269704580307,0.4644510746002197,-0.48556822538375854,0.021902740001678467,0.9094569683074951,-0.022006791085004807,-0.3300414979457855,-0.06742933392524719,1.2114969491958618,0.192701518535614,0.34023118019104004,-0.02832278609275818,0.234749436378479,2.058877944946289,0.7849780321121216,1.7447909116744995,1.1485873460769653,0.6216523051261902,1.2019751071929932,-0.9760028719902039
98,0.8962864875793457,-0.0793667882680893,0.7289464473724365,-0.567844033241272,0.716942548751831,0.24974387884140015,0.6715787649154663,-0.49183717370033264,0.07667866349220276,1.3824505805969238,0.20271360874176025,0.5324110388755798,0.47940176725387573,0.7359974384307861,-0.4679785966873169,0.9786434769630432,-0.5521247982978821,-0.5444403886795044,1.3156338930130005,-0.38954487442970276,2.5021557807922363,2.0778257846832275,-0.45334485173225403,1.7934939861297607,-0.7617946863174438
99,0.9018068313598633,-0.3344702422618866,0.972800612449646,-0.6795138716697693,0.79969722032547,0.14202725887298584,0.34032729268074036,-0.47044792771339417,0.4976579546928406,1.375708818435669,0.4965391159057617,0.7877515554428101,0.3645007014274597,0.5949443578720093,-0.5312099456787109,1.1088930368423462,-0.5123057961463928,-0.6854788661003113,1.2780134677886963,-0.6251298189163208,2.8596882820129395,1.7291171550750732,-0.6306473612785339,1.344466209411621,-0.6817249059677124
100,0.9732819199562073,-0.07253439724445343,0.802839994430542,-0.6225311756134033,0.808696448802948,0.020451873540878296,0.6327722668647766,-0.6496971845626831,0.1858530342578888,1.5452593564987183,0.44405248761177063,0.2389848828315735,0.4240511655807495,0.7618993520736694,-0.5927110910415649,0.9284662008285522,-0.5740584135055542,-0.3767009377479553,1.6818944215774536,-0.21647626161575317,2.883788585662842,1.3845760822296143,-0.3286270499229431,1.1543922424316406,-0.9108376502990723
101,0.9826462268829346,-0.08082544803619385,0.7325077056884766,-0.54918372631073,0.6996358036994934,0.1531909704208374,0.7002522349357605,-0.532395601272583,0.04763531684875488,1.4264055490493774,0.25565895438194275,0.3678208589553833,0.48980289697647095,0.7488771677017212,-0.48572254180908203,0.9357691407203674,-0.5772862434387207,-0.35724514722824097,1.551887035369873,-0.08745181560516357,2.2509164810180664,2.2897260189056396,-0.19008970260620117,2.0473389625549316,-0.912237823009491
102,0.9696593880653381,-0.743768572807312,1.473250389099121,-0.514674186706543,0.9073761105537415,-0.8398927450180054,-1.0353747606277466,-0.262652188539505,1.4452438354492188,0.05436871945858002,0.44940972328186035,-0.14419971406459808,-1.269425630569458,1.3779487609863281,0.9927694797515869,0.007400870323181152,0.942412257194519,1.0923731327056885,2.9774975776672363,1.743445873260498,1.6910582780838013,-0.3362880051136017,1.728778600692749,-0.024416804313659668,-0.9760797023773193
103,0.9212057590484619,0.22621825337409973,0.42936447262763977,-0.5305036902427673,0.6457638740539551,0.5187724232673645,1.2613266706466675,-0.5966392159461975,-0.4653412401676178,1.74555242061615,0.03492167964577675,0.4817142188549042,0.9534565210342407,0.666562557220459,-0.8145596385002136,1.1276986598968506,-0.9407979249954224,-0.6351727247238159,1.0980368852615356,-0.5001518726348877,2.3605008125305176,2.924264669418335,-0.6388479471206665,2.6194915771484375,-0.8535525798797607
104,0.8726412057876587,-0.4665091335773468,1.2051560878753662,-0.5368103981018066,0.8631821870803833,-0.5607456564903259,-0.38615527749061584,-0.42802122235298157,0.9351357221603394,0.6140552759170532,0.4390156865119934,-0.11140847206115723,-0.6485191583633423,1.1833078861236572,0.41935598850250244,0.30289706587791443,0.38541415333747864,0.4201396107673645,2.4458553791046143,0.915450930595398,2.2135818004608154,0.11966988444328308,0.8516541123390198,0.1905684769153595,-0.9391165971755981
105,0.9228231310844421,-0.3078913688659668,0.9644101858139038,-0.5321869254112244,0.7365154027938843,-0.17602846026420593,0.20726850628852844,-0.46162810921669006,0.4515431523323059,1.0637357234954834,0.36118003726005554,0.1842096745967865,0.016083374619483948,0.899362325668335,-0.09067517518997192,0.680271327495575,-0.1796988695859909,-0.12058582901954651,1.8506383895874023,0.2006383240222931,2.348661422729492,1.0925313234329224,0.1116001307964325,0.9028409719467163,-0.9109089374542236
106,0.8854350447654724,0.11863424628973007,0.5228586196899414,-0.524715006351471,0.6451751589775085,0.406077116727829,1.0852887630462646,-0.5612603425979614,-0.31461456418037415,1.6273815631866455,0.08971215784549713,0.4499461054801941,0.8114433288574219,0.6898530125617981,-0.6933324337005615,1.0635313987731934,-0.8248900175094604,-0.6029756665229797,1.1749703884124756,-0.44206568598747253,2.3851819038391113,2.502039670944214,-0.5897140502929688,2.1930618286132812,-0.8376254439353943
107,0.9943168759346008,-0.5939593315124512,1.3497886657714844,-0.5249945521354675,0.8942151069641113,-0.8123067617416382,-0.6837888956069946,-0.4136888384819031,1.1805015802383423,0.41189491748809814,0.5309890508651733,-0.3119632303714752,-0.9534143209457397,1.2955743074417114,0.656120240688324,0.11673671007156372,0.6324930787086487,0.7774065136909485,2.8525638580322266,1.362971544265747,2.085451126098633,-0.11212116479873657,1.3272991180419922,0.12449055910110474,-0.9913821816444397
108,0.9958092570304871,-0.3881293535232544,1.2284361124038696,-0.28763529658317566,0.853000283241272,-1.1261162757873535,-0.8892569541931152,-0.3493262827396393,1.037671685218811,-0.2526698708534241,0.04934775456786156,-1.151468276977539,-1.6331326961517334,1.9252651929855347,1.5277364253997803,-0.6420614123344421,1.3334934711456299,1.6713366508483887,3.623445749282837,2.783130168914795,0.9934329986572266,-1.0383325815200806,2.606362819671631,-0.39533311128616333,-1.197717547416687
109,0.9031184315681458,-0.4625512659549713,1.0992794036865234,-0.5319061279296875,0.7498037219047546,-0.27512359619140625,-0.09135457873344421,-0.37174296379089355,0.7008256912231445,0.8252663016319275,0.38353943824768066,0.2484254240989685,-0.23132401704788208,0.9449313879013062,0.1369602084159851,0.5942612290382385,0.041189610958099365,0.07206755876541138,1.9050168991088867,0.38799822330474854,2.107550859451294,1.254218578338623,0.39865824580192566,1.169187068939209,-0.8176625967025757
110,0.9543341994285583,-0.5158162713050842,1.2946319580078125,-0.41296955943107605,0.8660272359848022,-0.904604434967041,-0.8048784732818604,-0.34153804183006287,1.1280486583709717,0.052547454833984375,0.2639789581298828,-0.601300835609436,-1.2777109146118164,1.5778896808624268,1.0961055755615234,-0.2170068919658661,0.9797755479812622,1.120018720626831,3.0992631912231445,1.9772162437438965,1.417763352394104,-0.3589247465133667,1.8699610233306885,0.008605778217315674,-1.0601377487182617
111,0.9479737281799316,-0.23410847783088684,0.8733761310577393,-0.579759418964386,0.7483375668525696,0.15539084374904633,0.349237859249115,-0.4033806324005127,0.3547983169555664,1.136913776397705,0.2309931367635727,0.619125485420227,0.21063190698623657,0.7856796979904175,-0.23736296594142914,0.8953806161880493,-0.3140767514705658,-0.3961527645587921,1.401841640472412,-0.11685013771057129,2.1538045406341553,2.0433948040008545,-0.1899365484714508,1.753852128982544,-0.7718848586082458
112,0.9641534090042114,-0.004554133862257004,0.7061024308204651,-0.3671475350856781,0.658225417137146,-0.188269704580307,0.4644510746002197,-0.48556822538375854,0.021902740001678467,0.9094569683074951,-0.022006791085004807,-0.3300414979457855,-0.06742933392524719,1.2114969491958618,0.192701518535614,0.34023118019104004,-0.02832278609275818,0.234749436378479,2.058877944946289,0.7849780321121216,1.7447909116744995,1.1485873460769653,0.6216523051261902,1.2019751071929932,-0.9760028719902039
113,0.8962864875793457,-0.0793667882680893,0.7289464473724365,-0.567844033241272,0.716942548751831,0.24974387884140015,0.6715787649154663,-0.49183717370033264,0.07667866349220276,1.3824505805969238,0.20271360874176025,0.5324110388755798,0.47940176725387573,0.7359974384307861,-0.4679785966873169,0.9786434769630432,-0.5521247982978821,-0.5444403886795044,1.3156338930130005,-0.38954487442970276,2.5021557807922363,2.0778257846832275,-0.45334485173225403,1.7934939861297607,-0.7617946863174438
114,0.9018068313598633,-0.3344702422618866,0.972800612449646,-0.6795138716697693,0.79969722032547,0.14202725887298584,0.34032729268074036,-0.47044792771339417,0.4976579546928406,1.375708818435669,0.4965391159057617,0.7877515554428101,0.3645007014274597,0.5949443578720093,-0.5312099456787109,1.1088930368423462,-0.5123057961463928,-0.6854788661003113,1.2780134677886963,-0.6251298189163208,2.8596882820129395,1.7291171550750732,-0.6306473612785339,1.344466209411621,-0.6817249059677124
115,0.9732819199562073,-0.07253439724445343,0.802839994430542,-0.6225311756134033,0.808696448802948,0.020451873540878296,0.6327722668647766,-0.6496971845626831,0.1858530342578888,1.5452593564987183,0.44405248761177063,0.2389848828315735,0.4240511655807495,0.7618993520736694,-0.5927110910415649,0.9284662008285522,-0.5740584135055542,-0.3767009377479553,1.6818944215774536,-0.21647626161575317,2.883788585662842,1.3845760822296143,-0.3286270499229431,1.1543922424316406,-0.9108376502990723
116,0.9826462268829346,-0.08082544803619385,0.7325077056884766,-0.54918372631073,0.6996358036994934,0.1531909704208374,0.7002522349357605,-0.532395601272583,0.04763531684875488,1.4264055490493774,0.25565895438194275,0.3678208589553833,0.48980289697647095,0.7488771677017212,-0.48572254180908203,0.9357691407203674,-0.5772862434387207,-0.35724514722824097,1.551887035369873,-0.08745181560516357,2.2509164810180664,2.2897260189056396,-0.19008970260620117,2.0473389625549316,-0.912237823009491
117,0.9696593880653381,-0.743768572807312,1.473250389099121,-0.514674186706543,0.9073761105537415,-0.8398927450180054,-1.0353747606277466,-0.262652188539505,1.4452438354492188,0.05436871945858002,0.44940972328186035,-0.14419971406459808,-1.269425630569458,1.3779487609863281,0.9927694797515869,0.007400870323181152,0.942412257194519,1.0923731327056885,2.9774975776672363,1.743445873260498,1.6910582780838013,-0.3362880051136017,1.728778600692749,-0.024416804313659668,-0.9760797023773193
118,0.9212057590484619,0.22621825337409973,0.42936447262763977,-0.5305036902427673,0.6457638740539551,0.5187724232673645,1.2613266706466675,-0.5966392159461975,-0.4653412401676178,1.74555242061615,0.03492167964577675,0.4817142188549042,0.9534565210342407,0.666562557220459,-0.8145596385002136,1.1276986598968506,-0.9407979249954224,-0.6351727247238159,1.0980368852615356,-0.5001518726348877,2.3605008125305176,2.924264669418335,-0.6388479471206665,2.6194915771484375,-0.8535525798797607
119,0.8726412057876587,-0.4665091335773468,1.2051560878753662,-0.5368103981018066,0.8631821870803833,-0.5607456564903259,-0.38615527749061584,-0.42802122235298157,0.9351357221603394,0.6140552759170532,0.4390156865119934,-0.11140847206115723,-0.6485191583633423,1.1833078861236572,0.41935598850250244,0.30289706587791443,0.38541415333747864,0.4201396107673645,2.4458553791046143,0.915450930595398,2.2135818004608154,0.11966988444328308,0.8516541123390198,0.1905684769153595,-0.9391165971755981
120,0.9228231310844421,-0.3078913688659668,0.9644101858139038,-0.5321869254112244,0.7365154027938843,-0.17602846026420593,0.20726850628852844,-0.46162810921669006,0.4515431523323059,1.0637357234954834,0.36118003726005554,0.1842096745967865,0.016083374619483948,0.899362325668335,-0.09067517518997192,0.680271327495575,-0.1796988695859909,-0.12058582901954651,1.8506383895874023,0.2006383240222931,2.348661422729492,1.0925313234329224,0.1116001307964325,0.9028409719467163,-0.9109089374542236
121,0.8854350447654724,0.11863424628973007,0.5228586196899414,-0.524715006351471,0.6451751589775085,0.406077116727829,1.0852887630462646,-0.5612603425979614,-0.31461456418037415,1.6273815631866455,0.08971215784549713,0.4499461054801941,0.8114433288574219,0.6898530125617981,-0.6933324337005615,1.0635313987731934,-0.8248900175094604,-0.6029756665229797,1.1749703884124756,-0.44206568598747253,2.3851819038391113,2.502039670944214,-0.5897140502929688,2.1930618286132812,-0.8376254439353943
122,0.9943168759346008,-0.5939593315124512,1.3497886657714844,-0.5249945521354675,0.8942151069641113,-0.8123067617416382,-0.6837888956069946,-0.4136888384819031,1.1805015802383423,0.41189491748809814,0.5309890508651733,-0.3119632303714752,-0.9534143209457397,1.2955743074417114,0.656120240688324,0.11673671007156372,0.6324930787086487,0.7774065136909485,2.8525638580322266,1.362971544265747,2.085451126098633,-0.11212116479873657,1.3272991180419922,0.12449055910110474,-0.9913821816444397
123,0.9958092570304871,-0.3881293535232544,1.2284361124038696,-0.28763529658317566,0.853000283241272,-1.1261162757873535,-0.8892569541931152,-0.3493262827396393,1.037671685218811,-0.2526698708534241,0.04934775456786156,-1.151468276977539,-1.6331326961517334,1.9252651929855347,1.5277364253997803,-0.6420614123344421,1.3334934711456299,1.6713366508483887,3.623445749282837,2.783130168914795,0.9934329986572266,-1.0383325815200806,2.606362819671631,-0.39533311128616333,-1.197717547416687
124,0.9031184315681458,-0.4625512659549713,1.0992794036865234,-0.5319061279296875,0.7498037219047546,-0.27512359619140625,-0.09135457873344421,-0.37174296379089355,0.7008256912231445,0.8252663016319275,0.38353943824768066,0.2484254240989685,-0.23132401704788208,0.9449313879013062,0.1369602084159851,0.5942612290382385,0.041189610958099365,0.07206755876541138,1.9050168991088867,0.38799822330474854,2.107550859451294,1.254218578338623,0.39865824580192566,1.169187068939209,-0.8176625967025757
125,0.9543341994285583,-0.5158162713050842,1.2946319580078125,-0.41296955943107605,0.8660272359848022,-0.904604434967041,-0.8048784732818604,-0.34153804183006287,1.1280486583709717,0.052547454833984375,0.2639789581298828,-0.601300835609436,-1.2777109146118164,1.5778896808624268,1.0961055755615234,-0.2170068919658661,0.9797755479812622,1.120018720626831,3.0992631912231445,1.9772162437438965,1.417763352394104,-0.3589247465133667,1.8699610233306885,0.008605778217315674,-1.0601377487182617
126,0.9479737281799316,-0.23410847783088684,0.8733761310577393,-0.579759418964386,0.7483375668525696,0.15539084374904633,0.349237859249115,-0.4033806324005127,0.3547983169555664,1.136913776397705,0.2309931367635727,0.619125485420227,0.21063190698623657,0.7856796979904175,-0.23736296594142914,0.8953806161880493,-0.3140767514705658,-0.3961527645587921,1.401841640472412,-0.11685013771057129,2.1538045406341553,2.0433948040008545,-0.1899365484714508,1.753852128982544,-0.7718848586082458
127,0.9641534090042114,-0.004554133862257004,0.7061024308204651,-0.3671475350856781,0.658225417137146,-0.188269704580307,0.4644510746002197,-0.48556822538375854,0.021902740001678467,0.9094569683074951,-0.022006791085004807,-0.3300414979457855,-0.06742933392524719,1.2114969491958618,0.192701518535614,0.34023118019104004,-0.02832278609275818,0.234749436378479,2.058877944946289,0.7849780321121216,1.7447909116744995,1.1485873460769653,0.6216523051261902,1.2019751071929932,-0.9760028719902039
128,0.8962864875793457,-0.0793667882680893,0.7289464473724365,-0.567844033241272,0.716942548751831,0.24974387884140015,0.6715787649154663,-0.49183717370033264,0.07667866349220276,1.3824505805969238,0.20271360874176025,0.5324110388755798,0.47940176725387573,0.7359974384307861,-0.4679785966873169,0.9786434769630432,-0.5521247982978821,-0.5444403886795044,1.3156338930130005,-0.38954487442970276,2.5021557807922363,2.0778257846832275,-0.45334485173225403,1.7934939861297607,-0.7617946863174438
129,0.9018068313598633,-0.3344702422618866,0.972800612449646,-0.6795138716697693,0.79969722032547,0.14202725887298584,0.34032729268074036,-0.47044792771339417,0.4976579546928406,1.375708818435669,0.4965391159057617,0.7877515554428101,0.3645007014274597,0.5949443578720093,-0.5312099456787109,1.1088930368423462,-0.5123057961463928,-0.6854788661003113,1.2780134677886963,-0.6251298189163208,2.8596882820129395,1.7291171550750732,-0.6306473612785339,1.344466209411621,-0.6817249059677124
130,0.9732819199562073,-0.07253439724445343,0.802839994430542,-0.6225311756134033,0.808696448802948,0.020451873540878296,0.6327722668647766,-0.6496971845626831,0.1858530342578888,1.5452593564987183,0.44405248761177063,0.2389848828315735,0.4240511655807495,0.7618993520736694,-0.5927110910415649,0.9284662008285522,-0.5740584135055542,-0.3767009377479553,1.6818944215774536,-0.21647626161575317,2.883788585662842,1.3845760822296143,-0.3286270499229431,1.1543922424316406,-0.9108376502990723
131,0.9826462268829346,-0.08082544803619385,0.7325077056884766,-0.54918372631073,0.6996358036994934,0.1531909704208374,0.7002522349357605,-0.532395601272583,0.04763531684875488,1.4264055490493774,0.25565895438194275,0.3678208589553833,0.48980289697647095,0.7488771677017212,-0.48572254180908203,0.9357691407203674,-0.5772862434387207,-0.35724514722824097,1.551887035369873,-0.08745181560516357,2.2509164810180664,2.2897260189056396,-0.19008970260620117,2.0473389625549316,-0.912237823009491
132,0.9696593880653381,-0.743768572807312,1.473250389099121,-0.514674186706543,0.9073761105537415,-0.8398927450180054,-1.0353747606277466,-0.262652188539505,1.4452438354492188,0.05436871945858002,0.44940972328186035,-0.14419971406459808,-1.269425630569458,1.3779487609863281,0.9927694797515869,0.007400870323181152,0.942412257194519,1.0923731327056885,2.9774975776672363,1.743445873260498,1.6910582780838013,-0.3362880051136017,1.728778600692749,-0.024416804313659668,-0.9760797023773193
133,0.9212057590484619,0.22621825337409973,0.42936447262763977,-0.5305036902427673,0.6457638740539551,0.5187724232673645,1.2613266706466675,-0.5966392159461975,-0.4653412401676178,1.74555242061615,0.03492167964577675,0.4817142188549042,0.9534565210342407,0.666562557220459,-0.8145596385002136,1.1276986598968506,-0.9407979249954224,-0.6351727247238159,1.0980368852615356,-0.5001518726348877,2.3605008125305176,2.924264669418335,-0.6388479471206665,2.6194915771484375,-0.8535525798797607
134,0.8726412057876587,-0.4665091335773468,1.2051560878753662,-0.5368103981018066,0.8631821870803833,-0.5607456564903259,-0.38615527749061584,-0.42802122235298157,0.9351357221603394,0.6140552759170532,0.4390156865119934,-0.11140847206115723,-0.6485191583633423,1.1833078861236572,0.41935598850250244,0.30289706587791443,0.38541415333747864,0.4201396107673645,2.4458553791046143,0.915450930595398,2.2135818004608154,0.11966988444328308,0.8516541123390198,0.1905684769153595,-0.9391165971755981
135,0.9228231310844421,-0.3078913688659668,0.9644101858139038,-0.5321869254112244,0.7365154027938843,-0.17602846026420593,0.20726850628852844,-0.46162810921669006,0.4515431523323059,1.0637357234954834,0.36118003726005554,0.1842096745967865,0.016083374619483948,0.899362325668335,-0.09067517518997192,0.680271327495575,-0.1796988695859909,-0.12058582901954651,1.8506383895874023,0.2006383240222931,2.348661422729492,1.0925313234329224,0.1116001307964325,0.9028409719467163,-0.9109089374542236
136,0.8854350447654724,0.11863424628973007,0.5228586196899414,-0.524715006351471,0.6451751589775085,0.406077116727829,1.0852887630462646,-0.5612603425979614,-0.31461456418037415,1.6273815631866455,0.08971215784549713,0.4499461054801941,0.8114433288574219,0.6898530125617981,-0.6933324337005615,1.0635313987731934,-0.8248900175094604,-0.6029756665229797,1.1749703884124756,-0.44206568598747253,2.3851819038391113,2.502039670944214,-0.5897140502929688,2.1930618286132812,-0.8376254439353943
137,0.9943168759346008,-0.5939593315124512,1.3497886657714844,-0.5249945521354675,0.8942151069641113,-0.8123067617416382,-0.6837888956069946,-0.4136888384819031,1.1805015802383423,0.41189491748809814,0.5309890508651733,-0.3119632303714752,-0.9534143209457397,1.2955743074417114,0.656120240688324,0.11673671007156372,0.6324930787086487,0.7774065136909485,2.8525638580322266,1.362971544265747,2.085451126098633,-0.11212116479873657,1.3272991180419922,0.12449055910110474,-0.9913821816444397
138,0.9958092570304871,-0.3881293535232544,1.2284361124038696,-0.28763529658317566,0.853000283241272,-1.1261162757873535,-0.8892569541931152,-0.3493262827396393,1.037671685218811,-0.2526698708534241,0.04934775456786156,-1.151468276977539,-1.6331326961517334,1.9252651929855347,1.5277364253997803,-0.6420614123344421,1.3334934711456299,1.6713366508483887,3.623445749282837,2.783130168914795,0.9934329986572266,-1.0383325815200806,2.606362819671631,-0.39533311128616333,-1.197717547416687
139,0.9031184315681458,-0.4625512659549713,1.0992794036865234,-0.5319061279296875,0.7498037219047546,-0.27512359619140625,-0.09135457873344421,-0.37174296379089355,0.7008256912231445,0.8252663016319275,0.38353943824768066,0.2484254240989685,-0.23132401704788208,0.9449313879013062,0.1369602084159851,0.5942612290382385,0.041189610958099365,0.07206755876541138,1.9050168991088867,0.38799822330474854,2.107550859451294,1.254218578338623,0.39865824580192566,1.169187068939209,-0.8176625967025757
140,0.9543341994285583,-0.5158162713050842,1.2946319580078125,-0.41296955943107605,0.8660272359848022,-0.904604434967041,-0.8048784732818604,-0.34153804183006287,1.1280486583709717,0.052547454833984375,0.2639789581298828,-0.601300835609436,-1.2777109146118164,1.5778896808624268,1.0961055755615234,-0.2170068919658661,0.9797755479812622,1.120018720626831,3.0992631912231445,1.9772162437438965,1.417763352394104,-0.3589247465133667,1.8699610233306885,0.008605778217315674,-1.0601377487182617
141,0.9479737281799316,-0.23410847783088684,0.8733761310577393,-0.579759418964386,0.7483375668525696,0.15539084374904633,0.349237859249115,-0.4033806324005127,0.3547983169555664,1.136913776397705,0.2309931367635727,0.619125485420227,0.21063190698623657,0.7856796979904175,-0.23736296594142914,0.8953806161880493,-0.3140767514705658,-0.3961527645587921,1.401841640472412,-0.11685013771057129,2.1538045406341553,2.0433948040008545,-0.1899365484714508,1.753852128982544,-0.7718848586082458
142,0.9641534090042114,-0.004554133862257004,0.7061024308204651,-0.3671475350856781,0.658225417137146,-0.188269704580307,0.4644510746002197,-0.48556822538375854,0.021902740001678467,0.9094569683074951,-0.022006791085004807,-0.3300414979457855,-0.06742933392524719,1.2114969491958618,0.192701518535614,0.34023118019104004,-0.02832278609275818,0.234749436378479,2.058877944946289,0.7849780321121216,1.7447909116744995,1.1485873460769653,0.6216523051261902,1.2019751071929932,-0.9760028719902039
143,0.8962864875793457,-0.0793667882680893,0.7289464473724365,-0.567844033241272,0.716942548751831,0.24974387884140015,0.6715787649154663,-0.49183717370033264,0.07667866349220276,1.3824505805969238,0.20271360874176025,0.5324110388755798,0.47940176725387573,0.7359974384307861,-0.4679785966873169,0.9786434769630432,-0.5521247982978821,-0.5444403886795044,1.3156338930130005,-0.38954487442970276,2.5021557807922363,2.0778257846832275,-0.45334485173225403,1.7934939861297607,-0.7617946863174438
144,0.9018068313598633,-0.3344702422618866,0.972800612449646,-0.6795138716697693,0.79969722032547,0.14202725887298584,0.34032729268074036,-0.47044792771339417,0.4976579546928406,1.375708818435669,0.4965391159057617,0.7877515554428101,0.3645007014274597,0.5949443578720093,-0.5312099456787109,1.1088930368423462,-0.5123057961463928,-0.6854788661003113,1.2780134677886963,-0.6251298189163208,2.8596882820129395,1.7291171550750732,-0.6306473612785339,1.344466209411621,-0.6817249059677124
145,0.9732819199562073,-0.07253439724445343,0.802839994430542,-0.6225311756134033,0.808696448802948,0.020451873540878296,0.6327722668647766,-0.6496971845626831,0.1858530342578888,1.5452593564987183,0.44405248761177063,0.2389848828315735,0.4240511655807495,0.7618993520736694,-0.5927110910415649,0.9284662008285522,-0.5740584135055542,-0.3767009377479553,1.6818944215774536,-0.21647626161575317,2.883788585662842,1.3845760822296143,-0.3286270499229431,1.1543922424316406,-0.9108376502990723
146,0.9826462268829346,-0.08082544803619385,0.7325077056884766,-0.54918372631073,0.6996358036994934,0.1531909704208374,0.7002522349357605,-0.532395601272583,0.04763531684875488,1.4264055490493774,0.25565895438194275,0.3678208589553833,0.48980289697647095,0.7488771677017212,-0.48572254180908203,0.9357691407203674,-0.5772862434387207,-0.35724514722824097,1.551887035369873,-0.08745181560516357,2.2509164810180664,2.2897260189056396,-0.19008970260620117,2.0473389625549316,-0.912237823009491
147,0.9696593880653381,-0.743768572807312,1.473250389099121,-0.514674186706543,0.9073761105537415,-0.8398927450180054,-1.0353747606277466,-0.262652188539505,1.4452438354492188,0.05436871945858002,0.44940972328186035,-0.14419971406459808,-1.269425630569458,1.3779487609863281,0.9927694797515869,0.007400870323181152,0.942412257194519,1.0923731327056885,2.9774975776672363,1.743445873260498,1.6910582780838013,-0.3362880051136017,1.728778600692749,-0.024416804313659668,-0.9760797023773193
148,0.9212057590484619,0.22621825337409973,0.42936447262763977,-0.5305036902427673,0.6457638740539551,0.5187724232673645,1.2613266706466675,-0.5966392159461975,-0.4653412401676178,1.74555242061615,0.03492167964577675,0.4817142188549042,0.9534565210342407,0.666562557220459,-0.8145596385002136,1.1276986598968506,-0.9407979249954224,-0.6351727247238159,1.0980368852615356,-0.5001518726348877,2.3605008125305176,2.924264669418335,-0.6388479471206665,2.6194915771484375,-0.8535525798797607
149,0.8726412057876587,-0.4665091335773468,1.2051560878753662,-0.5368103981018066,0.8631821870803833,-0.5607456564903259,-0.38615527749061584,-0.42802122235298157,0.9351357221603394,0.6140552759170532,0.4390156865119934,-0.11140847206115723,-0.6485191583633423,1.1833078861236572,0.41935598850250244,0.30289706587791443,0.38541415333747864,0.4201396107673645,2.4458553791046143,0.915450930595398,2.2135818004608154,0.11966988444328308,0.8516541123390198,0.1905684769153595,-0.9391165971755981
150,0.9228231310844421,-0.3078913688659668,0.9644101858139038,-0.5321869254112244,0.7365154027938843,-0.17602846026420593,0.20726850628852844,-0.46162810921669006,0.4515431523323059,1.0637357234954834,0.36118003726005554,0.1842096745967865,0.016083374619483948,0.899362325668335,-0.09067517518997192,0.680271327495575,-0.1796988695859909,-0.12058582901954651,1.8506383895874023,0.2006383240222931,2.348661422729492,1.0925313234329224,0.1116001307964325,0.9028409719467163,-0.9109089374542236
151,0.8854350447654724,0.11863424628973007,0.5228586196899414,-0.524715006351471,0.6451751589775085,0.406077116727829,1.0852887630462646,-0.5612603425979614,-0.31461456418037415,1.6273815631866455,0.08971215784549713,0.4499461054801941,0.8114433288574219,0.6898530125617981,-0.6933324337005615,1.0635313987731934,-0.8248900175094604,-0.6029756665229797,1.1749703884124756,-0.44206568598747253,2.3851819038391113,2.502039670944214,-0.5897140502929688,2.1930618286132812,-0.8376254439353943
152,0.9943168759346008,-0.5939593315124512,1.3497886657714844,-0.5249945521354675,0.8942151069641113,-0.8123067617416382,-0.6837888956069946,-0.4136888384819031,1.1805015802383423,0.41189491748809814,0.5309890508651733,-0.3119632303714752,-0.9534143209457397,1.2955743074417114,0.656120240688324,0.11673671007156372,0.6324930787086487,0.7774065136909485,2.8525638580322266,1.362971544265747,2.085451126098633,-0.11212116479873657,1.3272991180419922,0.12449055910110474,-0.9913821816444397
153,0.9958092570304871,-0.3881293535232544,1.2284361124038696,-0.28763529658317566,0.853000283241272,-1.1261162757873535,-0.8892569541931152,-0.3493262827396393,1.037671685218811,-0.2526698708534241,0.04934775456786156,-1.151468276977539,-1.6331326961517334,1.9252651929855347,1.5277364253997803,-0.6420614123344421,1.3334934711456299,1.6713366508483887,3.623445749282837,2.783130168914795,0.9934329986572266,-1.0383325815200806,2.606362819671631,-0.39533311128616333,-1.197717547416687
154,0.9031184315681458,-0.4625512659549713,1.0992794036865234,-0.5319061279296875,0.7498037219047546,-0.27512359619140625,-0.09135457873344421,-0.37174296379089355,0.7008256912231445,0.8252663016319275,0.38353943824768066,0.2484254240989685,-0.23132401704788208,0.9449313879013062,0.1369602084159851,0.5942612290382385,0.041189610958099365,0.07206755876541138,1.9050168991088867,0.38799822330474854,2.107550859451294,1.254218578338623,0.39865824580192566,1.169187068939209,-0.8176625967025757
155,0.9543341994285583,-0.5158162713050842,1.2946319580078125,-0.41296955943107605,0.8660272359848022,-0.904604434967041,-0.8048784732818604,-0.34153804183006287,1.1280486583709717,0.052547454833984375,0.2639789581298828,-0.601300835609436,-1.2777109146118164,1.5778896808624268,1.0961055755615234,-0.2170068919658661,0.9797755479812622,1.120018720626831,3.0992631912231445,1.9772162437438965,1.417763352394104,-0.3589247465133667,1.8699610233306885,0.008605778217315674,-1.0601377487182617
156,0.9479737281799316,-0.23410847783088684,0.8733761310577393,-0.579759418964386,0.7483375668525696,0.15539084374904633,0.349237859249115,-0.4033806324005127,0.3547983169555664,1.136913776397705,0.2309931367635727,0.619125485420227,0.21063190698623657,0.7856796979904175,-0.23736296594142914,0.8953806161880493,-0.3140767514705658,-0.3961527645587921,1.401841640472412,-0.11685013771057129,2.1538045406341553,2.0433948040008545,-0.1899365484714508,1.753852128982544,-0.7718848586082458
157,0.9641534090042114,-0.004554133862257004,0.7061024308204651,-0.3671475350856781,0.658225417137146,-0.188269704580307,0.4644510746002197,-0.48556822538375854,0.021902740001678467,0.9094569683074951,-0.022006791085004807,-0.3300414979457855,-0.06742933392524719,1.2114969491958618,0.192701518535614,0.34023118019104004,-0.02832278609275818,0.234749436378479,2.058877944946289,0.7849780321121216,1.7447909116744995,1.1485873460769653,0.6216523051261902,1.2019751071929932,-0.9760028719902039
158,0.8962864875793457,-0.0793667882680893,0.7289464473724365,-0.567844033241272,0.716942548751831,0.24974387884140015,0.6715787649154663,-0.49183717370033264,0.07667866349220276,1.3824505805969238,0.20271360874176025,0.5324110388755798,0.47940176725387573,0.7359974384307861,-0.4679785966873169,0.9786434769630432,-0.5521247982978821,-0.5444403886795044,1.3156338930130005,-0.38954487442970276,2.5021557807922363,2.0778257846832275,-0.45334485173225403,1.7934939861297607,-0.7617946863174438
159,0.9018068313598633,-0.3344702422618866,0.972800612449646,-0.6795138716697693,0.79969722032547,0.14202725887298584,0.34032729268074036,-0.47044792771339417,0.4976579546928406,1.375708818435669,0.4965391159057617,0.7877515554428101,0.3645007014274597,0.5949443578720093,-0.5312099456787109,1.1088930368423462,-0.5123057961463928,-0.6854788661003113,1.2780134677886963,-0.6251298189163208,2.8596882820129395,1.7291171550750732,-0.6306473612785339,1.344466209411621,-0.6817249059677124
160,0.9732819199562073,-0.07253439724445343,0.802839994430542,-0.6225311756134033,0.808696448802948,0.020451873540878296,0.6327722668647766,-0.6496971845626831,0.1858530342578888,1.5452593564987183,0.44405248761177063,0.2389848828315735,0.4240511655807495,0.7618993520736694,-0.5927110910415649,0.9284662008285522,-0.5740584135055542,-0.3767009377479553,1.6818944215774536,-0.21647626161575317,2.883788585662842,1.3845760822296143,-0.3286270499229431,1.1543922424316406,-0.9108376502990723
161,0.9826462268829346,-0.08082544803619385,0.7325077056884766,-0.54918372631073,0.6996358036994934,0.1531909704208374,0.7002522349357605,-0.532395601272583,0.04763531684875488,1.4264055490493774,0.25565895438194275,0.3678208589553833,0.48980289697647095,0.7488771677017212,-0.48572254180908203,0.9357691407203674,-0.5772862434387207,-0.35724514722824097,1.551887035369873,-0.08745181560516357,2.2509164810180664,2.2897260189056396,-0.19008970260620117,2.0473389625549316,-0.912237823009491
162,0.9696593880653381,-0.743768572807312,1.473250389099121,-0.514674186706543,0.9073761105537415,-0.8398927450180054,-1.0353747606277466,-0.262652188539505,1.4452438354492188,0.05436871945858002,0.44940972328186035,-0.14419971406459808,-1.269425630569458,1.3779487609863281,0.9927694797515869,0.007400870323181152,0.942412257194519,1.0923731327056885,2.9774975776672363,1.743445873260498,1.6910582780838013,-0.3362880051136017,1.728778600692749,-0.024416804313659668,-0.9760797023773193
163,0.9212057590484619,0.22621825337409973,0.42936447262763977,-0.5305036902427673,0.6457638740539551,0.5187724232673645,1.2613266706466675,-0.5966392159461975,-0.4653412401676178,1.74555242061615,0.03492167964577675,0.4817142188549042,0.9534565210342407,0.666562557220459,-0.8145596385002136,1.1276986598968506,-0.9407979249954224,-0.6351727247238159,1.0980368852615356,-0.5001518726348877,2.3605008125305176,2.924264669418335,-0.6388479471206665,2.6194915771484375,-0.8535525798797607
164,0.8726412057876587,-0.4665091335773468,1.2051560878753662,-0.5368103981018066,0.8631821870803833,-0.5607456564903259,-0.38615527749061584,-0.42802122235298157,0.9351357221603394,0.6140552759170532,0.4390156865119934,-0.11140847206115723,-0.6485191583633423,1.1833078861236572,0.41935598850250244,0.30289706587791443,0.38541415333747864,0.4201396107673645,2.4458553791046143,0.915450930595398,2.2135818004608154,0.11966988444328308,0.8516541123390198,0.1905684769153595,-0.9391165971755981
165,0.9228231310844421,-0.3078913688659668,0.9644101858139038,-0.5321869254112244,0.7365154027938843,-0.17602846026420593,0.20726850628852844,-0.46162810921669006,0.4515431523323059,1.0637357234954834,0.36118003726005554,0.1842096745967865,0.016083374619483948,0.899362325668335,-0.09067517518997192,0.680271327495575,-0.1796988695859909,-0.12058582901954651,1.8506383895874023,0.2006383240222931,2.348661422729492,1.0925313234329224,0.1116001307964325,0.9028409719467163,-0.9109089374542236
166,0.8854350447654724,0.11863424628973007,0.5228586196899414,-0.524715006351471,0.6451751589775085,0.406077116727829,1.0852887630462646,-0.5612603425979614,-0.31461456418037415,1.6273815631866455,0.08971215784549713,0.4499461054801941,0.8114433288574219,0.6898530125617981,-0.6933324337005615,1.0635313987731934,-0.8248900175094604,-0.6029756665229797,1.1749703884124756,-0.44206568598747253,2.3851819038391113,2.502039670944214,-0.5897140502929688,2.1930618286132812,-0.8376254439353943
167,0.9943168759346008,-0.5939593315124512,1.3497886657714844,-0.5249945521354675,0.8942151069641113,-0.8123067617416382,-0.6837888956069946,-0.4136888384819031,1.1805015802383423,0.41189491748809814,0.5309890508651733,-0.3119632303714752,-0.9534143209457397,1.2955743074417114,0.656120240688324,0.11673671007156372,0.6324930787086487,0.7774065136909485,2.8525638580322266,1.362971544265747,2.085451126098633,-0.11212116479873657,1.3272991180419922,0.12449055910110474,-0.9913821816444397
168,0.9958092570304871,-0.3881293535232544,1.2284361124038696,-0.28763529658317566,0.853000283241272,-1.1261162757873535,-0.8892569541931152,-0.3493262827396393,1.037671685218811,-0.2526698708534241,0.04934775456786156,-1.151468276977539,-1.6331326961517334,1.9252651929855347,1.5277364253997803,-0.6420614123344421,1.3334934711456299,1.6713366508483887,3.623445749282837,2.783130168914795,0.9934329986572266,-1.0383325815200806,2.606362819671631,-0.39533311128616333,-1.197717547416687
169,0.9031184315681458,-0.4625512659549713,1.0992794036865234,-0.5319061279296875,0.7498037219047546,-0.27512359619140625,-0.09135457873344421,-0.37174296379089355,0.7008256912231445,0.8252663016319275,0.38353943824768066,0.2484254240989685,-0.23132401704788208,0.9449313879013062,0.1369602084159851,0.5942612290382385,0.041189610958099365,0.07206755876541138,1.9050168991088867,0.38799822330474854,2.107550859451294,1.254218578338623,0.39865824580192566,1.169187068939209,-0.8176625967025757
170,0.9543341994285583,-0.5158162713050842,1.2946319580078125,-0.41296955943107605,0.8660272359848022,-0.904604434967041,-0.8048784732818604,-0.34153804183006287,1.1280486583709717,0.052547454833984375,0.2639789581298828,-0.601300835609436,-1.2777109146118164,1.5778896808624268,1.0961055755615234,-0.2170068919658661,0.9797755479812622,1.120018720626831,3.0992631912231445,1.9772162437438965,1.417763352394104,-0.3589247465133667,1.8699610233306885,0.008605778217315674,-1.0601377487182617
171,0.9479737281799316,-0.23410847783088684,0.8733761310577393,-0.579759418964386,0.7483375668525696,0.15539084374904633,0.349237859249115,-0.4033806324005127,0.3547983169555664,1.136913776397705,0.2309931367635727,0.619125485420227,0.21063190698623657,0.7856796979904175,-0.23736296594142914,0.8953806161880493,-0.3140767514705658,-0.3961527645587921,1.401841640472412,-0.11685013771057129,2.1538045406341553,2.0433948040008545,-0.1899365484714508,1.753852128982544,-0.7718848586082458
172,0.9641534090042114,-0.004554133862257004,0.7061024308204651,-0.3671475350856781,0.658225417137146,-0.188269704580307,0.4644510746002197,-0.48556822538375854,0.021902740001678467,0.9094569683074951,-0.022006791085004807,-0.3300414979457855,-0.06742933392524719,1.2114969491958618,0.192701518535614,0.34023118019104004,-0.02832278609275818,0.234749436378479,2.058877944946289,0.7849780321121216,1.7447909116744995,1.1485873460769653,0.6216523051261902,1.2019751071929932,-0.9760028719902039
173,0.8962864875793457,-0.0793667882680893,0.7289464473724365,-0.567844033241272,0.716942548751831,0.24974387884140015,0.6715787649154663,-0.49183717370033264,0.07667866349220276,1.3824505805969238,0.20271360874176025,0.5324110388755798,0.47940176725387573,0.7359974384307861,-0.4679785966873169,0.9786434769630432,-0.5521247982978821,-0.5444403886795044,1.3156338930130005,-0.38954487442970276,2.5021557807922363,2.0778257846832275,-0.45334485173225403,1.7934939861297607,-0.7617946863174438
174,0.9018068313598633,-0.3344702422618866,0.972800612449646,-0.6795138716697693,0.79969722032547,0.14202725887298584,0.34032729268074036,-0.47044792771339417,0.4976579546928406,1.375708818435669,0.4965391159057617,0.7877515554428101,0.3645007014274597,0.5949443578720093,-0.5312099456787109,1.1088930368423462,-0.5123057961463928,-0.6854788661003113,1.2780134677886963,-0.6251298189163208,2.8596882820129395,1.7291171550750732,-0.6306473612785339,1.344466209411621,-0.6817249059677124
175,0.9732819199562073,-0.07253439724445343,0.802839994430542,-0.6225311756134033,0.808696448802948,0.020451873540878296,0.6327722668647766,-0.6496971845626831,0.1858530342578888,1.5452593564987183,0.44405248761177063,0.2389848828315735,0.4240511655807495,0.7618993520736694,-0.5927110910415649,0.9284662008285522,-0.5740584135055542,-0.3767009377479553,1.6818944215774536,-0.21647626161575317,2.883788585662842,1.3845760822296143,-0.3286270499229431,1.1543922424316406,-0.9108376502990723
176,0.9826462268829346,-0.08082544803619385,0.7325077056884766,-0.54918372631073,0.6996358036994934,0.1531909704208374,0.7002522349357605,-0.532395601272583,0.04763531684875488,1.4264055490493774,0.25565895438194275,0.3678208589553833,0.48980289697647095,0.7488771677017212,-0.48572254180908203,0.9357691407203674,-0.5772862434387207,-0.35724514722824097,1.551887035369873,-0.08745181560516357,2.2509164810180664,2.2897260189056396,-0.19008970260620117,2.0473389625549316,-0.912237823009491
177,0.9696593880653381,-0.743768572807312,1.473250389099121,-0.514674186706543,0.9073761105537415,-0.8398927450180054,-1.0353747606277466,-0.262652188539505,1.4452438354492188,0.05436871945858002,0.44940972328186035,-0.14419971406459808,-1.269425630569458,1.3779487609863281,0.9927694797515869,0.007400870323181152,0.942412257194519,1.0923731327056885,2.9774975776672363,1.743445873260498,1.6910582780838013,-0.3362880051136017,1.728778600692749,-0.024416804313659668,-0.9760797023773193
178,0.9212057590484619,0.22621825337409973,0.42936447262763977,-0.5305036902427673,0.6457638740539551,0.5187724232673645,1.2613266706466675,-0.5966392159461975,-0.4653412401676178,1.74555242061615,0.03492167964577675,0.4817142188549042,0.9534565210342407,0.666562557220459,-0.8145596385002136,1.1276986598968506,-0.9407979249954224,-0.6351727247238159,1.0980368852615356,-0.5001518726348877,2.3605008125305176,2.924264669418335,-0.6388479471206665,2.6194915771484375,-0.8535525798797607
179,0.8726412057876587,-0.4665091335773468,1.2051560878753662,-0.5368103981018066,0.8631821870803833,-0.5607456564903259,-0.38615527749061584,-0.42802122235298157,0.9351357221603394,0.6140552759170532,0.4390156865119934,-0.11140847206115723,-0.6485191583633423,1.1833078861236572,0.41935598850250244,0.30289706587791443,0.38541415333747864,0.4201396107673645,2.4458553791046143,0.915450930595398,2.2135818004608154,0.11966988444328308,0.8516541123390198,0.1905684769153595,-0.9391165971755981
180,0.9228231310844421,-0.3078913688659668,0.9644101858139038,-0.5321869254112244,0.7365154027938843,-0.17602846026420593,0.20726850628852844,-0.46162810921669006,0.4515431523323059,1.0637357234954834,0.36118003726005554,0.1842096745967865,0.016083374619483948,0.899362325668335,-0.09067517518997192,0.680271327495575,-0.1796988695859909,-0.12058582901954651,1.8506383895874023,0.2006383240222931,2.348661422729492,1.0925313234329224,0.1116001307964325,0.9028409719467163,-0.9109089374542236
181,0.8854350447654724,0.11863424628973007,0.5228586196899414,-0.524715006351471,0.6451751589775085,0.406077116727829,1.0852887630462646,-0.5612603425979614,-0.31461456418037415,1.6273815631866455,0.08971215784549713,0.4499461054801941,0.8114433288574219,0.6898530125617981,-0.6933324337005615,1.0635313987731934,-0.8248900175094604,-0.6029756665229797,1.1749703884124756,-0.44206568598747253,2.3851819038391113,2.502039670944214,-0.5897140502929688,2.1930618286132812,-0.8376254439353943
182,0.9943168759346008,-0.5939593315124512,1.3497886657714844,-0.5249945521354675,0.8942151069641113,-0.8123067617416382,-0.6837888956069946,-0.4136888384819031,1.1805015802383423,0.41189491748809814,0.5309890508651733,-0.3119632303714752,-0.9534143209457397,1.2955743074417114,0.656120240688324,0.11673671007156372,0.6324930787086487,0.7774065136909485,2.8525638580322266,1.362971544265747,2.085451126098633,-0.11212116479873657,1.3272991180419922,0.12449055910110474,-0.9913821816444397
183,0.9958092570304871,-0.3881293535232544,1.2284361124038696,-0.28763529658317566,0.853000283241272,-1.1261162757873535,-0.8892569541931152,-0.3493262827396393,1.037671685218811,-0.2526698708534241,0.04934775456786156,-1.151468276977539,-1.6331326961517334,1.9252651929855347,1.5277364253997803,-0.6420614123344421,1.3334934711456299,1.6713366508483887,3.623445749282837,2.783130168914795,0.9934329986572266,-1.0383325815200806,2.606362819671631,-0.39533311128616333,-1.197717547416687
184,0.9031184315681458,-0.4625512659549713,1.0992794036865234,-0.5319061279296875,0.7498037219047546,-0.27512359619140625,-0.09135457873344421,-0.37174296379089355,0.7008256912231445,0.8252663016319275,0.38353943824768066,0.2484254240989685,-0.23132401704788208,0.9449313879013062,0.1369602084159851,0.5942612290382385,0.041189610958099365,0.07206755876541138,1.9050168991088867,0.38799822330474854,2.107550859451294,1.254218578338623,0.39865824580192566,1.169187068939209,-0.8176625967025757
185,0.9543341994285583,-0.5158162713050842,1.2946319580078125,-0.41296955943107605,0.8660272359848022,-0.904604434967041,-0.8048784732818604,-0.34153804183006287,1.1280486583709717,0.052547454833984375,0.2639789581298828,-0.601300835609436,-1.2777109146118164,1.5778896808624268,1.0961055755615234,-0.2170068919658661,0.9797755479812622,1.120018720626831,3.0992631912231445,1.9772162437438965,1.417763352394104,-0.3589247465133667,1.8699610233306885,0.008605778217315674,-1.0601377487182617
186,0.9479737281799316,-0.23410847783088684,0.8733761310577393,-0.579759418964386,0.7483375668525696,0.15539084374904633,0.349237859249115,-0.4033806324005127,0.3547983169555664,1.136913776397705,0.2309931367635727,0.619125485420227,0.21063190698623657,0.7856796979904175,-0.23736296594142914,0.8953806161880493,-0.3140767514705658,-0.3961527645587921,1.401841640472412,-0.11685013771057129,2.1538045406341553,2.0433948040008545,-0.1899365484714508,1.753852128982544,-0.7718848586082458
187,0.9641534090042114,-0.004554133862257004,0.7061024308204651,-0.3671475350856781,0.658225417137146,-0.188269704580307,0.4644510746002197,-0.48556822538375854,0.021902740001678467,0.9094569683074951,-0.022006791085004807,-0.3300414979457855,-0.06742933392524719,1.2114969491958618,0.192701518535614,0.34023118019104004,-0.02832278609275818,0.234749436378479,2.058877944946289,0.7849780321121216,1.7447909116744995,1.1485873460769653,0.6216523051261902,1.2019751071929932,-0.9760028719902039
188,0.8962864875793457,-0.0793667882680893,0.7289464473724365,-0.567844033241272,0.716942548751831,0.24974387884140015,0.6715787649154663,-0.49183717370033264,0.07667866349220276,1.3824505805969238,0.20271360874176025,0.5324110388755798,0.47940176725387573,0.7359974384307861,-0.4679785966873169,0.9786434769630432,-0.5521247982978821,-0.5444403886795044,1.3156338930130005,-0.38954487442970276,2.5021557807922363,2.0778257846832275,-0.45334485173225403,1.7934939861297607,-0.7617946863174438
189,0.9018068313598633,-0.3344702422618866,0.972800612449646,-0.6795138716697693,0.79969722032547,0.14202725887298584,0.34032729268074036,-0.47044792771339417,0.4976579546928406,1.375708818435669,0.4965391159057617,0.7877515554428101,0.3645007014274597,0.5949443578720093,-0.5312099456787109,1.1088930368423462,-0.5123057961463928,-0.6854788661003113,1.2780134677886963,-0.6251298189163208,2.8596882820129395,1.7291171550750732,-0.6306473612785339,1.344466209411621,-0.6817249059677124
190,0.9732819199562073,-0.07253439724445343,0.802839994430542,-0.6225311756134033,0.808696448802948,0.020451873540878296,0.6327722668647766,-0.6496971845626831,0.1858530342578888,1.5452593564987183,0.44405248761177063,0.2389848828315735,0.4240511655807495,0.7618993520736694,-0.5927110910415649,0.9284662008285522,-0.5740584135055542,-0.3767009377479553,1.6818944215774536,-0.21647626161575317,2.883788585662842,1.3845760822296143,-0.3286270499229431,1.1543922424316406,-0.9108376502990723
191,0.9826462268829346,-0.08082544803619385,0.7325077056884766,-0.54918372631073,0.6996358036994934,0.1531909704208374,0.7002522349357605,-0.532395601272583,0.04763531684875488,1.4264055490493774,0.25565895438194275,0.3678208589553833,0.48980289697647095,0.7488771677017212,-0.48572254180908203,0.9357691407203674,-0.5772862434387207,-0.35724514722824097,1.551887035369873,-0.08745181560516357,2.2509164810180664,2.2897260189056396,-0.19008970260620117,2.0473389625549316,-0.912237823009491
192,0.9696593880653381,-0.743768572807312,1.473250389099121,-0.514674186706543,0.9073761105537415,-0.8398927450180054,-1.0353747606277466,-0.262652188539505,1.4452438354492188,0.05436871945858002,0.44940972328186035,-0.14419971406459808,-1.269425630569458,1.3779487609863281,0.9927694797515869,0.007400870323181152,0.942412257194519,1.0923731327056885,2.9774975776672363,1.743445873260498,1.6910582780838013,-0.3362880051136017,1.728778600692749,-0.024416804313659668,-0.9760797023773193
193,0.9212057590484619,0.22621825337409973,0.42936447262763977,-0.5305036902427673,0.6457638740539551,0.5187724232673645,1.2613266706466675,-0.5966392159461975,-0.4653412401676178,1.74555242061615,0.03492167964577675,0.4817142188549042,0.9534565210342407,0.666562557220459,-0.8145596385002136,1.1276986598968506,-0.9407979249954224,-0.6351727247238159,1.0980368852615356,-0.5001518726348877,2.3605008125305176,2.924264669418335,-0.6388479471206665,2.6194915771484375,-0.8535525798797607
194,0.8726412057876587,-0.4665091335773468,1.2051560878753662,-0.5368103981018066,0.8631821870803833,-0.5607456564903259,-0.38615527749061584,-0.42802122235298157,0.9351357221603394,0.6140552759170532,0.4390156865119934,-0.11140847206115723,-0.6485191583633423,1.1833078861236572,0.41935598850250244,0.30289706587791443,0.38541415333747864,0.4201396107673645,2.4458553791046143,0.915450930595398,2.2135818004608154,0.11966988444328308,0.8516541123390198,0.1905684769153595,-0.9391165971755981
195,0.9228231310844421,-0.3078913688659668,0.9644101858139038,-0.5321869254112244,0.7365154027938843,-0.17602846026420593,0.20726850628852844,-0.46162810921669006,0.4515431523323059,1.0637357234954834,0.36118003726005554,0.1842096745967865,0.016083374619483948,0.899362325668335,-0.09067517518997192,0.680271327495575,-0.1796988695859909,-0.12058582901954651,1.8506383895874023,0.2006383240222931,2.348661422729492,1.0925313234329224,0.1116001307964325,0.9028409719467163,-0.9109089374542236
196,0.8854350447654724,0.11863424628973007,0.5228586196899414,-0.524715006351471,0.6451751589775085,0.406077116727829,1.0852887630462646,-0.5612603425979614,-0.31461456418037415,1.6273815631866455,0.08971215784549713,0.4499461054801941,0.8114433288574219,0.6898530125617981,-0.6933324337005615,1.0635313987731934,-0.8248900175094604,-0.6029756665229797,1.1749703884124756,-0.44206568598747253,2.3851819038391113,2.502039670944214,-0.5897140502929688,2.1930618286132812,-0.8376254439353943
197,0.9943168759346008,-0.5939593315124512,1.3497886657714844,-0.5249945521354675,0.8942151069641113,-0.8123067617416382,-0.6837888956069946,-0.4136888384819031,1.1805015802383423,0.41189491748809814,0.5309890508651733,-0.3119632303714752,-0.9534143209457397,1.2955743074417114,0.656120240688324,0.11673671007156372,0.6324930787086487,0.7774065136909485,2.8525638580322266,1.362971544265747,2.085451126098633,-0.11212116479873657,1.3272991180419922,0.12449055910110474,-0.9913821816444397
198,0.9958092570304871,-0.3881293535232544,1.2284361124038696,-0.28763529658317566,0.853000283241272,-1.1261162757873535,-0.8892569541931152,-0.3493262827396393,1.037671685218811,-0.2526698708534241,0.04934775456786156,-1.151468276977539,-1.6331326961517334,1.9252651929855347,1.5277364253997803,-0.6420614123344421,1.3334934711456299,1.6713366508483887,3.623445749282837,2.783130168914795,0.9934329986572266,-1.0383325815200806,2.606362819671631,-0.39533311128616333,-1.197717547416687
199,0.9031184315681458,-0.4625512659549713,1.0992794036865234,-0.5319061279296875,0.7498037219047546,-0.27512359619140625,-0.09135457873344421,-0.37174296379089355,0.7008256912231445,0.8252663016319275,0.38353943824768066,0.2484254240989685,-0.23132401704788208,0.9449313879013062,0.1369602084159851,0.5942612290382385,0.041189610958099365,0.07206755876541138,1.9050168991088867,0.38799822330474854,2.107550859451294,1.254218578338623,0.39865824580192566,1.169187068939209,-0.8176625967025757
200,0.9543341994285583,-0.5158162713050842,1.2946319580078125,-0.41296955943107605,0.8660272359848022,-0.904604434967041,-0.8048784732818604,-0.34153804183006287,1.1280486583709717,0.052547454833984375,0.2639789581298828,-0.601300835609436,-1.2777109146118164,1.5778896808624268,1.0961055755615234,-0.2170068919658661,0.9797755479812622,1.120018720626831,3.0992631912231445,1.9772162437438965,1.417763352394104,-0.3589247465133667,1.8699610233306885,0.008605778217315674,-1.0601377487182617
201,0.9479737281799316,-0.23410847783088684,0.8733761310577393,-0.579759418964386,0.7483375668525696,0.15539084374904633,0.349237859249115,-0.4033806324005127,0.3547983169555664,1.136913776397705,0.2309931367635727,0.619125485420227,0.21063190698623657,0.7856796979904175,-0.23736296594142914,0.8953806161880493,-0.3140767514705658,-0.3961527645587921,1.401841640472412,-0.11685013771057129,2.1538045406341553,2.0433948040008545,-0.1899365484714508,1.753852128982544,-0.7718848586082458
202,0.9641534090042114,-0.004554133862257004,0.7061024308204651,-0.3671475350856781,0.658225417137146,-0.188269704580307,0.4644510746002197,-0.48556822538375854,0.021902740001678467,0.9094569683074951,-0.022006791085004807,-0.3300414979457855,-0.06742933392524719,1.2114969491958618,0.192701518535614,0.34023118019104004,-0.02832278609275818,0.234749436378479,2.058877944946289,0.7849780321121216,1.7447909116744995,1.1485873460769653,0.6216523051261902,1.2019751071929932,-0.9760028719902039
203,0.8962864875793457,-0.0793667882680893,0.7289464473724365,-0.567844033241272,0.716942548751831,0.24974387884140015,0.6715787649154663,-0.49183717370033264,0.07667866349220276,1.3824505805969238,0.20271360874176025,0.5324110388755798,0.47940176725387573,0.7359974384307861,-0.4679785966873169,0.9786434769630432,-0.5521247982978821,-0.5444403886795044,1.3156338930130005,-0.38954487442970276,2.5021557807922363,2.0778257846832275,-0.45334485173225403,1.7934939861297607,-0.7617946863174438
204,0.9018068313598633,-0.3344702422618866,0.972800612449646,-0.6795138716697693,0.79969722032547,0.14202725887298584,0.34032729268074036,-0.47044792771339417,0.4976579546928406,1.375708818435669,0.4965391159057617,0.7877515554428101,0.3645007014274597,0.5949443578720093,-0.5312099456787109,1.1088930368423462,-0.5123057961463928,-0.6854788661003113,1.2780134677886963,-0.6251298189163208,2.8596882820129395,1.7291171550750732,-0.6306473612785339,1.344466209411621,-0.6817249059677124
205,0.9732819199562073,-0.07253439724445343,0.802839994430542,-0.6225311756134033,0.808696448802948,0.020451873540878296,0.6327722668647766,-0.6496971845626831,0.1858530342578888,1.5452593564987183,0.44405248761177063,0.2389848828315735,0.4240511655807495,0.7618993520736694,-0.5927110910415649,0.9284662008285522,-0.5740584135055542,-0.3767009377479553,1.6818944215774536,-0.21647626161575317,2.883788585662842,1.3845760822296143,-0.3286270499229431,1.1543922424316406,-0.9108376502990723
206,0.9826462268829346,-0.08082544803619385,0.7325077056884766,-0.54918372631073,0.6996358036994934,0.1531909704208374,0.7002522349357605,-0.532395601272583,0.04763531684875488,1.4264055490493774,0.25565895438194275,0.3678208589553833,0.48980289697647095,0.7488771677017212,-0.48572254180908203,0.9357691407203674,-0.5772862434387207,-0.35724514722824097,1.551887035369873,-0.08745181560516357,2.2509164810180664,2.2897260189056396,-0.19008970260620117,2.0473389625549316,-0.912237823009491
207,0.9696593880653381,-0.743768572807312,1.473250389099121,-0.514674186706543,0.9073761105537415,-0.8398927450180054,-1.0353747606277466,-0.262652188539505,1.4452438354492188,0.05436871945858002,0.44940972328186035,-0.14419971406459808,-1.269425630569458,1.3779487609863281,0.9927694797515869,0.007400870323181152,0.942412257194519,1.0923731327056885,2.9774975776672363,1.743445873260498,1.6910582780838013,-0.3362880051136017,1.728778600692749,-0.024416804313659668,-0.9760797023773193
208,0.9212057590484619,0.22621825337409973,0.42936447262763977,-0.5305036902427673,0.6457638740539551,0.5187724232673645,1.2613266706466675,-0.5966392159461975,-0.4653412401676178,1.74555242061615,0.03492167964577675,0.4817142188549042,0.9534565210342407,0.666562557220459,-0.8145596385002136,1.1276986598968506,-0.9407979249954224,-0.6351727247238159,1.0980368852615356,-0.5001518726348877,2.3605008125305176,2.924264669418335,-0.6388479471206665,2.6194915771484375,-0.8535525798797607
209,0.8726412057876587,-0.4665091335773468,1.2051560878753662,-0.5368103981018066,0.8631821870803833,-0.5607456564903259,-0.38615527749061584,-0.42802122235298157,0.9351357221603394,0.6140552759170532,0.4390156865119934,-0.11140847206115723,-0.6485191583633423,1.1833078861236572,0.41935598850250244,0.30289706587791443,0.38541415333747864,0.4201396107673645,2.4458553791046143,0.915450930595398,2.2135818004608154,0.11966988444328308,0.8516541123390198,0.1905684769153595,-0.9391165971755981
210,0.9228231310844421,-0.3078913688659668,0.9644101858139038,-0.5321869254112244,0.7365154027938843,-0.17602846026420593,0.20726850628852844,-0.46162810921669006,0.4515431523323059,1.0637357234954834,0.36118003726005554,0.1842096745967865,0.016083374619483948,0.899362325668335,-0.09067517518997192,0.680271327495575,-0.1796988695859909,-0.12058582901954651,1.8506383895874023,0.2006383240222931,2.348661422729492,1.0925313234329224,0.1116001307964325,0.9028409719467163,-0.9109089374542236
211,0.8854350447654724,0.11863424628973007,0.5228586196899414,-0.524715006351471,0.6451751589775085,0.406077116727829,1.0852887630462646,-0.5612603425979614,-0.31461456418037415,1.6273815631866455,0.08971215784549713,0.4499461054801941,0.8114433288574219,0.6898530125617981,-0.6933324337005615,1.0635313987731934,-0.8248900175094604,-0.6029756665229797,1.1749703884124756,-0.44206568598747253,2.3851819038391113,2.502039670944214,-0.5897140502929688,2.1930618286132812,-0.8376254439353943
212,0.9943168759346008,-0.5939593315124512,1.3497886657714844,-0.5249945521354675,0.8942151069641113,-0.8123067617416382,-0.6837888956069946,-0.4136888384819031,1.1805015802383423,0.41189491748809814,0.5309890508651733,-0.3119632303714752,-0.9534143209457397,1.2955743074417114,0.656120240688324,0.11673671007156372,0.6324930787086487,0.7774065136909485,2.8525638580322266,1.362971544265747,2.085451126098633,-0.11212116479873657,1.3272991180419922,0.12449055910110474,-0.9913821816444397
213,0.9958092570304871,-0.3881293535232544,1.2284361124038696,-0.28763529658317566,0.853000283241272,-1.1261162757873535,-0.8892569541931152,-0.3493262827396393,1.037671685218811,-0.2526698708534241,0.04934775456786156,-1.151468276977539,-1.6331326961517334,1.9252651929855347,1.5277364253997803,-0.6420614123344421,1.3334934711456299,1.6713366508483887,3.623445749282837,2.783130168914795,0.9934329986572266,-1.0383325815200806,2.606362819671631,-0.39533311128616333,-1.197717547416687
214,0.9031184315681458,-0.4625512659549713,1.0992794036865234,-0.5319061279296875,0.7498037219047546,-0.27512359619140625,-0.09135457873344421,-0.37174296379089355,0.7008256912231445,0.8252663016319275,0.38353943824768066,0.2484254240989685,-0.23132401704788208,0.9449313879013062,0.1369602084159851,0.5942612290382385,0.041189610958099365,0.07206755876541138,1.9050168991088867,0.38799822330474854,2.107550859451294,1.254218578338623,0.39865824580192566,1.169187068939209,-0.8176625967025757
215,0.9543341994285583,-0.5158162713050842,1.2946319580078125,-0.41296955943107605,0.8660272359848022,-0.904604434967041,-0.8048784732818604,-0.34153804183006287,1.1280486583709717,0.052547454833984375,0.2639789581298828,-0.601300835609436,-1.2777109146118164,1.5778896808624268,1.0961055755615234,-0.2170068919658661,0.9797755479812622,1.120018720626831,3.0992631912231445,1.9772162437438965,1.417763352394104,-0.3589247465133667,1.8699610233306885,0.008605778217315674,-1.0601377487182617
216,0.9479737281799316,-0.23410847783088684,0.8733761310577393,-0.579759418964386,0.7483375668525696,0.15539084374904633,0.349237859249115,-0.4033806324005127,0.3547983169555664,1.136913776397705,0.2309931367635727,0.619125485420227,0.21063190698623657,0.7856796979904175,-0.23736296594142914,0.8953806161880493,-0.3140767514705658,-0.3961527645587921,1.401841640472412,-0.11685013771057129,2.1538045406341553,2.0433948040008545,-0.1899365484714508,1.753852128982544,-0.7718848586082458
217,0.9641534090042114,-0.004554133862257004,0.7061024308204651,-0.3671475350856781,0.658225417137146,-0.188269704580307,0.4644510746002197,-0.48556822538375854,0.021902740001678467,0.9094569683074951,-0.022006791085004807,-0.3300414979457855,-0.06742933392524719,1.2114969491958618,0.192701518535614,0.34023118019104004,-0.02832278609275818,0.234749436378479,2.058877944946289,0.7849780321121216,1.7447909116744995,1.1485873460769653,0.6216523051261902,1.2019751071929932,-0.9760028719902039
218,0.8962864875793457,-0.0793667882680893,0.7289464473724365,-0.567844033241272,0.716942548751831,0.24974387884140015,0.6715787649154663,-0.49183717370033264,0.07667866349220276,1.3824505805969238,0.20271360874176025,0.5324110388755798,0.47940176725387573,0.7359974384307861,-0.4679785966873169,0.9786434769630432,-0.5521247982978821,-0.5444403886795044,1.3156338930130005,-0.38954487442970276,2.5021557807922363,2.0778257846832275,-0.45334485173225403,1.7934939861297607,-0.7617946863174438
219,0.9018068313598633,-0.3344702422618866,0.972800612449646,-0.6795138716697693,0.79969722032547,0.14202725887298584,0.34032729268074036,-0.47044792771339417,0.4976579546928406,1.375708818435669,0.4965391159057617,0.7877515554428101,0.3645007014274597,0.5949443578720093,-0.5312099456787109,1.1088930368423462,-0.5123057961463928,-0.6854788661003113,1.2780134677886963,-0.6251298189163208,2.8596882820129395,1.7291171550750732,-0.6306473612785339,1.344466209411621,-0.6817249059677124
220,0.9732819199562073,-0.07253439724445343,0.802839994430542,-0.6225311756134033,0.808696448802948,0.020451873540878296,0.6327722668647766,-0.6496971845626831,0.1858530342578888,1.5452593564987183,0.44405248761177063,0.2389848828315735,0.4240511655807495,0.7618993520736694,-0.5927110910415649,0.9284662008285522,-0.5740584135055542,-0.3767009377479553,1.6818944215774536,-0.21647626161575317,2.883788585662842,1.3845760822296143,-0.3286270499229431,1.1543922424316406,-0.9108376502990723
221,0.9826462268829346,-0.08082544803619385,0.7325077056884766,-0.54918372631073,0.6996358036994934,0.1531909704208374,0.7002522349357605,-0.532395601272583,0.04763531684875488,1.4264055490493774,0.25565895438194275,0.3678208589553833,0.48980289697647095,0.7488771677017212,-0.48572254180908203,0.9357691407203674,-0.5772862434387207,-0.35724514722824097,1.551887035369873,-0.08745181560516357,2.2509164810180664,2.2897260189056396,-0.19008970260620117,2.0473389625549316,-0.912237823009491
222,0.9696593880653381,-0.743768572807312,1.473250389099121,-0.514674186706543,0.9073761105537415,-0.8398927450180054,-1.0353747606277466,-0.262652188539505,1.4452438354492188,0.05436871945858002,0.44940972328186035,-0.14419971406459808,-1.269425630569458,1.3779487609863281,0.9927694797515869,0.007400870323181152,0.942412257194519,1.0923731327056885,2.9774975776672363,1.743445873260498,1.6910582780838013,-0.3362880051136017,1.728778600692749,-0.024416804313659668,-0.9760797023773193
223,0.9212057590484619,0.22621825337409973,0.42936447262763977,-0.5305036902427673,0.6457638740539551,0.5187724232673645,1.2613266706466675,-0.5966392159461975,-0.4653412401676178,1.74555242061615,0.03492167964577675,0.4817142188549042,0.9534565210342407,0.666562557220459,-0.8145596385002136,1.1276986598968506,-0.9407979249954224,-0.6351727247238159,1.0980368852615356,-0.5001518726348877,2.3605008125305176,2.924264669418335,-0.6388479471206665,2.6194915771484375,-0.8535525798797607
224,0.8726412057876587,-0.4665091335773468,1.2051560878753662,-0.5368103981018066,0.8631821870803833,-0.5607456564903259,-0.38615527749061584,-0.42802122235298157,0.9351357221603394,0.6140552759170532,0.4390156865119934,-0.11140847206115723,-0.6485191583633423,1.1833078861236572,0.41935598850250244,0.30289706587791443,0.38541415333747864,0.4201396107673645,2.4458553791046143,0.915450930595398,2.2135818004608154,0.11966988444328308,0.8516541123390198,0.1905684769153595,-0.9391165971755981
225,0.9228231310844421,-0.3078913688659668,0.9644101858139038,-0.5321869254112244,0.7365154027938843,-0.17602846026420593,0.20726850628852844,-0.46162810921669006,0.4515431523323059,1.0637357234954834,0.36118003726005554,0.1842096745967865,0.016083374619483948,0.899362325668335,-0.09067517518997192,0.680271327495575,-0.1796988695859909,-0.12058582901954651,1.8506383895874023,0.2006383240222931,2.348661422729492,1.0925313234329224,0.1116001307964325,0.9028409719467163,-0.9109089374542236
226,0.8854350447654724,0.11863424628973007,0.5228586196899414,-0.524715006351471,0.6451751589775085,0.406077116727829,1.0852887630462646,-0.5612603425979614,-0.31461456418037415,1.6273815631866455,0.08971215784549713,0.4499461054801941,0.8114433288574219,0.6898530125617981,-0.6933324337005615,1.0635313987731934,-0.8248900175094604,-0.6029756665229797,1.1749703884124756,-0.44206568598747253,2.3851819038391113,2.502039670944214,-0.5897140502929688,2.1930618286132812,-0.8376254439353943
227,0.9943168759346008,-0.5939593315124512,1.3497886657714844,-0.5249945521354675,0.8942151069641113,-0.8123067617416382,-0.6837888956069946,-0.4136888384819031,1.1805015802383423,0.41189491748809814,0.5309890508651733,-0.3119632303714752,-0.9534143209457397,1.2955743074417114,0.656120240688324,0.11673671007156372,0.6324930787086487,0.7774065136909485,2.8525638580322266,1.362971544265747,2.085451126098633,-0.11212116479873657,1.3272991180419922,0.12449055910110474,-0.9913821816444397
228,0.9958092570304871,-0.3881293535232544,1.2284361124038696,-0.28763529658317566,0.853000283241272,-1.1261162757873535,-0.8892569541931152,-0.3493262827396393,1.037671685218811,-0.2526698708534241,0.04934775456786156,-1.151468276977539,-1.6331326961517334,1.9252651929855347,1.5277364253997803,-0.6420614123344421,1.3334934711456299,1.6713366508483887,3.623445749282837,2.783130168914795,0.9934329986572266,-1.0383325815200806,2.606362819671631,-0.39533311128616333,-1.197717547416687
229,0.9031184315681458,-0.4625512659549713,1.0992794036865234,-0.5319061279296875,0.7498037219047546,-0.27512359619140625,-0.09135457873344421,-0.37174296379089355,0.7008256912231445,0.8252663016319275,0.38353943824768066,0.2484254240989685,-0.23132401704788208,0.9449313879013062,0.1369602084159851,0.5942612290382385,0.041189610958099365,0.07206755876541138,1.9050168991088867,0.38799822330474854,2.107550859451294,1.254218578338623,0.39865824580192566,1.169187068939209,-0.8176625967025757
230,0.9543341994285583,-0.5158162713050842,1.2946319580078125,-0.41296955943107605,0.8660272359848022,-0.904604434967041,-0.8048784732818604,-0.34153804183006287,1.1280486583709717,0.052547454833984375,0.2639789581298828,-0.601300835609436,-1.2777109146118164,1.5778896808624268,1.0961055755615234,-0.2170068919658661,0.9797755479812622,1.120018720626831,3.0992631912231445,1.9772162437438965,1.417763352394104,-0.3589247465133667,1.8699610233306885,0.008605778217315674,-1.0601377487182617
231,0.9479737281799316,-0.23410847783088684,0.8733761310577393,-0.579759418964386,0.7483375668525696,0.15539084374904633,0.349237859249115,-0.4033806324005127,0.3547983169555664,1.136913776397705,0.2309931367635727,0.619125485420227,0.21063190698623657,0.7856796979904175,-0.23736296594142914,0.8953806161880493,-0.3140767514705658,-0.3961527645587921,1.401841640472412,-0.11685013771057129,2.1538045406341553,2.0433948040008545,-0.1899365484714508,1.753852128982544,-0.7718848586082458
232,0.9641534090042114,-0.004554133862257004,0.7061024308204651,-0.3671475350856781,0.658225417137146,-0.188269704580307,0.4644510746002197,-0.48556822538375854,0.021902740001678467,0.9094569683074951,-0.022006791085004807,-0.3300414979457855,-0.06742933392524719,1.2114969491958618,0.192701518535614,0.34023118019104004,-0.02832278609275818,0.234749436378479,2.058877944946289,0.7849780321121216,1.7447909116744995,1.1485873460769653,0.6216523051261902,1.2019751071929932,-0.9760028719902039
233,0.8962864875793457,-0.0793667882680893,0.7289464473724365,-0.567844033241272,0.716942548751831,0.24974387884140015,0.6715787649154663,-0.49183717370033264,0.07667866349220276,1.3824505805969238,0.20271360874176025,0.5324110388755798,0.47940176725387573,0.7359974384307861,-0.4679785966873169,0.9786434769630432,-0.5521247982978821,-0.5444403886795044,1.3156338930130005,-0.38954487442970276,2.5021557807922363,2.0778257846832275,-0.45334485173225403,1.7934939861297607,-0.7617946863174438
234,0.9018068313598633,-0.3344702422618866,0.972800612449646,-0.6795138716697693,0.79969722032547,0.14202725887298584,0.34032729268074036,-0.47044792771339417,0.4976579546928406,1.375708818435669,0.4965391159057617,0.7877515554428101,0.3645007014274597,0.5949443578720093,-0.5312099456787109,1.1088930368423462,-0.5123057961463928,-0.6854788661003113,1.2780134677886963,-0.6251298189163208,2.8596882820129395,1.7291171550750732,-0.6306473612785339,1.344466209411621,-0.6817249059677124
235,0.9732819199562073,-0.07253439724445343,0.802839994430542,-0.6225311756134033,0.808696448802948,0.020451873540878296,0.6327722668647766,-0.6496971845626831,0.1858530342578888,1.5452593564987183,0.44405248761177063,0.2389848828315735,0.4240511655807495,0.7618993520736694,-0.5927110910415649,0.9284662008285522,-0.5740584135055542,-0.3767009377479553,1.6818944215774536,-0.21647626161575317,2.883788585662842,1.3845760822296143,-0.3286270499229431,1.1543922424316406,-0.9108376502990723
236,0.9826462268829346,-0.08082544803619385,0.7325077056884766,-0.54918372631073,0.6996358036994934,0.1531909704208374,0.7002522349357605,-0.532395601272583,0.04763531684875488,1.4264055490493774,0.25565895438194275,0.3678208589553833,0.48980289697647095,0.7488771677017212,-0.48572254180908203,0.9357691407203674,-0.5772862434387207,-0.35724514722824097,1.551887035369873,-0.08745181560516357,2.2509164810180664,2.2897260189056396,-0.19008970260620117,2.0473389625549316,-0.912237823009491
237,0.9696593880653381,-0.743768572807312,1.473250389099121,-0.514674186706543,0.9073761105537415,-0.8398927450180054,-1.0353747606277466,-0.262652188539505,1.4452438354492188,0.05436871945858002,0.44940972328186035,-0.14419971406459808,-1.269425630569458,1.3779487609863281,0.9927694797515869,0.007400870323181152,0.942412257194519,1.0923731327056885,2.9774975776672363,1.743445873260498,1.6910582780838013,-0.3362880051136017,1.728778600692749,-0.024416804313659668,-0.9760797023773193
238,0.9212057590484619,0.22621825337409973,0.42936447262763977,-0.5305036902427673,0.6457638740539551,0.5187724232673645,1.2613266706466675,-0.5966392159461975,-0.4653412401676178,1.74555242061615,0.03492167964577675,0.4817142188549042,0.9534565210342407,0.666562557220459,-0.8145596385002136,1.1276986598968506,-0.9407979249954224,-0.6351727247238159,1.0980368852615356,-0.5001518726348877,2.3605008125305176,2.924264669418335,-0.6388479471206665,2.6194915771484375,-0.8535525798797607
239,0.8726412057876587,-0.4665091335773468,1.2051560878753662,-0.5368103981018066,0.8631821870803833,-0.5607456564903259,-0.38615527749061584,-0.42802122235298157,0.9351357221603394,0.6140552759170532,0.4390156865119934,-0.11140847206115723,-0.6485191583633423,1.1833078861236572,0.41935598850250244,0.30289706587791443,0.38541415333747864,0.4201396107673645,2.4458553791046143,0.915450930595398,2.2135818004608154,0.11966988444328308,0.8516541123390198,0.1905684769153595,-0.9391165971755981
240,0.9228231310844421,-0.3078913688659668,0.9644101858139038,-0.5321869254112244,0.7365154027938843,-0.17602846026420593,0.20726850628852844,-0.46162810921669006,0.4515431523323059,1.0637357234954834,0.36118003726005554,0.1842096745967865,0.016083374619483948,0.899362325668335,-0.09067517518997192,0.680271327495575,-0.1796988695859909,-0.12058582901954651,1.8506383895874023,0.2006383240222931,2.348661422729492,1.0925313234329224,0.1116001307964325,0.9028409719467163,-0.9109089374542236
241,0.8854350447654724,0.11863424628973007,0.5228586196899414,-0.524715006351471,0.6451751589775085,0.406077116727829,1.0852887630462646,-0.5612603425979614,-0.31461456418037415,1.6273815631866455,0.08971215784549713,0.4499461054801941,0.8114433288574219,0.6898530125617981,-0.6933324337005615,1.0635313987731934,-0.8248900175094604,-0.6029756665229797,1.1749703884124756,-0.44206568598747253,2.3851819038391113,2.502039670944214,-0.5897140502929688,2.1930618286132812,-0.8376254439353943
242,0.9943168759346008,-0.5939593315124512,1.3497886657714844,-0.5249945521354675,0.8942151069641113,-0.8123067617416382,-0.6837888956069946,-0.4136888384819031,1.1805015802383423,0.41189491748809814,0.5309890508651733,-0.3119632303714752,-0.9534143209457397,1.2955743074417114,0.656120240688324,0.11673671007156372,0.6324930787086487,0.7774065136909485,2.8525638580322266,1.362971544265747,2.085451126098633,-0.11212116479873657,1.3272991180419922,0.12449055910110474,-0.9913821816444397
243,0.9958092570304871,-0.3881293535232544,1.2284361124038696,-0.28763529658317566,0.853000283241272,-1.1261162757873535,-0.8892569541931152,-0.3493262827396393,1.037671685218811,-0.2526698708534241,0.04934775456786156,-1.151468276977539,-1.6331326961517334,1.9252651929855347,1.5277364253997803,-0.6420614123344421,1.3334934711456299,1.6713366508483887,3.623445749282837,2.783130168914795,0.9934329986572266,-1.0383325815200806,2.606362819671631,-0.39533311128616333,-1.197717547416687
244,0.9031184315681458,-0.4625512659549713,1.0992794036865234,-0.5319061279296875,0.7498037219047546,-0.27512359619140625,-0.09135457873344421,-0.37174296379089355,0.7008256912231445,0.8252663016319275,0.38353943824768066,0.2484254240989685,-0.23132401704788208,0.9449313879013062,0.1369602084159851,0.5942612290382385,0.041189610958099365,0.07206755876541138,1.9050168991088867,0.38799822330474854,2.107550859451294,1.254218578338623,0.39865824580192566,1.169187068939209,-0.8176625967025757
245,0.9543341994285583,-0.5158162713050842,1.2946319580078125,-0.41296955943107605,0.8660272359848022,-0.904604434967041,-0.8048784732818604,-0.34153804183006287,1.1280486583709717,0.052547454833984375,0.2639789581298828,-0.601300835609436,-1.2777109146118164,1.5778896808624268,1.0961055755615234,-0.2170068919658661,0.9797755479812622,1.120018720626831,3.0992631912231445,1.9772162437438965,1.417763352394104,-0.3589247465133667,1.8699610233306885,0.008605778217315674,-1.0601377487182617
246,0.9479737281799316,-0.23410847783088684,0.8733761310577393,-0.579759418964386,0.7483375668525696,0.15539084374904633,0.349237859249115,-0.4033806324005127,0.3547983169555664,1.136913776397705,0.2309931367635727,0.619125485420227,0.21063190698623657,0.7856796979904175,-0.23736296594142914,0.8953806161880493,-0.3140767514705658,-0.3961527645587921,1.401841640472412,-0.11685013771057129,2.1538045406341553,2.0433948040008545,-0.1899365484714508,1.753852128982544,-0.7718848586082458
247,0.9641534090042114,-0.004554133862257004,0.7061024308204651,-0.3671475350856781,0.658225417137146,-0.188269704580307,0.4644510746002197,-0.48556822538375854,0.021902740001678467,0.9094569683074951,-0.022006791085004807,-0.3300414979457855,-0.06742933392524719,1.2114969491958618,0.192701518535614,0.34023118019104004,-0.02832278609275818,0.234749436378479,2.058877944946289,0.7849780321121216,1.7447909116744995,1.1485873460769653,0.6216523051261902,1.2019751071929932,-0.9760028719902039
248,0.8962864875793457,-0.0793667882680893,0.7289464473724365,-0.567844033241272,0.716942548751831,0.24974387884140015,0.6715787649154663,-0.49183717370033264,0.07667866349220276,1.3824505805969238,0.20271360874176025,0.5324110388755798,0.47940176725387573,0.7359974384307861,-0.4679785966873169,0.9786434769630432,-0.5521247982978821,-0.5444403886795044,1.3156338930130005,-0.38954487442970276,2.5021557807922363,2.0778257846832275,-0.45334485173225403,1.7934939861297607,-0.7617946863174438
249,0.9018068313598633,-0.3344702422618866,0.972800612449646,-0.6795138716697693,0.79969722032547,0.14202725887298584,0.34032729268074036,-0.47044792771339417,0.4976579546928406,1.375708818435669,0.4965391159057617,0.7877515554428101,0.3645007014274597,0.5949443578720093,-0.5312099456787109,1.1088930368423462,-0.5123057961463928,-0.6854788661003113,1.2780134677886963,-0.6251298189163208,2.8596882820129395,1.7291171550750732,-0.6306473612785339,1.344466209411621,-0.6817249059677124
250,0.9732819199562073,-0.07253439724445343,0.802839994430542,-0.6225311756134033,0.808696448802948,0.020451873540878296,0.6327722668647766,-0.6496971845626831,0.1858530342578888,1.5452593564987183,0.44405248761177063,0.2389848828315735,0.4240511655807495,0.7618993520736694,-0.5927110910415649,0.9284662008285522,-0.5740584135055542,-0.3767009377479553,1.6818944215774536,-0.21647626161575317,2.883788585662842,1.3845760822296143,-0.3286270499229431,1.1543922424316406,-0.9108376502990723
251,0.9826462268829346,-0.08082544803619385,0.7325077056884766,-0.54918372631073,0.6996358036994934,0.1531909704208374,0.7002522349357605,-0.532395601272583,0.04763531684875488,1.4264055490493774,0.25565895438194275,0.3678208589553833,0.48980289697647095,0.7488771677017212,-0.48572254180908203,0.9357691407203674,-0.5772862434387207,-0.35724514722824097,1.551887035369873,-0.08745181560516357,2.2509164810180664,2.2897260189056396,-0.19008970260620117,2.0473389625549316,-0.912237823009491
252,0.9696593880653381,-0.743768572807312,1.473250389099121,-0.514674186706543,0.9073761105537415,-0.8398927450180054,-1.0353747606277466,-0.262652188539505,1.4452438354492188,0.05436871945858002,0.44940972328186035,-0.14419971406459808,-1.269425630569458,1.3779487609863281,0.9927694797515869,0.007400870323181152,0.942412257194519,1.0923731327056885,2.9774975776672363,1.743445873260498,1.6910582780838013,-0.3362880051136017,1.728778600692749,-0.024416804313659668,-0.9760797023773193
253,0.9212057590484619,0.22621825337409973,0.42936447262763977,-0.5305036902427673,0.6457638740539551,0.5187724232673645,1.2613266706466675,-0.5966392159461975,-0.4653412401676178,1.74555242061615,0.03492167964577675,0.4817142188549042,0.9534565210342407,0.666562557220459,-0.8145596385002136,1.1276986598968506,-0.9407979249954224,-0.6351727247238159,1.0980368852615356,-0.5001518726348877,2.3605008125305176,2.924264669418335,-0.6388479471206665,2.6194915771484375,-0.8535525798797607
254,0.8726412057876587,-0.4665091335773468,1.2051560878753662,-0.5368103981018066,0.8631821870803833,-0.5607456564903259,-0.38615527749061584,-0.42802122235298157,0.9351357221603394,0.6140552759170532,0.4390156865119934,-0.11140847206115723,-0.6485191583633423,1.1833078861236572,0.41935598850250244,0.30289706587791443,0.38541415333747864,0.4201396107673645,2.4458553791046143,0.915450930595398,2.2135818004608154,0.11966988444328308,0.8516541123390198,0.1905684769153595,-0.9391165971755981
255,0.9228231310844421,-0.3078913688659668,0.9644101858139038,-0.5321869254112244,0.7365154027938843,-0.17602846026420593,0.20726850628852844,-0.46162810921669006,0.4515431523323059,1.0637357234954834,0.36118003726005554,0.1842096745967865,0.016083374619483948,0.899362325668335,-0.09067517518997192,0.680271327495575,-0.1796988695859909,-0.12058582901954651,1.8506383895874023,0.2006383240222931,2.348661422729492,1.0925313234329224,0.1116001307964325,0.9028409719467163,-0.9109089374542236
256,0.8854350447654724,0.11863424628973007,0.5228586196899414,-0.524715006351471,0.6451751589775085,0.406077116727829,1.0852887630462646,-0.5612603425979614,-0.31461456418037415,1.6273815631866455,0.08971215784549713,0.4499461054801941,0.8114433288574219,0.6898530125617981,-0.6933324337005615,1.0635313987731934,-0.8248900175094604,-0.6029756665229797,1.1749703884124756,-0.44206568598747253,2.3851819038391113,2.502039670944214,-0.5897140502929688,2.1930618286132812,-0.8376254439353943
257,0.9943168759346008,-0.5939593315124512,1.3497886657714844,-0.5249945521354675,0.8942151069641113,-0.8123067617416382,-0.6837888956069946,-0.4136888384819031,1.1805015802383423,0.41189491748809814,0.5309890508651733,-0.3119632303714752,-0.9534143209457397,1.2955743074417114,0.656120240688324,0.11673671007156372,0.6324930787086487,0.7774065136909485,2.8525638580322266,1.362971544265747,2.085451126098633,-0.11212116479873657,1.3272991180419922,0.12449055910110474,-0.9913821816444397
258,0.9958092570304871,-0.3881293535232544,1.2284361124038696,-0.28763529658317566,0.853000283241272,-1.1261162757873535,-0.8892569541931152,-0.3493262827396393,1.037671685218811,-0.2526698708534241,0.04934775456786156,-1.151468276977539,-1.6331326961517334,1.9252651929855347,1.5277364253997803,-0.6420614123344421,1.3334934711456299,1.6713366508483887,3.623445749282837,2.783130168914795,0.9934329986572266,-1.0383325815200806,2.606362819671631,-0.39533311128616333,-1.197717547416687
259,0.9031184315681458,-0.4625512659549713,1.0992794036865234,-0.5319061279296875,0.7498037219047546,-0.27512359619140625,-0.09135457873344421,-0.37174296379089355,0.7008256912231445,0.8252663016319275,0.38353943824768066,0.2484254240989685,-0.23132401704788208,0.9449313879013062,0.1369602084159851,0.5942612290382385,0.041189610958099365,0.07206755876541138,1.9050168991088867,0.38799822330474854,2.107550859451294,1.254218578338623,0.39865824580192566,1.169187068939209,-0.8176625967025757
260,0.9543341994285583,-0.5158162713050842,1.2946319580078125,-0.41296955943107605,0.8660272359848022,-0.904604434967041,-0.8048784732818604,-0.34153804183006287,1.1280486583709717,0.052547454833984375,0.2639789581298828,-0.601300835609436,-1.2777109146118164,1.5778896808624268,1.0961055755615234,-0.2170068919658661,0.9797755479812622,1.120018720626831,3.0992631912231445,1.9772162437438965,1.417763352394104,-0.3589247465133667,1.8699610233306885,0.008605778217315674,-1.0601377487182617
261,0.9479737281799316,-0.23410847783088684,0.8733761310577393,-0.579759418964386,0.7483375668525696,0.15539084374904633,0.349237859249115,-0.4033806324005127,0.3547983169555664,1.136913776397705,0.2309931367635727,0.619125485420227,0.21063190698623657,0.7856796979904175,-0.23736296594142914,0.8953806161880493,-0.3140767514705658,-0.3961527645587921,1.401841640472412,-0.11685013771057129,2.1538045406341553,2.0433948040008545,-0.1899365484714508,1.753852128982544,-0.7718848586082458
262,0.9641534090042114,-0.004554133862257004,0.7061024308204651,-0.3671475350856781,0.658225417137146,-0.188269704580307,0.4644510746002197,-0.48556822538375854,0.021902740001678467,0.9094569683074951,-0.022006791085004807,-0.3300414979457855,-0.06742933392524719,1.2114969491958618,0.192701518535614,0.34023118019104004,-0.02832278609275818,0.234749436378479,2.058877944946289,0.7849780321121216,1.7447909116744995,1.1485873460769653,0.6216523051261902,1.2019751071929932,-0.9760028719902039
263,0.8962864875793457,-0.0793667882680893,0.7289464473724365,-0.567844033241272,0.716942548751831,0.24974387884140015,0.6715787649154663,-0.49183717370033264,0.07667866349220276,1.3824505805969238,0.20271360874176025,0.5324110388755798,0.47940176725387573,0.7359974384307861,-0.4679785966873169,0.9786434769630432,-0.5521247982978821,-0.5444403886795044,1.3156338930130005,-0.38954487442970276,2.5021557807922363,2.0778257846832275,-0.45334485173225403,1.7934939861297607,-0.7617946863174438
264,0.9018068313598633,-0.3344702422618866,0.972800612449646,-0.6795138716697693,0.79969722032547,0.14202725887298584,0.34032729268074036,-0.47044792771339417,0.4976579546928406,1.375708818435669,0.4965391159057617,0.7877515554428101,0.3645007014274597,0.5949443578720093,-0.5312099456787109,1.1088930368423462,-0.5123057961463928,-0.6854788661003113,1.2780134677886963,-0.6251298189163208,2.8596882820129395,1.7291171550750732,-0.6306473612785339,1.344466209411621,-0.6817249059677124
265,0.9732819199562073,-0.07253439724445343,0.802839994430542,-0.6225311756134033,0.808696448802948,0.020451873540878296,0.6327722668647766,-0.6496971845626831,0.1858530342578888,1.5452593564987183,0.44405248761177063,0.2389848828315735,0.4240511655807495,0.7618993520736694,-0.5927110910415649,0.9284662008285522,-0.5740584135055542,-0.3767009377479553,1.6818944215774536,-0.21647626161575317,2.883788585662842,1.3845760822296143,-0.3286270499229431,1.1543922424316406,-0.9108376502990723
266,0.9826462268829346,-0.08082544803619385,0.7325077056884766,-0.54918372631073,0.6996358036994934,0.1531909704208374,0.7002522349357605,-0.532395601272583,0.04763531684875488,1.4264055490493774,0.25565895438194275,0.3678208589553833,0.48980289697647095,0.7488771677017212,-0.48572254180908203,0.9357691407203674,-0.5772862434387207,-0.35724514722824097,1.551887035369873,-0.08745181560516357,2.2509164810180664,2.2897260189056396,-0.19008970260620117,2.0473389625549316,-0.912237823009491
267,0.9696593880653381,-0.743768572807312,1.473250389099121,-0.514674186706543,0.9073761105537415,-0.8398927450180054,-1.0353747606277466,-0.262652188539505,1.4452438354492188,0.05436871945858002,0.44940972328186035,-0.14419971406459808,-1.269425630569458,1.3779487609863281,0.9927694797515869,0.007400870323181152,0.942412257194519,1.0923731327056885,2.9774975776672363,1.743445873260498,1.6910582780838013,-0.3362880051136017,1.728778600692749,-0.024416804313659668,-0.9760797023773193
268,0.9212057590484619,0.22621825337409973,0.42936447262763977,-0.5305036902427673,0.6457638740539551,0.5187724232673645,1.2613266706466675,-0.5966392159461975,-0.4653412401676178,1.74555242061615,0.03492167964577675,0.4817142188549042,0.9534565210342407,0.666562557220459,-0.8145596385002136,1.1276986598968506,-0.9407979249954224,-0.6351727247238159,1.0980368852615356,-0.5001518726348877,2.3605008125305176,2.924264669418335,-0.6388479471206665,2.6194915771484375,-0.8535525798797607
269,0.8726412057876587,-0.4665091335773468,1.2051560878753662,-0.5368103981018066,0.8631821870803833,-0.5607456564903259,-0.38615527749061584,-0.42802122235298157,0.9351357221603394,0.6140552759170532,0.4390156865119934,-0.11140847206115723,-0.6485191583633423,1.1833078861236572,0.41935598850250244,0.30289706587791443,0.38541415333747864,0.4201396107673645,2.4458553791046143,0.915450930595398,2.2135818004608154,0.11966988444328308,0.8516541123390198,0.1905684769153595,-0.9391165971755981
270,0.9228231310844421,-0.3078913688659668,0.9644101858139038,-0.5321869254112244,0.7365154027938843,-0.17602846026420593,0.20726850628852844,-0.46162810921669006,0.4515431523323059,1.0637357234954834,0.36118003726005554,0.1842096745967865,0.016083374619483948,0.899362325668335,-0.09067517518997192,0.680271327495575,-0.1796988695859909,-0.12058582901954651,1.8506383895874023,0.2006383240222931,2.348661422729492,1.0925313234329224,0.1116001307964325,0.9028409719467163,-0.9109089374542236
271,0.8854350447654724,0.11863424628973007,0.5228586196899414,-0.524715006351471,0.6451751589775085,0.406077116727829,1.0852887630462646,-0.5612603425979614,-0.31461456418037415,1.6273815631866455,0.08971215784549713,0.4499461054801941,0.8114433288574219,0.6898530125617981,-0.6933324337005615,1.0635313987731934,-0.8248900175094604,-0.6029756665229797,1.1749703884124756,-0.44206568598747253,2.3851819038391113,2.502039670944214,-0.5897140502929688,2.1930618286132812,-0.8376254439353943
272,0.9943168759346008,-0.5939593315124512,1.3497886657714844,-0.5249945521354675,0.8942151069641113,-0.8123067617416382,-0.6837888956069946,-0.4136888384819031,1.1805015802383423,0.41189491748809814,0.5309890508651733,-0.3119632303714752,-0.9534143209457397,1.2955743074417114,0.656120240688324,0.11673671007156372,0.6324930787086487,0.7774065136909485,2.8525638580322266,1.362971544265747,2.085451126098633,-0.11212116479873657,1.3272991180419922,0.12449055910110474,-0.9913821816444397
273,0.9958092570304871,-0.3881293535232544,1.2284361124038696,-0.28763529658317566,0.853000283241272,-1.1261162757873535,-0.8892569541931152,-0.3493262827396393,1.037671685218811,-0.2526698708534241,0.04934775456786156,-1.151468276977539,-1.6331326961517334,1.9252651929855347,1.5277364253997803,-0.6420614123344421,1.3334934711456299,1.6713366508483887,3.623445749282837,2.783130168914795,0.9934329986572266,-1.0383325815200806,2.606362819671631,-0.39533311128616333,-1.197717547416687
274,0.9031184315681458,-0.4625512659549713,1.0992794036865234,-0.5319061279296875,0.7498037219047546,-0.27512359619140625,-0.09135457873344421,-0.37174296379089355,0.7008256912231445,0.8252663016319275,0.38353943824768066,0.2484254240989685,-0.23132401704788208,0.9449313879013062,0.1369602084159851,0.5942612290382385,0.041189610958099365,0.07206755876541138,1.9050168991088867,0.38799822330474854,2.107550859451294,1.254218578338623,0.39865824580192566,1.169187068939209,-0.8176625967025757
275,0.9543341994285583,-0.5158162713050842,1.2946319580078125,-0.41296955943107605,0.8660272359848022,-0.904604434967041,-0.8048784732818604,-0.34153804183006287,1.1280486583709717,0.052547454833984375,0.2639789581298828,-0.601300835609436,-1.2777109146118164,1.5778896808624268,1.0961055755615234,-0.2170068919658661,0.9797755479812622,1.120018720626831,3.0992631912231445,1.9772162437438965,1.417763352394104,-0.3589247465133667,1.8699610233306885,0.008605778217315674,-1.0601377487182617
276,0.9479737281799316,-0.23410847783088684,0.8733761310577393,-0.579759418964386,0.7483375668525696,0.15539084374904633,0.349237859249115,-0.4033806324005127,0.3547983169555664,1.136913776397705,0.2309931367635727,0.619125485420227,0.21063190698623657,0.7856796979904175,-0.23736296594142914,0.8953806161880493,-0.3140767514705658,-0.3961527645587921,1.401841640472412,-0.11685013771057129,2.1538045406341553,2.0433948040008545,-0.1899365484714508,1.753852128982544,-0.7718848586082458
277,0.9641534090042114,-0.004554133862257004,0.7061024308204651,-0.3671475350856781,0.658225417137146,-0.188269704580307,0.4644510746002197,-0.48556822538375854,0.021902740001678467,0.9094569683074951,-0.022006791085004807,-0.3300414979457855,-0.06742933392524719,1.2114969491958618,0.192701518535614,0.34023118019104004,-0.02832278609275818,0.234749436378479,2.058877944946289,0.7849780321121216,1.7447909116744995,1.1485873460769653,0.6216523051261902,1.2019751071929932,-0.9760028719902039
278,0.8962864875793457,-0.0793667882680893,0.7289464473724365,-0.567844033241272,0.716942548751831,0.24974387884140015,0.6715787649154663,-0.49183717370033264,0.07667866349220276,1.3824505805969238,0.20271360874176025,0.5324110388755798,0.47940176725387573,0.7359974384307861,-0.4679785966873169,0.9786434769630432,-0.5521247982978821,-0.5444403886795044,1.3156338930130005,-0.38954487442970276,2.5021557807922363,2.0778257846832275,-0.45334485173225403,1.7934939861297607,-0.7617946863174438
279,0.9018068313598633,-0.3344702422618866,0.972800612449646,-0.6795138716697693,0.79969722032547,0.14202725887298584,0.34032729268074036,-0.47044792771339417,0.4976579546928406,1.375708818435669,0.4965391159057617,0.7877515554428101,0.3645007014274597,0.5949443578720093,-0.5312099456787109,1.1088930368423462,-0.5123057961463928,-0.6854788661003113,1.2780134677886963,-0.6251298189163208,2.8596882820129395,1.7291171550750732,-0.6306473612785339,1.344466209411621,-0.6817249059677124
280,0.9732819199562073,-0.07253439724445343,0.802839994430542,-0.6225311756134033,0.808696448802948,0.020451873540878296,0.6327722668647766,-0.6496971845626831,0.1858530342578888,1.5452593564987183,0.44405248761177063,0.2389848828315735,0.4240511655807495,0.7618993520736694,-0.5927110910415649,0.9284662008285522,-0.5740584135055542,-0.3767009377479553,1.6818944215774536,-0.21647626161575317,2.883788585662842,1.3845760822296143,-0.3286270499229431,1.1543922424316406,-0.9108376502990723
281,0.9826462268829346,-0.08082544803619385,0.7325077056884766,-0.54918372631073,0.6996358036994934,0.1531909704208374,0.7002522349357605,-0.532395601272583,0.04763531684875488,1.4264055490493774,0.25565895438194275,0.3678208589553833,0.48980289697647095,0.7488771677017212,-0.48572254180908203,0.9357691407203674,-0.5772862434387207,-0.35724514722824097,1.551887035369873,-0.08745181560516357,2.2509164810180664,2.2897260189056396,-0.19008970260620117,2.0473389625549316,-0.912237823009491
282,0.9696593880653381,-0.743768572807312,1.473250389099121,-0.514674186706543,0.9073761105537415,-0.8398927450180054,-1.0353747606277466,-0.262652188539505,1.4452438354492188,0.05436871945858002,0.44940972328186035,-0.14419971406459808,-1.269425630569458,1.3779487609863281,0.9927694797515869,0.007400870323181152,0.942412257194519,1.0923731327056885,2.9774975776672363,1.743445873260498,1.6910582780838013,-0.3362880051136017,1.728778600692749,-0.024416804313659668,-0.9760797023773193
283,0.9212057590484619,0.22621825337409973,0.42936447262763977,-0.5305036902427673,0.6457638740539551,0.5187724232673645,1.2613266706466675,-0.5966392159461975,-0.4653412401676178,1.74555242061615,0.03492167964577675,0.4817142188549042,0.9534565210342407,0.666562557220459,-0.8145596385002136,1.1276986598968506,-0.9407979249954224,-0.6351727247238159,1.0980368852615356,-0.5001518726348877,2.3605008125305176,2.924264669418335,-0.6388479471206665,2.6194915771484375,-0.8535525798797607
284,0.8726412057876587,-0.4665091335773468,1.2051560878753662,-0.5368103981018066,0.8631821870803833,-0.5607456564903259,-0.38615527749061584,-0.42802122235298157,0.9351357221603394,0.6140552759170532,0.4390156865119934,-0.11140847206115723,-0.6485191583633423,1.1833078861236572,0.41935598850250244,0.30289706587791443,0.38541415333747864,0.4201396107673645,2.4458553791046143,0.915450930595398,2.2135818004608154,0.11966988444328308,0.8516541123390198,0.1905684769153595,-0.9391165971755981
285,0.9228231310844421,-0.3078913688659668,0.9644101858139038,-0.5321869254112244,0.7365154027938843,-0.17602846026420593,0.20726850628852844,-0.46162810921669006,0.4515431523323059,1.0637357234954834,0.36118003726005554,0.1842096745967865,0.016083374619483948,0.899362325668335,-0.09067517518997192,0.680271327495575,-0.1796988695859909,-0.12058582901954651,1.8506383895874023,0.2006383240222931,2.348661422729492,1.0925313234329224,0.1116001307964325,0.9028409719467163,-0.9109089374542236
286,0.8854350447654724,0.11863424628973007,0.5228586196899414,-0.524715006351471,0.6451751589775085,0.406077116727829,1.0852887630462646,-0.5612603425979614,-0.31461456418037415,1.6273815631866455,0.08971215784549713,0.4499461054801941,0.8114433288574219,0.6898530125617981,-0.6933324337005615,1.0635313987731934,-0.8248900175094604,-0.6029756665229797,1.1749703884124756,-0.44206568598747253,2.3851819038391113,2.502039670944214,-0.5897140502929688,2.1930618286132812,-0.8376254439353943
287,0.9943168759346008,-0.5939593315124512,1.3497886657714844,-0.5249945521354675,0.8942151069641113,-0.8123067617416382,-0.6837888956069946,-0.4136888384819031,1.1805015802383423,0.41189491748809814,0.5309890508651733,-0.3119632303714752,-0.9534143209457397,1.2955743074417114,0.656120240688324,0.11673671007156372,0.6324930787086487,0.7774065136909485,2.8525638580322266,1.362971544265747,2.085451126098633,-0.11212116479873657,1.3272991180419922,0.12449055910110474,-0.9913821816444397
288,0.9958092570304871,-0.3881293535232544,1.2284361124038696,-0.28763529658317566,0.853000283241272,-1.1261162757873535,-0.8892569541931152,-0.3493262827396393,1.037671685218811,-0.2526698708534241,0.04934775456786156,-1.151468276977539,-1.6331326961517334,1.9252651929855347,1.5277364253997803,-0.6420614123344421,1.3334934711456299,1.6713366508483887,3.623445749282837,2.783130168914795,0.9934329986572266,-1.0383325815200806,2.606362819671631,-0.39533311128616333,-1.197717547416687
289,0.9031184315681458,-0.4625512659549713,1.0992794036865234,-0.5319061279296875,0.7498037219047546,-0.27512359619140625,-0.09135457873344421,-0.37174296379089355,0.7008256912231445,0.8252663016319275,0.38353943824768066,0.2484254240989685,-0.23132401704788208,0.9449313879013062,0.1369602084159851,0.5942612290382385,0.041189610958099365,0.07206755876541138,1.9050168991088867,0.38799822330474854,2.107550859451294,1.254218578338623,0.39865824580192566,1.169187068939209,-0.8176625967025757
290,0.9543341994285583,-0.5158162713050842,1.2946319580078125,-0.41296955943107605,0.8660272359848022,-0.904604434967041,-0.8048784732818604,-0.34153804183006287,1.1280486583709717,0.052547454833984375,0.2639789581298828,-0.601300835609436,-1.2777109146118164,1.5778896808624268,1.0961055755615234,-0.2170068919658661,0.9797755479812622,1.120018720626831,3.0992631912231445,1.9772162437438965,1.417763352394104,-0.3589247465133667,1.8699610233306885,0.008605778217315674,-1.0601377487182617
291,0.9479737281799316,-0.23410847783088684,0.8733761310577393,-0.579759418964386,0.7483375668525696,0.15539084374904633,0.349237859249115,-0.4033806324005127,0.3547983169555664,1.136913776397705,0.2309931367635727,0.619125485420227,0.21063190698623657,0.7856796979904175,-0.23736296594142914,0.8953806161880493,-0.3140767514705658,-0.3961527645587921,1.401841640472412,-0.11685013771057129,2.1538045406341553,2.0433948040008545,-0.1899365484714508,1.753852128982544,-0.7718848586082458
292,0.9641534090042114,-0.004554133862257004,0.7061024308204651,-0.3671475350856781,0.658225417137146,-0.188269704580307,0.4644510746002197,-0.48556822538375854,0.021902740001678467,0.9094569683074951,-0.022006791085004807,-0.3300414979457855,-0.06742933392524719,1.2114969491958618,0.192701518535614,0.34023118019104004,-0.02832278609275818,0.234749436378479,2.058877944946289,0.7849780321121216,1.7447909116744995,1.1485873460769653,0.6216523051261902,1.2019751071929932,-0.9760028719902039
293,0.8962864875793457,-0.0793667882680893,0.7289464473724365,-0.567844033241272,0.716942548751831,0.24974387884140015,0.6715787649154663,-0.49183717370033264,0.07667866349220276,1.3824505805969238,0.20271360874176025,0.5324110388755798,0.47940176725387573,0.7359974384307861,-0.4679785966873169,0.9786434769630432,-0.5521247982978821,-0.5444403886795044,1.3156338930130005,-0.38954487442970276,2.5021557807922363,2.0778257846832275,-0.45334485173225403,1.7934939861297607,-0.7617946863174438
294,0.9018068313598633,-0.3344702422618866,0.972800612449646,-0.6795138716697693,0.79969722032547,0.14202725887298584,0.34032729268074036,-0.47044792771339417,0.4976579546928406,1.375708818435669,0.4965391159057617,0.7877515554428101,0.3645007014274597,0.5949443578720093,-0.5312099456787109,1.1088930368423462,-0.5123057961463928,-0.6854788661003113,1.2780134677886963,-0.6251298189163208,2.8596882820129395,1.7291171550750732,-0.6306473612785339,1.344466209411621,-0.6817249059677124
295,0.9732819199562073,-0.07253439724445343,0.802839994430542,-0.6225311756134033,0.808696448802948,0.020451873540878296,0.6327722668647766,-0.6496971845626831,0.1858530342578888,1.5452593564987183,0.44405248761177063,0.2389848828315735,0.4240511655807495,0.7618993520736694,-0.5927110910415649,0.9284662008285522,-0.5740584135055542,-0.3767009377479553,1.6818944215774536,-0.21647626161575317,2.883788585662842,1.3845760822296143,-0.3286270499229431,1.1543922424316406,-0.9108376502990723
296,0.9826462268829346,-0.08082544803619385,0.7325077056884766,-0.54918372631073,0.6996358036994934,0.1531909704208374,0.7002522349357605,-0.532395601272583,0.04763531684875488,1.4264055490493774,0.25565895438194275,0.3678208589553833,0.48980289697647095,0.7488771677017212,-0.48572254180908203,0.9357691407203674,-0.5772862434387207,-0.35724514722824097,1.551887035369873,-0.08745181560516357,2.2509164810180664,2.2897260189056396,-0.19008970260620117,2.0473389625549316,-0.912237823009491
297,0.9696593880653381,-0.743768572807312,1.473250389099121,-0.514674186706543,0.9073761105537415,-0.8398927450180054,-1.0353747606277466,-0.262652188539505,1.4452438354492188,0.05436871945858002,0.44940972328186035,-0.14419971406459808,-1.269425630569458,1.3779487609863281,0.9927694797515869,0.007400870323181152,0.942412257194519,1.0923731327056885,2.9774975776672363,1.743445873260498,1.6910582780838013,-0.3362880051136017,1.728778600692749,-0.024416804313659668,-0.9760797023773193
298,0.9212057590484619,0.22621825337409973,0.42936447262763977,-0.5305036902427673,0.6457638740539551,0.5187724232673645,1.2613266706466675,-0.5966392159461975,-0.4653412401676178,1.74555242061615,0.03492167964577675,0.4817142188549042,0.9534565210342407,0.666562557220459,-0.8145596385002136,1.1276986598968506,-0.9407979249954224,-0.6351727247238159,1.0980368852615356,-0.5001518726348877,2.3605008125305176,2.924264669418335,-0.6388479471206665,2.6194915771484375,-0.8535525798797607
299,0.8726412057876587,-0.4665091335773468,1.2051560878753662,-0.5368103981018066,0.8631821870803833,-0.5607456564903259,-0.38615527749061584,-0.42802122235298157,0.9351357221603394,0.6140552759170532,0.4390156865119934,-0.11140847206115723,-0.6485191583633423,1.1833078861236572,0.41935598850250244,0.30289706587791443,0.38541415333747864,0.4201396107673645,2.4458553791046143,0.915450930595398,2.2135818004608154,0.11966988444328308,0.8516541123390198,0.1905684769153595,-0.9391165971755981
300,0.9228231310844421,-0.3078913688659668,0.9644101858139038,-0.5321869254112244,0.7365154027938843,-0.17602846026420593,0.20726850628852844,-0.46162810921669006,0.4515431523323059,1.0637357234954834,0.36118003726005554,0.1842096745967865,0.016083374619483948,0.899362325668335,-0.09067517518997192,0.680271327495575,-0.1796988695859909,-0.12058582901954651,1.8506383895874023,0.2006383240222931,2.348661422729492,1.0925313234329224,0.1116001307964325,0.9028409719467163,-0.9109089374542236
301,0.8854350447654724,0.11863424628973007,0.5228586196899414,-0.524715006351471,0.6451751589775085,0.406077116727829,1.0852887630462646,-0.5612603425979614,-0.31461456418037415,1.6273815631866455,0.08971215784549713,0.4499461054801941,0.8114433288574219,0.6898530125617981,-0.6933324337005615,1.0635313987731934,-0.8248900175094604,-0.6029756665229797,1.1749703884124756,-0.44206568598747253,2.3851819038391113,2.502039670944214,-0.5897140502929688,2.1930618286132812,-0.8376254439353943
302,0.9943168759346008,-0.5939593315124512,1.3497886657714844,-0.5249945521354675,0.8942151069641113,-0.8123067617416382,-0.6837888956069946,-0.4136888384819031,1.1805015802383423,0.41189491748809814,0.5309890508651733,-0.3119632303714752,-0.9534143209457397,1.2955743074417114,0.656120240688324,0.11673671007156372,0.6324930787086487,0.7774065136909485,2.8525638580322266,1.362971544265747,2.085451126098633,-0.11212116479873657,1.3272991180419922,0.12449055910110474,-0.9913821816444397
303,0.9958092570304871,-0.3881293535232544,1.2284361124038696,-0.28763529658317566,0.853000283241272,-1.1261162757873535,-0.8892569541931152,-0.3493262827396393,1.037671685218811,-0.2526698708534241,0.04934775456786156,-1.151468276977539,-1.6331326961517334,1.9252651929855347,1.5277364253997803,-0.6420614123344421,1.3334934711456299,1.6713366508483887,3.623445749282837,2.783130168914795,0.9934329986572266,-1.0383325815200806,2.606362819671631,-0.39533311128616333,-1.197717547416687
304,0.9031184315681458,-0.4625512659549713,1.0992794036865234,-0.5319061279296875,0.7498037219047546,-0.27512359619140625,-0.09135457873344421,-0.37174296379089355,0.7008256912231445,0.8252663016319275,0.38353943824768066,0.2484254240989685,-0.23132401704788208,0.9449313879013062,0.1369602084159851,0.5942612290382385,0.041189610958099365,0.07206755876541138,1.9050168991088867,0.38799822330474854,2.107550859451294,1.254218578338623,0.39865824580192566,1.169187068939209,-0.8176625967025757
305,0.9543341994285583,-0.5158162713050842,1.2946319580078125,-0.41296955943107605,0.8660272359848022,-0.904604434967041,-0.8048784732818604,-0.34153804183006287,1.1280486583709717,0.052547454833984375,0.2639789581298828,-0.601300835609436,-1.2777109146118164,1.5778896808624268,1.0961055755615234,-0.2170068919658661,0.9797755479812622,1.120018720626831,3.0992631912231445,1.9772162437438965,1.417763352394104,-0.3589247465133667,1.8699610233306885,0.008605778217315674,-1.0601377487182617
306,0.9479737281799316,-0.23410847783088684,0.8733761310577393,-0.579759418964386,0.7483375668525696,0.15539084374904633,0.349237859249115,-0.4033806324005127,0.3547983169555664,1.136913776397705,0.2309931367635727,0.619125485420227,0.21063190698623657,0.7856796979904175,-0.23736296594142914,0.8953806161880493,-0.3140767514705658,-0.3961527645587921,1.401841640472412,-0.11685013771057129,2.1538045406341553,2.0433948040008545,-0.1899365484714508,1.753852128982544,-0.7718848586082458
307,0.9641534090042114,-0.004554133862257004,0.7061024308204651,-0.3671475350856781,0.658225417137146,-0.188269704580307,0.4644510746002197,-0.48556822538375854,0.021902740001678467,0.9094569683074951,-0.022006791085004807,-0.3300414979457855,-0.06742933392524719,1.2114969491958618,0.192701518535614,0.34023118019104004,-0.02832278609275818,0.234749436378479,2.058877944946289,0.7849780321121216,1.7447909116744995,1.1485873460769653,0.6216523051261902,1.2019751071929932,-0.9760028719902039
308,0.8962864875793457,-0.0793667882680893,0.7289464473724365,-0.567844033241272,0.716942548751831,0.24974387884140015,0.6715787649154663,-0.49183717370033264,0.07667866349220276,1.3824505805969238,0.20271360874176025,0.5324110388755798,0.47940176725387573,0.7359974384307861,-0.4679785966873169,0.9786434769630432,-0.5521247982978821,-0.5444403886795044,1.3156338930130005,-0.38954487442970276,2.5021557807922363,2.0778257846832275,-0.45334485173225403,1.7934939861297607,-0.7617946863174438
309,0.9018068313598633,-0.3344702422618866,0.972800612449646,-0.6795138716697693,0.79969722032547,0.14202725887298584,0.34032729268074036,-0.47044792771339417,0.4976579546928406,1.375708818435669,0.4965391159057617,0.7877515554428101,0.3645007014274597,0.5949443578720093,-0.5312099456787109,1.1088930368423462,-0.5123057961463928,-0.6854788661003113,1.2780134677886963,-0.6251298189163208,2.8596882820129395,1.7291171550750732,-0.6306473612785339,1.344466209411621,-0.6817249059677124
310,0.9732819199562073,-0.07253439724445343,0.802839994430542,-0.6225311756134033,0.808696448802948,0.020451873540878296,0.6327722668647766,-0.6496971845626831,0.1858530342578888,1.5452593564987183,0.44405248761177063,0.2389848828315735,0.4240511655807495,0.7618993520736694,-0.5927110910415649,0.9284662008285522,-0.5740584135055542,-0.3767009377479553,1.6818944215774536,-0.21647626161575317,2.883788585662842,1.3845760822296143,-0.3286270499229431,1.1543922424316406,-0.9108376502990723
311,0.9826462268829346,-0.08082544803619385,0.7325077056884766,-0.54918372631073,0.6996358036994934,0.1531909704208374,0.7002522349357605,-0.532395601272583,0.04763531684875488,1.4264055490493774,0.25565895438194275,0.3678208589553833,0.48980289697647095,0.7488771677017212,-0.48572254180908203,0.9357691407203674,-0.5772862434387207,-0.35724514722824097,1.551887035369873,-0.08745181560516357,2.2509164810180664,2.2897260189056396,-0.19008970260620117,2.0473389625549316,-0.912237823009491
312,0.9696593880653381,-0.743768572807312,1.473250389099121,-0.514674186706543,0.9073761105537415,-0.8398927450180054,-1.0353747606277466,-0.262652188539505,1.4452438354492188,0.05436871945858002,0.44940972328186035,-0.14419971406459808,-1.269425630569458,1.3779487609863281,0.9927694797515869,0.007400870323181152,0.942412257194519,1.0923731327056885,2.9774975776672363,1.743445873260498,1.6910582780838013,-0.3362880051136017,1.728778600692749,-0.024416804313659668,-0.9760797023773193
313,0.9212057590484619,0.22621825337409973,0.42936447262763977,-0.5305036902427673,0.6457638740539551,0.5187724232673645,1.2613266706466675,-0.5966392159461975,-0.4653412401676178,1.74555242061615,0.03492167964577675,0.4817142188549042,0.9534565210342407,0.666562557220459,-0.8145596385002136,1.1276986598968506,-0.9407979249954224,-0.6351727247238159,1.0980368852615356,-0.5001518726348877,2.3605008125305176,2.924264669418335,-0.6388479471206665,2.6194915771484375,-0.8535525798797607
314,0.8726412057876587,-0.4665091335773468,1.2051560878753662,-0.5368103981018066,0.8631821870803833,-0.5607456564903259,-0.38615527749061584,-0.42802122235298157,0.9351357221603394,0.6140552759170532,0.4390156865119934,-0.11140847206115723,-0.6485191583633423,1.1833078861236572,0.41935598850250244,0.30289706587791443,0.38541415333747864,0.4201396107673645,2.4458553791046143,0.915450930595398,2.2135818004608154,0.11966988444328308,0.8516541123390198,0.1905684769153595,-0.9391165971755981
315,0.9228231310844421,-0.3078913688659668,0.9644101858139038,-0.5321869254112244,0.7365154027938843,-0.17602846026420593,0.20726850628852844,-0.46162810921669006,0.4515431523323059,1.0637357234954834,0.36118003726005554,0.1842096745967865,0.016083374619483948,0.899362325668335,-0.09067517518997192,0.680271327495575,-0.1796988695859909,-0.12058582901954651,1.8506383895874023,0.2006383240222931,2.348661422729492,1.0925313234329224,0.1116001307964325,0.9028409719467163,-0.9109089374542236
316,0.8854350447654724,0.11863424628973007,0.5228586196899414,-0.524715006351471,0.6451751589775085,0.406077116727829,1.0852887630462646,-0.5612603425979614,-0.31461456418037415,1.6273815631866455,0.08971215784549713,0.4499461054801941,0.8114433288574219,0.6898530125617981,-0.6933324337005615,1.0635313987731934,-0.8248900175094604,-0.6029756665229797,1.1749703884124756,-0.44206568598747253,2.3851819038391113,2.502039670944214,-0.5897140502929688,2.1930618286132812,-0.8376254439353943
317,0.9943168759346008,-0.5939593315124512,1.3497886657714844,-0.5249945521354675,0.8942151069641113,-0.8123067617416382,-0.6837888956069946,-0.4136888384819031,1.1805015802383423,0.41189491748809814,0.5309890508651733,-0.3119632303714752,-0.9534143209457397,1.2955743074417114,0.656120240688324,0.11673671007156372,0.6324930787086487,0.7774065136909485,2.8525638580322266,1.362971544265747,2.085451126098633,-0.11212116479873657,1.3272991180419922,0.12449055910110474,-0.9913821816444397
318,0.9958092570304871,-0.3881293535232544,1.2284361124038696,-0.28763529658317566,0.853000283241272,-1.1261162757873535,-0.8892569541931152,-0.3493262827396393,1.037671685218811,-0.2526698708534241,0.04934775456786156,-1.151468276977539,-1.6331326961517334,1.9252651929855347,1.5277364253997803,-0.6420614123344421,1.3334934711456299,1.6713366508483887,3.623445749282837,2.783130168914795,0.9934329986572266,-1.0383325815200806,2.606362819671631,-0.39533311128616333,-1.197717547416687
319,0.9031184315681458,-0.4625512659549713,1.0992794036865234,-0.5319061279296875,0.7498037219047546,-0.27512359619140625,-0.09135457873344421,-0.37174296379089355,0.7008256912231445,0.8252663016319275,0.38353943824768066,0.2484254240989685,-0.23132401704788208,0.9449313879013062,0.1369602084159851,0.5942612290382385,0.041189610958099365,0.07206755876541138,1.9050168991088867,0.38799822330474854,2.107550859451294,1.254218578338623,0.39865824580192566,1.169187068939209,-0.8176625967025757
320,0.9543341994285583,-0.5158162713050842,1.2946319580078125,-0.41296955943107605,0.8660272359848022,-0.904604434967041,-0.8048784732818604,-0.34153804183006287,1.1280486583709717,0.052547454833984375,0.2639789581298828,-0.601300835609436,-1.2777109146118164,1.5778896808624268,1.0961055755615234,-0.2170068919658661,0.9797755479812622,1.120018720626831,3.0992631912231445,1.9772162437438965,1.417763352394104,-0.3589247465133667,1.8699610233306885,0.008605778217315674,-1.0601377487182617
321,0.9479737281799316,-0.23410847783088684,0.8733761310577393,-0.579759418964386,0.7483375668525696,0.15539084374904633,0.349237859249115,-0.4033806324005127,0.3547983169555664,1.136913776397705,0.2309931367635727,0.619125485420227,0.21063190698623657,0.7856796979904175,-0.23736296594142914,0.8953806161880493,-0.3140767514705658,-0.3961527645587921,1.401841640472412,-0.11685013771057129,2.1538045406341553,2.0433948040008545,-0.1899365484714508,1.753852128982544,-0.7718848586082458
322,0.9641534090042114,-0.004554133862257004,0.7061024308204651,-0.3671475350856781,0.658225417137146,-0.188269704580307,0.4644510746002197,-0.48556822538375854,0.021902740001678467,0.9094569683074951,-0.022006791085004807,-0.3300414979457855,-0.06742933392524719,1.2114969491958618,0.192701518535614,0.34023118019104004,-0.02832278609275818,0.234749436378479,2.058877944946289,0.7849780321121216,1.7447909116744995,1.1485873460769653,0.6216523051261902,1.2019751071929932,-0.9760028719902039
323,0.8962864875793457,-0.0793667882680893,0.7289464473724365,-0.567844033241272,0.716942548751831,0.24974387884140015,0.6715787649154663,-0.49183717370033264,0.07667866349220276,1.3824505805969238,0.20271360874176025,0.5324110388755798,0.47940176725387573,0.7359974384307861,-0.4679785966873169,0.9786434769630432,-0.5521247982978821,-0.5444403886795044,1.3156338930130005,-0.38954487442970276,2.5021557807922363,2.0778257846832275,-0.45334485173225403,1.7934939861297607,-0.7617946863174438
324,0.9018068313598633,-0.3344702422618866,0.972800612449646,-0.6795138716697693,0.79969722032547,0.14202725887298584,0.34032729268074036,-0.47044792771339417,0.4976579546928406,1.375708818435669,0.4965391159057617,0.7877515554428101,0.3645007014274597,0.5949443578720093,-0.5312099456787109,1.1088930368423462,-0.5123057961463928,-0.6854788661003113,1.2780134677886963,-0.6251298189163208,2.8596882820129395,1.7291171550750732,-0.6306473612785339,1.344466209411621,-0.6817249059677124
325,0.9732819199562073,-0.07253439724445343,0.802839994430542,-0.6225311756134033,0.808696448802948,0.020451873540878296,0.6327722668647766,-0.6496971845626831,0.1858530342578888,1.5452593564987183,0.44405248761177063,0.2389848828315735,0.4240511655807495,0.7618993520736694,-0.5927110910415649,0.9284662008285522,-0.5740584135055542,-0.3767009377479553,1.6818944215774536,-0.21647626161575317,2.883788585662842,1.3845760822296143,-0.3286270499229431,1.1543922424316406,-0.9108376502990723
326,0.9826462268829346,-0.08082544803619385,0.7325077056884766,-0.54918372631073,0.6996358036994934,0.1531909704208374,0.7002522349357605,-0.532395601272583,0.04763531684875488,1.4264055490493774,0.25565895438194275,0.3678208589553833,0.48980289697647095,0.7488771677017212,-0.48572254180908203,0.9357691407203674,-0.5772862434387207,-0.35724514722824097,1.551887035369873,-0.08745181560516357,2.2509164810180664,2.2897260189056396,-0.19008970260620117,2.0473389625549316,-0.912237823009491
327,0.9696593880653381,-0.743768572807312,1.473250389099121,-0.514674186706543,0.9073761105537415,-0.8398927450180054,-1.0353747606277466,-0.262652188539505,1.4452438354492188,0.05436871945858002,0.44940972328186035,-0.14419971406459808,-1.269425630569458,1.3779487609863281,0.9927694797515869,0.007400870323181152,0.942412257194519,1.0923731327056885,2.9774975776672363,1.743445873260498,1.6910582780838013,-0.3362880051136017,1.728778600692749,-0.024416804313659668,-0.9760797023773193
328,0.9212057590484619,0.22621825337409973,0.42936447262763977,-0.5305036902427673,0.6457638740539551,0.5187724232673645,1.2613266706466675,-0.5966392159461975,-0.4653412401676178,1.74555242061615,0.03492167964577675,0.4817142188549042,0.9534565210342407,0.666562557220459,-0.8145596385002136,1.1276986598968506,-0.9407979249954224,-0.6351727247238159,1.0980368852615356,-0.5001518726348877,2.3605008125305176,2.924264669418335,-0.6388479471206665,2.6194915771484375,-0.8535525798797607
329,0.8726412057876587,-0.4665091335773468,1.2051560878753662,-0.5368103981018066,0.8631821870803833,-0.5607456564903259,-0.38615527749061584,-0.42802122235298157,0.9351357221603394,0.6140552759170532,0.4390156865119934,-0.11140847206115723,-0.6485191583633423,1.1833078861236572,0.41935598850250244,0.30289706587791443,0.38541415333747864,0.4201396107673645,2.4458553791046143,0.915450930595398,2.2135818004608154,0.11966988444328308,0.8516541123390198,0.1905684769153595,-0.9391165971755981
330,0.9228231310844421,-0.3078913688659668,0.9644101858139038,-0.5321869254112244,0.7365154027938843,-0.17602846026420593,0.20726850628852844,-0.46162810921669006,0.4515431523323059,1.0637357234954834,0.36118003726005554,0.1842096745967865,0.016083374619483948,0.899362325668335,-0.09067517518997192,0.680271327495575,-0.1796988695859909,-0.12058582901954651,1.8506383895874023,0.2006383240222931,2.348661422729492,1.0925313234329224,0.1116001307964325,0.9028409719467163,-0.9109089374542236
331,0.8854350447654724,0.11863424628973007,0.5228586196899414,-0.524715006351471,0.6451751589775085,0.406077116727829,1.0852887630462646,-0.5612603425979614,-0.31461456418037415,1.6273815631866455,0.08971215784549713,0.4499461054801941,0.8114433288574219,0.6898530125617981,-0.6933324337005615,1.0635313987731934,-0.8248900175094604,-0.6029756665229797,1.1749703884124756,-0.44206568598747253,2.3851819038391113,2.502039670944214,-0.5897140502929688,2.1930618286132812,-0.8376254439353943
332,0.9943168759346008,-0.5939593315124512,1.3497886657714844,-0.5249945521354675,0.8942151069641113,-0.8123067617416382,-0.6837888956069946,-0.4136888384819031,1.1805015802383423,0.41189491748809814,0.5309890508651733,-0.3119632303714752,-0.9534143209457397,1.2955743074417114,0.656120240688324,0.11673671007156372,0.6324930787086487,0.7774065136909485,2.8525638580322266,1.362971544265747,2.085451126098633,-0.11212116479873657,1.3272991180419922,0.12449055910110474,-0.9913821816444397
333,0.9958092570304871,-0.3881293535232544,1.2284361124038696,-0.28763529658317566,0.853000283241272,-1.1261162757873535,-0.8892569541931152,-0.3493262827396393,1.037671685218811,-0.2526698708534241,0.04934775456786156,-1.151468276977539,-1.6331326961517334,1.9252651929855347,1.5277364253997803,-0.6420614123344421,1.3334934711456299,1.6713366508483887,3.623445749282837,2.783130168914795,0.9934329986572266,-1.0383325815200806,2.606362819671631,-0.39533311128616333,-1.197717547416687
334,0.9031184315681458,-0.4625512659549713,1.0992794036865234,-0.5319061279296875,0.7498037219047546,-0.27512359619140625,-0.09135457873344421,-0.37174296379089355,0.7008256912231445,0.8252663016319275,0.38353943824768066,0.2484254240989685,-0.23132401704788208,0.9449313879013062,0.1369602084159851,0.5942612290382385,0.041189610958099365,0.07206755876541138,1.9050168991088867,0.38799822330474854,2.107550859451294,1.254218578338623,0.39865824580192566,1.169187068939209,-0.8176625967025757
335,0.9543341994285583,-0.5158162713050842,1.2946319580078125,-0.41296955943107605,0.8660272359848022,-0.904604434967041,-0.8048784732818604,-0.34153804183006287,1.1280486583709717,0.052547454833984375,0.2639789581298828,-0.601300835609436,-1.2777109146118164,1.5778896808624268,1.0961055755615234,-0.2170068919658661,0.9797755479812622,1.120018720626831,3.0992631912231445,1.9772162437438965,1.417763352394104,-0.3589247465133667,1.8699610233306885,0.008605778217315674,-1.0601377487182617
336,0.9479737281799316,-0.23410847783088684,0.8733761310577393,-0.579759418964386,0.7483375668525696,0.15539084374904633,0.349237859249115,-0.4033806324005127,0.3547983169555664,1.136913776397705,0.2309931367635727,0.619125485420227,0.21063190698623657,0.7856796979904175,-0.23736296594142914,0.8953806161880493,-0.3140767514705658,-0.3961527645587921,1.401841640472412,-0.11685013771057129,2.1538045406341553,2.0433948040008545,-0.1899365484714508,1.753852128982544,-0.7718848586082458
337,0.9641534090042114,-0.004554133862257004,0.7061024308204651,-0.3671475350856781,0.658225417137146,-0.188269704580307,0.4644510746002197,-0.48556822538375854,0.021902740001678467,0.9094569683074951,-0.022006791085004807,-0.3300414979457855,-0.06742933392524719,1.2114969491958618,0.192701518535614,0.34023118019104004,-0.02832278609275818,0.234749436378479,2.058877944946289,0.7849780321121216,1.7447909116744995,1.1485873460769653,0.6216523051261902,1.2019751071929932,-0.9760028719902039
338,0.8962864875793457,-0.0793667882680893,0.7289464473724365,-0.567844033241272,0.716942548751831,0.24974387884140015,0.6715787649154663,-0.49183717370033264,0.07667866349220276,1.3824505805969238,0.20271360874176025,0.5324110388755798,0.47940176725387573,0.7359974384307861,-0.4679785966873169,0.9786434769630432,-0.5521247982978821,-0.5444403886795044,1.3156338930130005,-0.38954487442970276,2.5021557807922363,2.0778257846832275,-0.45334485173225403,1.7934939861297607,-0.7617946863174438
339,0.9018068313598633,-0.3344702422618866,0.972800612449646,-0.6795138716697693,0.79969722032547,0.14202725887298584,0.34032729268074036,-0.47044792771339417,0.4976579546928406,1.375708818435669,0.4965391159057617,0.7877515554428101,0.3645007014274597,0.5949443578720093,-0.5312099456787109,1.1088930368423462,-0.5123057961463928,-0.6854788661003113,1.2780134677886963,-0.6251298189163208,2.8596882820129395,1.7291171550750732,-0.6306473612785339,1.344466209411621,-0.6817249059677124
340,0.9732819199562073,-0.07253439724445343,0.802839994430542,-0.6225311756134033,0.808696448802948,0.020451873540878296,0.6327722668647766,-0.6496971845626831,0.1858530342578888,1.5452593564987183,0.44405248761177063,0.2389848828315735,0.4240511655807495,0.7618993520736694,-0.5927110910415649,0.9284662008285522,-0.5740584135055542,-0.3767009377479553,1.6818944215774536,-0.21647626161575317,2.883788585662842,1.3845760822296143,-0.3286270499229431,1.1543922424316406,-0.9108376502990723
341,0.9826462268829346,-0.08082544803619385,0.7325077056884766,-0.54918372631073,0.6996358036994934,0.1531909704208374,0.7002522349357605,-0.532395601272583,0.04763531684875488,1.4264055490493774,0.25565895438194275,0.3678208589553833,0.48980289697647095,0.7488771677017212,-0.48572254180908203,0.9357691407203674,-0.5772862434387207,-0.35724514722824097,1.551887035369873,-0.08745181560516357,2.2509164810180664,2.2897260189056396,-0.19008970260620117,2.0473389625549316,-0.912237823009491
342,0.9696593880653381,-0.743768572807312,1.473250389099121,-0.514674186706543,0.9073761105537415,-0.8398927450180054,-1.0353747606277466,-0.262652188539505,1.4452438354492188,0.05436871945858002,0.44940972328186035,-0.14419971406459808,-1.269425630569458,1.3779487609863281,0.9927694797515869,0.007400870323181152,0.942412257194519,1.0923731327056885,2.9774975776672363,1.743445873260498,1.6910582780838013,-0.3362880051136017,1.728778600692749,-0.024416804313659668,-0.9760797023773193
343,0.9212057590484619,0.22621825337409973,0.42936447262763977,-0.5305036902427673,0.6457638740539551,0.5187724232673645,1.2613266706466675,-0.5966392159461975,-0.4653412401676178,1.74555242061615,0.03492167964577675,0.4817142188549042,0.9534565210342407,0.666562557220459,-0.8145596385002136,1.1276986598968506,-0.9407979249954224,-0.6351727247238159,1.0980368852615356,-0.5001518726348877,2.3605008125305176,2.924264669418335,-0.6388479471206665,2.6194915771484375,-0.8535525798797607
344,0.8726412057876587,-0.4665091335773468,1.2051560878753662,-0.5368103981018066,0.8631821870803833,-0.5607456564903259,-0.38615527749061584,-0.42802122235298157,0.9351357221603394,0.6140552759170532,0.4390156865119934,-0.11140847206115723,-0.6485191583633423,1.1833078861236572,0.41935598850250244,0.30289706587791443,0.38541415333747864,0.4201396107673645,2.4458553791046143,0.915450930595398,2.2135818004608154,0.11966988444328308,0.8516541123390198,0.1905684769153595,-0.9391165971755981
345,0.9228231310844421,-0.3078913688659668,0.9644101858139038,-0.5321869254112244,0.7365154027938843,-0.17602846026420593,0.20726850628852844,-0.46162810921669006,0.4515431523323059,1.0637357234954834,0.36118003726005554,0.1842096745967865,0.016083374619483948,0.899362325668335,-0.09067517518997192,0.680271327495575,-0.1796988695859909,-0.12058582901954651,1.8506383895874023,0.2006383240222931,2.348661422729492,1.0925313234329224,0.1116001307964325,0.9028409719467163,-0.9109089374542236
346,0.8854350447654724,0.11863424628973007,0.5228586196899414,-0.524715006351471,0.6451751589775085,0.406077116727829,1.0852887630462646,-0.5612603425979614,-0.31461456418037415,1.6273815631866455,0.08971215784549713,0.4499461054801941,0.8114433288574219,0.6898530125617981,-0.6933324337005615,1.0635313987731934,-0.8248900175094604,-0.6029756665229797,1.1749703884124756,-0.44206568598747253,2.3851819038391113,2.502039670944214,-0.5897140502929688,2.1930618286132812,-0.8376254439353943
347,0.9943168759346008,-0.5939593315124512,1.3497886657714844,-0.5249945521354675,0.8942151069641113,-0.8123067617416382,-0.6837888956069946,-0.4136888384819031,1.1805015802383423,0.41189491748809814,0.5309890508651733,-0.3119632303714752,-0.9534143209457397,1.2955743074417114,0.656120240688324,0.11673671007156372,0.6324930787086487,0.7774065136909485,2.8525638580322266,1.362971544265747,2.085451126098633,-0.11212116479873657,1.3272991180419922,0.12449055910110474,-0.9913821816444397
348,0.9958092570304871,-0.3881293535232544,1.2284361124038696,-0.28763529658317566,0.853000283241272,-1.1261162757873535,-0.8892569541931152,-0.3493262827396393,1.037671685218811,-0.2526698708534241,0.04934775456786156,-1.151468276977539,-1.6331326961517334,1.9252651929855347,1.5277364253997803,-0.6420614123344421,1.3334934711456299,1.6713366508483887,3.623445749282837,2.783130168914795,0.9934329986572266,-1.0383325815200806,2.606362819671631,-0.39533311128616333,-1.197717547416687
349,0.9031184315681458,-0.4625512659549713,1.0992794036865234,-0.5319061279296875,0.7498037219047546,-0.27512359619140625,-0.09135457873344421,-0.37174296379089355,0.7008256912231445,0.8252663016319275,0.38353943824768066,0.2484254240989685,-0.23132401704788208,0.9449313879013062,0.1369602084159851,0.5942612290382385,0.041189610958099365,0.07206755876541138,1.9050168991088867,0.38799822330474854,2.107550859451294,1.254218578338623,0.39865824580192566,1.169187068939209,-0.8176625967025757
350,0.9543341994285583,-0.5158162713050842,1.2946319580078125,-0.41296955943107605,0.8660272359848022,-0.904604434967041,-0.8048784732818604,-0.34153804183006287,1.1280486583709717,0.052547454833984375,0.2639789581298828,-0.601300835609436,-1.2777109146118164,1.5778896808624268,1.0961055755615234,-0.2170068919658661,0.9797755479812622,1.120018720626831,3.0992631912231445,1.9772162437438965,1.417763352394104,-0.3589247465133667,1.8699610233306885,0.008605778217315674,-1.0601377487182617
351,0.9479737281799316,-0.23410847783088684,0.8733761310577393,-0.579759418964386,0.7483375668525696,0.15539084374904633,0.349237859249115,-0.4033806324005127,0.3547983169555664,1.136913776397705,0.2309931367635727,0.619125485420227,0.21063190698623657,0.7856796979904175,-0.23736296594142914,0.8953806161880493,-0.3140767514705658,-0.3961527645587921,1.401841640472412,-0.11685013771057129,2.1538045406341553,2.0433948040008545,-0.1899365484714508,1.753852128982544,-0.7718848586082458
352,0.9641534090042114,-0.004554133862257004,0.7061024308204651,-0.3671475350856781,0.658225417137146,-0.188269704580307,0.4644510746002197,-0.48556822538375854,0.021902740001678467,0.9094569683074951,-0.022006791085004807,-0.3300414979457855,-0.06742933392524719,1.2114969491958618,0.192701518535614,0.34023118019104004,-0.02832278609275818,0.234749436378479,2.058877944946289,0.7849780321121216,1.7447909116744995,1.1485873460769653,0.6216523051261902,1.2019751071929932,-0.9760028719902039
353,0.8962864875793457,-0.0793667882680893,0.7289464473724365,-0.567844033241272,0.716942548751831,0.24974387884140015,0.6715787649154663,-0.49183717370033264,0.07667866349220276,1.3824505805969238,0.20271360874176025,0.5324110388755798,0.47940176725387573,0.7359974384307861,-0.4679785966873169,0.9786434769630432,-0.5521247982978821,-0.5444403886795044,1.3156338930130005,-0.38954487442970276,2.5021557807922363,2.0778257846832275,-0.45334485173225403,1.7934939861297607,-0.7617946863174438
354,0.9018068313598633,-0.3344702422618866,0.972800612449646,-0.6795138716697693,0.79969722032547,0.14202725887298584,0.34032729268074036,-0.47044792771339417,0.4976579546928406,1.375708818435669,0.4965391159057617,0.7877515554428101,0.3645007014274597,0.5949443578720093,-0.5312099456787109,1.1088930368423462,-0.5123057961463928,-0.6854788661003113,1.2780134677886963,-0.6251298189163208,2.8596882820129395,1.7291171550750732,-0.6306473612785339,1.344466209411621,-0.6817249059677124
355,0.9732819199562073,-0.07253439724445343,0.802839994430542,-0.6225311756134033,0.808696448802948,0.020451873540878296,0.6327722668647766,-0.6496971845626831,0.1858530342578888,1.5452593564987183,0.44405248761177063,0.2389848828315735,0.4240511655807495,0.7618993520736694,-0.5927110910415649,0.9284662008285522,-0.5740584135055542,-0.3767009377479553,1.6818944215774536,-0.21647626161575317,2.883788585662842,1.3845760822296143,-0.3286270499229431,1.1543922424316406,-0.9108376502990723
356,0.9826462268829346,-0.08082544803619385,0.7325077056884766,-0.54918372631073,0.6996358036994934,0.1531909704208374,0.7002522349357605,-0.532395601272583,0.04763531684875488,1.4264055490493774,0.25565895438194275,0.3678208589553833,0.48980289697647095,0.7488771677017212,-0.48572254180908203,0.9357691407203674,-0.5772862434387207,-0.35724514722824097,1.551887035369873,-0.08745181560516357,2.2509164810180664,2.2897260189056396,-0.19008970260620117,2.0473389625549316,-0.912237823009491
357,0.9696593880653381,-0.743768572807312,1.473250389099121,-0.514674186706543,0.9073761105537415,-0.8398927450180054,-1.0353747606277466,-0.262652188539505,1.4452438354492188,0.05436871945858002,0.44940972328186035,-0.14419971406459808,-1.269425630569458,1.3779487609863281,0.9927694797515869,0.007400870323181152,0.942412257194519,1.0923731327056885,2.9774975776672363,1.743445873260498,1.6910582780838013,-0.3362880051136017,1.728778600692749,-0.024416804313659668,-0.9760797023773193
358,0.9212057590484619,0.22621825337409973,0.42936447262763977,-0.5305036902427673,0.6457638740539551,0.5187724232673645,1.2613266706466675,-0.5966392159461975,-0.4653412401676178,1.74555242061615,0.03492167964577675,0.4817142188549042,0.9534565210342407,0.666562557220459,-0.8145596385002136,1.1276986598968506,-0.9407979249954224,-0.6351727247238159,1.0980368852615356,-0.5001518726348877,2.3605008125305176,2.924264669418335,-0.6388479471206665,2.6194915771484375,-0.8535525798797607
359,0.8726412057876587,-0.4665091335773468,1.2051560878753662,-0.5368103981018066,0.8631821870803833,-0.5607456564903259,-0.38615527749061584,-0.42802122235298157,0.9351357221603394,0.6140552759170532,0.4390156865119934,-0.11140847206115723,-0.6485191583633423,1.1833078861236572,0.41935598850250244,0.30289706587791443,0.38541415333747864,0.4201396107673645,2.4458553791046143,0.915450930595398,2.2135818004608154,0.11966988444328308,0.8516541123390198,0.1905684769153595,-0.9391165971755981
360,0.9228231310844421,-0.3078913688659668,0.9644101858139038,-0.5321869254112244,0.7365154027938843,-0.17602846026420593,0.20726850628852844,-0.46162810921669006,0.4515431523323059,1.0637357234954834,0.36118003726005554,0.1842096745967865,0.016083374619483948,0.899362325668335,-0.09067517518997192,0.680271327495575,-0.1796988695859909,-0.12058582901954651,1.8506383895874023,0.2006383240222931,2.348661422729492,1.0925313234329224,0.1116001307964325,0.9028409719467163,-0.9109089374542236
361,0.8854350447654724,0.11863424628973007,0.5228586196899414,-0.524715006351471,0.6451751589775085,0.406077116727829,1.0852887630462646,-0.5612603425979614,-0.31461456418037415,1.6273815631866455,0.08971215784549713,0.4499461054801941,0.8114433288574219,0.6898530125617981,-0.6933324337005615,1.0635313987731934,-0.8248900175094604,-0.6029756665229797,1.1749703884124756,-0.44206568598747253,2.3851819038391113,2.502039670944214,-0.5897140502929688,2.1930618286132812,-0.8376254439353943
362,0.9943168759346008,-0.5939593315124512,1.3497886657714844,-0.5249945521354675,0.8942151069641113,-0.8123067617416382,-0.6837888956069946,-0.4136888384819031,1.1805015802383423,0.41189491748809814,0.5309890508651733,-0.3119632303714752,-0.9534143209457397,1.2955743074417114,0.656120240688324,0.11673671007156372,0.6324930787086487,0.7774065136909485,2.8525638580322266,1.362971544265747,2.085451126098633,-0.11212116479873657,1.3272991180419922,0.12449055910110474,-0.9913821816444397
363,0.9958092570304871,-0.3881293535232544,1.2284361124038696,-0.28763529658317566,0.853000283241272,-1.1261162757873535,-0.8892569541931152,-0.3493262827396393,1.037671685218811,-0.2526698708534241,0.04934775456786156,-1.151468276977539,-1.6331326961517334,1.9252651929855347,1.5277364253997803,-0.6420614123344421,1.3334934711456299,1.6713366508483887,3.623445749282837,2.783130168914795,0.9934329986572266,-1.0383325815200806,2.606362819671631,-0.39533311128616333,-1.197717547416687
364,0.9031184315681458,-0.4625512659549713,1.0992794036865234,-0.5319061279296875,0.7498037219047546,-0.27512359619140625,-0.09135457873344421,-0.37174296379089355,0.7008256912231445,0.8252663016319275,0.38353943824768066,0.2484254240989685,-0.23132401704788208,0.9449313879013062,0.1369602084159851,0.5942612290382385,0.041189610958099365,0.07206755876541138,1.9050168991088867,0.38799822330474854,2.107550859451294,1.254218578338623,0.39865824580192566,1.169187068939209,-0.8176625967025757
365,0.9543341994285583,-0.5158162713050842,1.2946319580078125,-0.41296955943107605,0.8660272359848022,-0.904604434967041,-0.8048784732818604,-0.34153804183006287,1.1280486583709717,0.052547454833984375,0.2639789581298828,-0.601300835609436,-1.2777109146118164,1.5778896808624268,1.0961055755615234,-0.2170068919658661,0.9797755479812622,1.120018720626831,3.0992631912231445,1.9772162437438965,1.417763352394104,-0.3589247465133667,1.8699610233306885,0.008605778217315674,-1.0601377487182617
366,0.9479737281799316,-0.23410847783088684,0.8733761310577393,-0.579759418964386,0.7483375668525696,0.15539084374904633,0.349237859249115,-0.4033806324005127,0.3547983169555664,1.136913776397705,0.2309931367635727,0.619125485420227,0.21063190698623657,0.7856796979904175,-0.23736296594142914,0.8953806161880493,-0.3140767514705658,-0.3961527645587921,1.401841640472412,-0.11685013771057129,2.1538045406341553,2.0433948040008545,-0.1899365484714508,1.753852128982544,-0.7718848586082458
367,0.9641534090042114,-0.004554133862257004,0.7061024308204651,-0.3671475350856781,0.658225417137146,-0.188269704580307,0.4644510746002197,-0.48556822538375854,0.021902740001678467,0.9094569683074951,-0.022006791085004807,-0.3300414979457855,-0.06742933392524719,1.2114969491958618,0.192701518535614,0.34023118019104004,-0.02832278609275818,0.234749436378479,2.058877944946289,0.7849780321121216,1.7447909116744995,1.1485873460769653,0.6216523051261902,1.2019751071929932,-0.9760028719902039
368,0.8962864875793457,-0.0793667882680893,0.7289464473724365,-0.567844033241272,0.716942548751831,0.24974387884140015,0.6715787649154663,-0.49183717370033264,0.07667866349220276,1.3824505805969238,0.20271360874176025,0.5324110388755798,0.47940176725387573,0.7359974384307861,-0.4679785966873169,0.9786434769630432,-0.5521247982978821,-0.5444403886795044,1.3156338930130005,-0.38954487442970276,2.5021557807922363,2.0778257846832275,-0.45334485173225403,1.7934939861297607,-0.7617946863174438
369,0.9018068313598633,-0.3344702422618866,0.972800612449646,-0.6795138716697693,0.79969722032547,0.14202725887298584,0.34032729268074036,-0.47044792771339417,0.4976579546928406,1.375708818435669,0.4965391159057617,0.7877515554428101,0.3645007014274597,0.5949443578720093,-0.5312099456787109,1.1088930368423462,-0.5123057961463928,-0.6854788661003113,1.2780134677886963,-0.6251298189163208,2.8596882820129395,1.7291171550750732,-0.6306473612785339,1.344466209411621,-0.6817249059677124
370,0.9732819199562073,-0.07253439724445343,0.802839994430542,-0.6225311756134033,0.808696448802948,0.020451873540878296,0.6327722668647766,-0.6496971845626831,0.1858530342578888,1.5452593564987183,0.44405248761177063,0.2389848828315735,0.4240511655807495,0.7618993520736694,-0.5927110910415649,0.9284662008285522,-0.5740584135055542,-0.3767009377479553,1.6818944215774536,-0.21647626161575317,2.883788585662842,1.3845760822296143,-0.3286270499229431,1.1543922424316406,-0.9108376502990723
371,0.9826462268829346,-0.08082544803619385,0.7325077056884766,-0.54918372631073,0.6996358036994934,0.1531909704208374,0.7002522349357605,-0.532395601272583,0.04763531684875488,1.4264055490493774,0.25565895438194275,0.3678208589553833,0.48980289697647095,0.7488771677017212,-0.48572254180908203,0.9357691407203674,-0.5772862434387207,-0.35724514722824097,1.551887035369873,-0.08745181560516357,2.2509164810180664,2.2897260189056396,-0.19008970260620117,2.0473389625549316,-0.912237823009491
372,0.9696593880653381,-0.743768572807312,1.473250389099121,-0.514674186706543,0.9073761105537415,-0.8398927450180054,-1.0353747606277466,-0.262652188539505,1.4452438354492188,0.05436871945858002,0.44940972328186035,-0.14419971406459808,-1.269425630569458,1.3779487609863281,0.9927694797515869,0.007400870323181152,0.942412257194519,1.0923731327056885,2.9774975776672363,1.743445873260498,1.6910582780838013,-0.3362880051136017,1.728778600692749,-0.024416804313659668,-0.9760797023773193
373,0.9212057590484619,0.22621825337409973,0.42936447262763977,-0.5305036902427673,0.6457638740539551,0.5187724232673645,1.2613266706466675,-0.5966392159461975,-0.4653412401676178,1.74555242061615,0.03492167964577675,0.4817142188549042,0.9534565210342407,0.666562557220459,-0.8145596385002136,1.1276986598968506,-0.9407979249954224,-0.6351727247238159,1.0980368852615356,-0.5001518726348877,2.3605008125305176,2.924264669418335,-0.6388479471206665,2.6194915771484375,-0.8535525798797607
374,0.8726412057876587,-0.4665091335773468,1.2051560878753662,-0.5368103981018066,0.8631821870803833,-0.5607456564903259,-0.38615527749061584,-0.42802122235298157,0.9351357221603394,0.6140552759170532,0.4390156865119934,-0.11140847206115723,-0.6485191583633423,1.1833078861236572,0.41935598850250244,0.30289706587791443,0.38541415333747864,0.4201396107673645,2.4458553791046143,0.915450930595398,2.2135818004608154,0.11966988444328308,0.8516541123390198,0.1905684769153595,-0.9391165971755981
375,0.9228231310844421,-0.3078913688659668,0.9644101858139038,-0.5321869254112244,0.7365154027938843,-0.17602846026420593,0.20726850628852844,-0.46162810921669006,0.4515431523323059,1.0637357234954834,0.36118003726005554,0.1842096745967865,0.016083374619483948,0.899362325668335,-0.09067517518997192,0.680271327495575,-0.1796988695859909,-0.12058582901954651,1.8506383895874023,0.2006383240222931,2.348661422729492,1.0925313234329224,0.1116001307964325,0.9028409719467163,-0.9109089374542236
376,0.8854350447654724,0.11863424628973007,0.5228586196899414,-0.524715006351471,0.6451751589775085,0.406077116727829,1.0852887630462646,-0.5612603425979614,-0.31461456418037415,1.6273815631866455,0.08971215784549713,0.4499461054801941,0.8114433288574219,0.6898530125617981,-0.6933324337005615,1.0635313987731934,-0.8248900175094604,-0.6029756665229797,1.1749703884124756,-0.44206568598747253,2.3851819038391113,2.502039670944214,-0.5897140502929688,2.1930618286132812,-0.8376254439353943
377,0.9943168759346008,-0.5939593315124512,1.3497886657714844,-0.5249945521354675,0.8942151069641113,-0.8123067617416382,-0.6837888956069946,-0.4136888384819031,1.1805015802383423,0.41189491748809814,0.5309890508651733,-0.3119632303714752,-0.9534143209457397,1.2955743074417114,0.656120240688324,0.11673671007156372,0.6324930787086487,0.7774065136909485,2.8525638580322266,1.362971544265747,2.085451126098633,-0.11212116479873657,1.3272991180419922,0.12449055910110474,-0.9913821816444397
378,0.9958092570304871,-0.3881293535232544,1.2284361124038696,-0.28763529658317566,0.853000283241272,-1.1261162757873535,-0.8892569541931152,-0.3493262827396393,1.037671685218811,-0.2526698708534241,0.04934775456786156,-1.151468276977539,-1.6331326961517334,1.9252651929855347,1.5277364253997803,-0.6420614123344421,1.3334934711456299,1.6713366508483887,3.623445749282837,2.783130168914795,0.9934329986572266,-1.0383325815200806,2.606362819671631,-0.39533311128616333,-1.197717547416687
379,0.9031184315681458,-0.4625512659549713,1.0992794036865234,-0.5319061279296875,0.7498037219047546,-0.27512359619140625,-0.09135457873344421,-0.37174296379089355,0.7008256912231445,0.8252663016319275,0.38353943824768066,0.2484254240989685,-0.23132401704788208,0.9449313879013062,0.1369602084159851,0.5942612290382385,0.041189610958099365,0.07206755876541138,1.9050168991088867,0.38799822330474854,2.107550859451294,1.254218578338623,0.39865824580192566,1.169187068939209,-0.8176625967025757
380,0.9543341994285583,-0.5158162713050842,1.2946319580078125,-0.41296955943107605,0.8660272359848022,-0.904604434967041,-0.8048784732818604,-0.34153804183006287,1.1280486583709717,0.052547454833984375,0.2639789581298828,-0.601300835609436,-1.2777109146118164,1.5778896808624268,1.0961055755615234,-0.2170068919658661,0.9797755479812622,1.120018720626831,3.0992631912231445,1.9772162437438965,1.417763352394104,-0.3589247465133667,1.8699610233306885,0.008605778217315674,-1.0601377487182617
381,0.9479737281799316,-0.23410847783088684,0.8733761310577393,-0.579759418964386,0.7483375668525696,0.15539084374904633,0.349237859249115,-0.4033806324005127,0.3547983169555664,1.136913776397705,0.2309931367635727,0.619125485420227,0.21063190698623657,0.7856796979904175,-0.23736296594142914,0.8953806161880493,-0.3140767514705658,-0.3961527645587921,1.401841640472412,-0.11685013771057129,2.1538045406341553,2.0433948040008545,-0.1899365484714508,1.753852128982544,-0.7718848586082458
382,0.9641534090042114,-0.004554133862257004,0.7061024308204651,-0.3671475350856781,0.658225417137146,-0.188269704580307,0.4644510746002197,-0.48556822538375854,0.021902740001678467,0.9094569683074951,-0.022006791085004807,-0.3300414979457855,-0.06742933392524719,1.2114969491958618,0.192701518535614,0.34023118019104004,-0.02832278609275818,0.234749436378479,2.058877944946289,0.7849780321121216,1.7447909116744995,1.1485873460769653,0.6216523051261902,1.2019751071929932,-0.9760028719902039
383,0.8962864875793457,-0.0793667882680893,0.7289464473724365,-0.567844033241272,0.716942548751831,0.24974387884140015,0.6715787649154663,-0.49183717370033264,0.07667866349220276,1.3824505805969238,0.20271360874176025,0.5324110388755798,0.47940176725387573,0.7359974384307861,-0.4679785966873169,0.9786434769630432,-0.5521247982978821,-0.5444403886795044,1.3156338930130005,-0.38954487442970276,2.5021557807922363,2.0778257846832275,-0.45334485173225403,1.7934939861297607,-0.7617946863174438
384,0.9018068313598633,-0.3344702422618866,0.972800612449646,-0.6795138716697693,0.79969722032547,0.14202725887298584,0.34032729268074036,-0.47044792771339417,0.4976579546928406,1.375708818435669,0.4965391159057617,0.7877515554428101,0.3645007014274597,0.5949443578720093,-0.5312099456787109,1.1088930368423462,-0.5123057961463928,-0.6854788661003113,1.2780134677886963,-0.6251298189163208,2.8596882820129395,1.7291171550750732,-0.6306473612785339,1.344466209411621,-0.6817249059677124
385,0.9732819199562073,-0.07253439724445343,0.802839994430542,-0.6225311756134033,0.808696448802948,0.020451873540878296,0.6327722668647766,-0.6496971845626831,0.1858530342578888,1.5452593564987183,0.44405248761177063,0.2389848828315735,0.4240511655807495,0.7618993520736694,-0.5927110910415649,0.9284662008285522,-0.5740584135055542,-0.3767009377479553,1.6818944215774536,-0.21647626161575317,2.883788585662842,1.3845760822296143,-0.3286270499229431,1.1543922424316406,-0.9108376502990723
386,0.9826462268829346,-0.08082544803619385,0.7325077056884766,-0.54918372631073,0.6996358036994934,0.1531909704208374,0.7002522349357605,-0.532395601272583,0.04763531684875488,1.4264055490493774,0.25565895438194275,0.3678208589553833,0.48980289697647095,0.7488771677017212,-0.48572254180908203,0.9357691407203674,-0.5772862434387207,-0.35724514722824097,1.551887035369873,-0.08745181560516357,2.2509164810180664,2.2897260189056396,-0.19008970260620117,2.0473389625549316,-0.912237823009491
387,0.9696593880653381,-0.743768572807312,1.473250389099121,-0.514674186706543,0.9073761105537415,-0.8398927450180054,-1.0353747606277466,-0.262652188539505,1.4452438354492188,0.05436871945858002,0.44940972328186035,-0.14419971406459808,-1.269425630569458,1.3779487609863281,0.9927694797515869,0.007400870323181152,0.942412257194519,1.0923731327056885,2.9774975776672363,1.743445873260498,1.6910582780838013,-0.3362880051136017,1.728778600692749,-0.024416804313659668,-0.9760797023773193
388,0.9212057590484619,0.22621825337409973,0.42936447262763977,-0.5305036902427673,0.6457638740539551,0.5187724232673645,1.2613266706466675,-0.5966392159461975,-0.4653412401676178,1.74555242061615,0.03492167964577675,0.4817142188549042,0.9534565210342407,0.666562557220459,-0.8145596385002136,1.1276986598968506,-0.9407979249954224,-0.6351727247238159,1.0980368852615356,-0.5001518726348877,2.3605008125305176,2.924264669418335,-0.6388479471206665,2.6194915771484375,-0.8535525798797607
389,0.8726412057876587,-0.4665091335773468,1.2051560878753662,-0.5368103981018066,0.8631821870803833,-0.5607456564903259,-0.38615527749061584,-0.42802122235298157,0.9351357221603394,0.6140552759170532,0.4390156865119934,-0.11140847206115723,-0.6485191583633423,1.1833078861236572,0.41935598850250244,0.30289706587791443,0.38541415333747864,0.4201396107673645,2.4458553791046143,0.915450930595398,2.2135818004608154,0.11966988444328308,0.8516541123390198,0.1905684769153595,-0.9391165971755981
390,0.9228231310844421,-0.3078913688659668,0.9644101858139038,-0.5321869254112244,0.7365154027938843,-0.17602846026420593,0.20726850628852844,-0.46162810921669006,0.4515431523323059,1.0637357234954834,0.36118003726005554,0.1842096745967865,0.016083374619483948,0.899362325668335,-0.09067517518997192,0.680271327495575,-0.1796988695859909,-0.12058582901954651,1.8506383895874023,0.2006383240222931,2.348661422729492,1.0925313234329224,0.1116001307964325,0.9028409719467163,-0.9109089374542236
391,0.8854350447654724,0.11863424628973007,0.5228586196899414,-0.524715006351471,0.6451751589775085,0.406077116727829,1.0852887630462646,-0.5612603425979614,-0.31461456418037415,1.6273815631866455,0.08971215784549713,0.4499461054801941,0.8114433288574219,0.6898530125617981,-0.6933324337005615,1.0635313987731934,-0.8248900175094604,-0.6029756665229797,1.1749703884124756,-0.44206568598747253,2.3851819038391113,2.502039670944214,-0.5897140502929688,2.1930618286132812,-0.8376254439353943
392,0.9943168759346008,-0.5939593315124512,1.3497886657714844,-0.5249945521354675,0.8942151069641113,-0.8123067617416382,-0.6837888956069946,-0.4136888384819031,1.1805015802383423,0.41189491748809814,0.5309890508651733,-0.3119632303714752,-0.9534143209457397,1.2955743074417114,0.656120240688324,0.11673671007156372,0.6324930787086487,0.7774065136909485,2.8525638580322266,1.362971544265747,2.085451126098633,-0.11212116479873657,1.3272991180419922,0.12449055910110474,-0.9913821816444397
393,0.9958092570304871,-0.3881293535232544,1.2284361124038696,-0.28763529658317566,0.853000283241272,-1.1261162757873535,-0.8892569541931152,-0.3493262827396393,1.037671685218811,-0.2526698708534241,0.04934775456786156,-1.151468276977539,-1.6331326961517334,1.9252651929855347,1.5277364253997803,-0.6420614123344421,1.3334934711456299,1.6713366508483887,3.623445749282837,2.783130168914795,0.9934329986572266,-1.0383325815200806,2.606362819671631,-0.39533311128616333,-1.197717547416687
394,0.9031184315681458,-0.4625512659549713,1.0992794036865234,-0.5319061279296875,0.7498037219047546,-0.27512359619140625,-0.09135457873344421,-0.37174296379089355,0.7008256912231445,0.8252663016319275,0.38353943824768066,0.2484254240989685,-0.23132401704788208,0.9449313879013062,0.1369602084159851,0.5942612290382385,0.041189610958099365,0.07206755876541138,1.9050168991088867,0.38799822330474854,2.107550859451294,1.254218578338623,0.39865824580192566,1.169187068939209,-0.8176625967025757
395,0.9543341994285583,-0.5158162713050842,1.2946319580078125,-0.41296955943107605,0.8660272359848022,-0.904604434967041,-0.8048784732818604,-0.34153804183006287,1.1280486583709717,0.052547454833984375,0.2639789581298828,-0.601300835609436,-1.2777109146118164,1.5778896808624268,1.0961055755615234,-0.2170068919658661,0.9797755479812622,1.120018720626831,3.0992631912231445,1.9772162437438965,1.417763352394104,-0.3589247465133667,1.8699610233306885,0.008605778217315674,-1.0601377487182617
396,0.9479737281799316,-0.23410847783088684,0.8733761310577393,-0.579759418964386,0.7483375668525696,0.15539084374904633,0.349237859249115,-0.4033806324005127,0.3547983169555664,1.136913776397705,0.2309931367635727,0.619125485420227,0.21063190698623657,0.7856796979904175,-0.23736296594142914,0.8953806161880493,-0.3140767514705658,-0.3961527645587921,1.401841640472412,-0.11685013771057129,2.1538045406341553,2.0433948040008545,-0.1899365484714508,1.753852128982544,-0.7718848586082458
397,0.9641534090042114,-0.004554133862257004,0.7061024308204651,-0.3671475350856781,0.658225417137146,-0.188269704580307,0.4644510746002197,-0.48556822538375854,0.021902740001678467,0.9094569683074951,-0.022006791085004807,-0.3300414979457855,-0.06742933392524719,1.2114969491958618,0.192701518535614,0.34023118019104004,-0.02832278609275818,0.234749436378479,2.058877944946289,0.7849780321121216,1.7447909116744995,1.1485873460769653,0.6216523051261902,1.2019751071929932,-0.9760028719902039
398,0.8962864875793457,-0.0793667882680893,0.7289464473724365,-0.567844033241272,0.716942548751831,0.24974387884140015,0.6715787649154663,-0.49183717370033264,0.07667866349220276,1.3824505805969238,0.20271360874176025,0.5324110388755798,0.47940176725387573,0.7359974384307861,-0.4679785966873169,0.9786434769630432,-0.5521247982978821,-0.5444403886795044,1.3156338930130005,-0.38954487442970276,2.5021557807922363,2.0778257846832275,-0.45334485173225403,1.7934939861297607,-0.7617946863174438
399,0.9018068313598633,-0.3344702422618866,0.972800612449646,-0.6795138716697693,0.79969722032547,0.14202725887298584,0.34032729268074036,-0.47044792771339417,0.4976579546928406,1.375708818435669,0.4965391159057617,0.7877515554428101,0.3645007014274597,0.5949443578720093,-0.5312099456787109,1.1088930368423462,-0.5123057961463928,-0.6854788661003113,1.2780134677886963,-0.6251298189163208,2.8596882820129395,1.7291171550750732,-0.6306473612785339,1.344466209411621,-0.6817249059677124
