step,loss,hidden_0_n0,hidden_0_n1,hidden_0_n2,hidden_0_n3,hidden_0_n4,hidden_0_n5,hidden_0_n6,hidden_0_n7,hidden_0_n8,hidden_0_n9,hidden_0_n10,hidden_0_n11,hidden_0_n12,hidden_0_n13,hidden_0_n14,hidden_0_n15,hidden_0_n16,hidden_0_n17,hidden_0_n18,hidden_0_n19,hidden_0_n20,hidden_0_n21,hidden_0_n22,hidden_0_n23,hidden_0_n24,hidden_0_n25,hidden_0_n26,hidden_0_n27,hidden_0_n28,hidden_0_n29,hidden_0_n30,hidden_0_n31,hidden_0_n32,hidden_0_n33,hidden_0_n34,hidden_0_n35,hidden_0_n36,hidden_0_n37,hidden_0_n38,hidden_0_n39,hidden_0_n40,hidden_0_n41,hidden_0_n42,hidden_0_n43,hidden_0_n44,hidden_0_n45,hidden_0_n46,hidden_0_n47,hidden_0_n48,hidden_0_n49,hidden_0_n50,hidden_0_n51,hidden_0_n52,hidden_0_n53,hidden_0_n54,hidden_0_n55,hidden_0_n56,hidden_0_n57,hidden_0_n58,hidden_0_n59,hidden_0_n60,hidden_0_n61,hidden_0_n62,hidden_0_n63,hidden_0_n64,hidden_0_n65,hidden_0_n66,hidden_0_n67,hidden_0_n68,hidden_0_n69,hidden_0_n70,hidden_0_n71,hidden_0_n72,hidden_0_n73,hidden_0_n74,hidden_0_n75,hidden_0_n76,hidden_0_n77,hidden_0_n78,hidden_0_n79,hidden_0_n80,hidden_0_n81,hidden_0_n82,hidden_0_n83,hidden_0_n84,hidden_0_n85,hidden_0_n86,hidden_0_n87,hidden_0_n88,hidden_0_n89,hidden_0_n90,hidden_0_n91,hidden_0_n92,hidden_0_n93,hidden_0_n94,hidden_0_n95,hidden_0_n96,hidden_0_n97,hidden_0_n98,hidden_0_n99,hidden_0_n100,hidden_0_n101,hidden_0_n102,hidden_0_n103,hidden_0_n104,hidden_0_n105,hidden_0_n106,hidden_0_n107,hidden_0_n108,hidden_0_n109,hidden_0_n110,hidden_0_n111,hidden_0_n112,hidden_0_n113,hidden_0_n114,hidden_0_n115,hidden_0_n116,hidden_0_n117,hidden_0_n118,hidden_0_n119,hidden_0_n120,hidden_0_n121,hidden_0_n122,hidden_0_n123,hidden_0_n124,hidden_0_n125,hidden_0_n126,hidden_0_n127,hidden_1_n0,hidden_1_n1,hidden_1_n2,hidden_1_n3,hidden_1_n4,hidden_1_n5,hidden_1_n6,hidden_1_n7,hidden_1_n8,hidden_1_n9,hidden_1_n10,hidden_1_n11,hidden_1_n12,hidden_1_n13,hidden_1_n14,hidden_1_n15,hidden_1_n16,hidden_1_n17,hidden_1_n18,hidden_1_n19,hidden_1_n20,hidden_1_n21,hidden_1_n22,hidden_1_n23,hidden_1_n24,hidden_1_n25,hidden_1_n26,hidden_1_n27,hidden_1_n28,hidden_1_n29,hidden_1_n30,hidden_1_n31,hidden_1_n32,hidden_1_n33,hidden_1_n34,hidden_1_n35,hidden_1_n36,hidden_1_n37,hidden_1_n38,hidden_1_n39,hidden_1_n40,hidden_1_n41,hidden_1_n42,hidden_1_n43,hidden_1_n44,hidden_1_n45,hidden_1_n46,hidden_1_n47,hidden_1_n48,hidden_1_n49,hidden_1_n50,hidden_1_n51,hidden_1_n52,hidden_1_n53,hidden_1_n54,hidden_1_n55,hidden_1_n56,hidden_1_n57,hidden_1_n58,hidden_1_n59,hidden_1_n60,hidden_1_n61,hidden_1_n62,hidden_1_n63,logit_0,logit_1,logit_2,logit_3,logit_4,logit_5,logit_6,logit_7,logit_8,logit_9
0,0.019422,-0.719575,-1.023044,-0.621153,0.580346,-0.825654,1.347569,1.456605,-3.080696,1.674258,0.630803,-4.538618,-4.55436,0.312626,1.676821,-0.465181,0.35961,-1.901309,-0.600318,-0.650697,4.331145,2.591487,-0.763334,4.102089,-3.9132,0.220167,-1.58084,1.232944,2.953876,1.384694,-1.65947,1.805104,1.22603,2.058736,1.276316,0.224535,0.642483,0.973674,0.497153,0.657727,-3.585668,1.252723,-2.143844,-2.265491,2.532267,0.545331,2.197189,1.100416,-0.599273,3.333015,2.009662,1.147541,1.852511,1.839678,1.10927,4.437811,-0.458961,-0.613948,-0.680412,-1.166933,-2.577532,-4.176264,-2.670601,-2.086176,2.325221,0.716542,0.922205,-0.493552,1.830932,0.631611,1.638659,1.993104,-1.575741,-5.09249,3.736765,-2.540483,0.231084,0.032559,0.227249,1.576939,-0.083039,-4.719565,0.059223,0.201606,-1.458594,1.935167,0.393582,-4.424281,0.747753,3.46843,-0.040103,-2.402533,0.201719,-1.071546,-1.849665,3.528412,2.652761,1.845832,0.444762,-0.193224,2.261008,-1.965394,0.22221,2.713632,-0.678328,-2.662915,3.10827,0.022731,1.994152,-0.027777,-1.041505,-1.363946,4.871267,-3.172653,-0.552592,4.219409,0.967863,-3.382904,2.089359,1.12648,-0.799814,-0.78836,-0.346223,-5.419585,4.151124,-3.165761,0.538072,-2.644723,-0.649979,2.568181,2.788249,1.769004,4.278476,-2.788412,2.806852,-0.846182,4.689516,4.954344,-1.764313,4.739616,-0.708755,2.878553,0.67637,2.560326,-3.48875,2.337425,2.14538,1.91983,-3.854934,0.809245,2.750558,1.696136,-0.272567,0.13675,-4.82836,2.687346,3.958124,4.123926,2.888486,5.079966,2.69284,4.501779,1.540862,1.599128,-2.847862,2.043465,1.52318,4.02129,3.706761,-1.268255,5.741769,7.114781,2.272048,1.92281,2.906526,5.193877,4.253667,2.866575,2.989988,3.754837,0.159356,0.678368,4.235271,1.419864,2.754092,1.493758,1.129525,2.368961,2.193773,2.138651,0.08353,6.014756,0.632111,-5.359595,-3.760665,-1.544363,-1.344136,-7.493357,-2.641586,-6.00317,-3.213094,-2.724899,-1.550515
1,0.052009,-0.790653,-0.67576,-0.496942,0.333761,-0.724159,1.646379,1.295291,-3.041691,2.126083,0.638727,-4.076746,-4.513996,0.137042,1.633334,-0.41349,0.36879,-2.456737,-0.738173,-0.970935,4.035121,2.936809,-0.528254,3.775602,-3.250968,0.382404,-1.263076,1.254309,2.751084,1.550086,-1.712245,1.330081,1.32351,1.836185,0.900833,0.140049,1.034895,0.454545,0.812367,0.659777,-3.648924,1.064069,-2.150304,-1.921858,2.285575,0.596617,2.351267,1.313014,-0.275882,3.419922,1.72085,0.651494,1.527446,1.701688,0.863395,3.973992,-0.164368,-0.481003,-1.042937,-0.964946,-2.584524,-3.971986,-2.332053,-1.688297,2.072235,0.508292,1.624159,-0.235036,1.970593,0.554211,1.436384,2.253647,-0.979791,-4.687159,3.359162,-2.179445,0.273621,0.057598,0.331091,1.611286,0.569221,-4.874572,-0.103194,0.061916,-1.263557,1.641165,0.64135,-4.331871,0.638629,3.991577,-0.016767,-2.410217,0.639772,-0.94357,-1.670263,3.08979,2.666437,2.096184,0.227051,-0.075635,2.049203,-1.676867,0.229725,2.46678,-0.117795,-2.566921,2.979998,0.570387,2.064162,0.133554,-1.453677,-1.263437,4.96024,-2.692106,-0.32761,3.835784,0.633817,-2.836187,1.977935,1.281065,-0.772609,-0.627804,-0.686783,-5.212364,3.778974,-3.054627,0.488949,-2.501727,-0.673319,2.325178,2.808909,1.814003,4.337117,-2.170687,2.957954,-0.747971,4.593436,4.743929,-1.366559,4.598094,-0.841946,3.030023,0.477878,2.767142,-3.796971,2.908779,2.207537,2.045473,-3.632218,0.428846,2.524846,0.900197,-0.056091,-0.323476,-4.590115,2.721238,3.821721,4.10954,2.98149,4.797631,2.642812,3.835725,1.163992,1.909853,-2.673639,2.398514,1.083792,3.923323,3.696034,-1.184903,6.050682,6.77981,2.2104,1.769726,2.994654,5.053576,4.144055,2.573573,3.045161,3.498412,0.204337,0.33312,4.24093,1.502125,2.906184,1.549291,1.606238,2.375901,2.317945,2.051736,0.576072,5.799992,1.015882,-5.258848,-4.266813,-1.712518,-1.218566,-7.034881,-2.217228,-6.395797,-2.848017,-2.930642,-0.967179
2,0.023384,-0.39966,-1.163787,-0.371792,0.419312,-0.956819,1.2581,1.152547,-3.094294,1.839699,0.821317,-4.777998,-4.520671,0.342966,1.321501,-0.529533,0.260403,-2.630167,-0.482877,-0.360986,4.104297,2.663548,-0.490065,4.210675,-4.580271,-0.138188,-1.386935,0.830917,2.678149,1.952569,-1.094425,1.573073,1.168603,1.828577,0.658032,0.015491,0.923169,1.091698,0.753651,0.760292,-4.116614,0.800184,-2.150724,-1.640434,2.435239,0.39055,2.126373,0.951624,0.437248,3.171691,1.989034,0.800707,1.553732,1.494617,1.374519,4.24943,-0.317673,0.115559,-0.899183,-1.537188,-2.655589,-4.437871,-2.485185,-2.007093,2.268544,0.274016,0.542301,-0.59608,1.561865,0.851036,1.649839,2.10484,-1.677519,-4.831982,3.920358,-3.286657,0.238304,-0.203236,-0.151949,1.519179,-0.217443,-4.901442,-0.320975,0.249612,-0.893044,1.867984,0.925401,-4.25025,0.700813,3.51766,-0.355545,-2.245286,0.154151,-0.956848,-1.297737,3.099937,2.324389,1.627819,0.584314,0.113971,2.398357,-2.050056,0.049776,2.260024,-0.17056,-2.621299,2.52703,-0.189493,1.76822,0.423271,-1.204808,-1.46245,4.60154,-3.524935,-0.755042,4.433612,0.746753,-3.466927,1.948834,1.258483,-0.538298,-0.731907,-0.710939,-5.095354,3.759035,-3.158918,0.088218,-2.920914,-0.17421,2.380838,3.198371,1.852534,3.982687,-2.227855,2.483307,-0.658277,4.455303,4.675959,-2.033561,4.682733,-0.094906,2.899766,0.697522,2.457701,-3.219261,2.211758,2.247332,1.795065,-3.73881,0.625786,2.688407,1.952148,-0.425172,0.168682,-4.702823,2.496032,3.785719,3.652011,2.376201,4.625556,2.764686,4.469237,1.682148,1.51848,-2.900787,1.679642,1.446189,4.20243,3.184987,-0.878519,5.34785,6.718899,1.817149,1.913164,2.897549,4.956447,4.485917,3.080607,3.084899,4.127712,0.191043,0.937335,3.722184,1.71197,2.790844,0.945318,1.055406,1.934914,2.62535,2.353817,0.688865,5.546723,1.128477,-5.293978,-3.129562,-1.531368,-2.092709,-6.458914,-2.822596,-5.178126,-3.646411,-2.84682,-1.647725
3,0.032224,-1.020288,-0.93734,-1.164362,0.266198,-1.055226,2.028682,1.207597,-3.089775,1.263627,0.575455,-4.231791,-5.668439,0.793062,1.426035,-0.615667,0.605932,-2.865808,-0.673481,-1.100895,4.254885,2.663967,-1.016434,3.844642,-4.04972,0.257926,-0.858616,1.055846,2.288205,1.814373,-1.665991,1.885514,1.493722,2.160818,1.034203,0.215398,0.86642,0.842634,0.804452,1.016351,-3.554003,1.338324,-2.176207,-2.339578,2.552491,0.427177,2.239752,1.256109,-0.613883,3.324908,2.40034,0.946159,1.517929,1.958553,1.053914,4.026384,-0.455459,0.01921,-1.406521,-1.156289,-2.671313,-4.115458,-2.866713,-1.766784,2.26502,0.146278,1.087785,-1.298487,1.67571,0.782119,1.46203,2.131866,-1.674575,-4.526679,3.706146,-2.227162,0.297959,-0.55834,0.117594,1.884031,0.265001,-5.814758,-0.443369,0.223518,-1.123587,1.880844,0.863806,-3.939982,0.671104,3.477096,0.068186,-2.655027,0.617401,-1.478818,-1.466735,3.233534,2.378203,1.801034,0.266656,-0.187258,2.257978,-2.863912,-0.023484,2.381368,-0.425856,-2.682337,2.840094,0.467431,1.836779,0.3349,-1.718386,-1.314343,4.76803,-3.120424,-0.203434,3.94329,0.69309,-2.680844,1.717938,1.120239,-0.579298,-1.644095,-0.939767,-5.912092,3.901359,-2.847941,0.207851,-3.27237,-0.276255,2.411012,3.130655,1.796024,4.009527,-2.152723,2.881052,-0.469268,4.683518,4.949114,-1.92566,4.918617,-0.564997,2.973893,0.355634,2.632456,-3.754921,2.627396,2.241885,1.971527,-3.381296,0.530673,2.624785,0.985905,-0.304317,0.130628,-4.764955,2.809537,4.214742,3.919212,2.918031,4.782938,2.89205,4.413791,1.247728,1.806297,-2.532225,2.210525,1.002848,3.796382,3.419417,-0.72845,6.048847,6.631913,2.080359,1.812748,2.958803,4.965671,4.111485,2.945339,3.231392,3.817093,0.294028,0.59324,4.028022,1.51824,2.735775,1.558372,1.44335,2.271329,2.432444,1.75745,0.377428,5.716338,0.912029,-5.468266,-4.404973,-1.475365,-1.351868,-6.773871,-2.547283,-6.018793,-3.118666,-2.704745,-1.627131
4,0.045467,-0.390687,-1.115098,-0.715042,0.01139,-1.186913,1.351585,1.141716,-3.145589,1.7751,1.046385,-4.572952,-5.118582,0.045196,1.363147,-0.813858,0.809771,-3.031578,-0.807103,-1.310201,4.313309,2.739288,-1.448241,4.045693,-4.61001,-0.082602,-1.367208,0.788301,2.267732,2.390608,-1.430806,1.415977,1.261256,2.03146,0.661202,-0.396421,0.932526,0.509678,0.68266,0.955723,-4.288401,0.898434,-2.201384,-2.303227,2.464621,0.297168,2.165803,0.913656,0.06261,3.2182,2.293049,0.669668,0.927952,1.710792,1.36579,4.119055,-0.308584,0.176266,-1.184757,-1.153872,-2.764125,-4.348365,-3.045717,-1.928907,2.166967,0.127204,1.14208,-0.833974,1.655813,0.782151,1.578159,2.041356,-1.406614,-4.339374,3.952351,-2.609513,0.194885,-0.862723,-0.357325,1.671448,-0.06784,-5.396245,-0.322409,-0.124538,-0.667073,1.379151,1.179765,-4.068538,0.652322,3.829663,-0.281932,-2.26042,0.341499,-1.658845,-1.240247,2.848373,2.38003,1.90174,0.225786,0.062483,2.435212,-2.445265,-0.262221,2.003043,-0.067364,-2.630251,2.588248,-0.127816,1.906256,0.307465,-1.483094,-1.396939,4.74911,-3.321376,-0.581152,4.364372,0.704802,-3.081793,1.679248,1.288952,-0.517935,-1.512607,-1.199726,-5.5657,4.02109,-2.888732,-0.043668,-3.243167,-0.230781,2.30243,3.747257,2.315314,3.59807,-1.770672,2.840006,-0.805469,4.446085,4.527028,-2.354506,4.911074,-0.110333,2.950359,0.776863,2.462521,-3.215529,2.589418,2.824117,1.810285,-3.316729,0.199164,2.163939,2.087552,-0.522318,-0.121174,-4.749943,2.729437,3.870836,3.456753,2.227484,4.554552,3.199923,4.142278,1.702559,1.800288,-2.596371,1.944134,1.46196,3.8469,2.987794,-1.134034,5.596561,6.201639,1.418635,2.334423,2.940744,4.484372,4.32674,3.427402,3.36995,4.34811,0.416562,1.023852,3.670906,1.170575,3.042919,1.31681,1.05291,1.790843,2.977623,2.194922,1.077238,5.013045,1.634298,-5.158263,-3.789242,-2.062639,-2.519972,-4.990347,-3.373749,-5.026922,-3.899775,-3.225981,-1.349049
5,0.008756,-0.462592,-0.474667,-0.806412,0.550577,-0.583813,1.900317,1.730882,-3.15666,2.070287,0.446854,-4.235396,-4.74039,0.514481,1.740693,-0.551352,-0.66025,-1.98227,-0.960359,-0.922755,4.310224,2.802032,-0.974616,3.93876,-4.170192,0.215834,-1.33796,1.518636,2.747133,1.372088,-1.329368,1.628248,1.265309,2.017846,1.269344,0.530384,1.151719,1.491068,0.685191,0.850927,-2.764641,0.989638,-2.177148,-2.101764,2.592144,0.035994,2.511322,1.346609,-0.846863,3.71874,2.229982,0.879574,2.04823,1.861682,1.130771,3.964367,-0.204604,-0.695704,-0.28683,-1.050695,-2.608226,-4.650622,-2.793646,-2.645757,1.989403,0.762261,1.451262,-0.438707,1.808269,0.420462,1.285278,2.187076,-1.991598,-5.861008,3.536554,-2.278311,0.194249,0.682638,0.257106,1.867067,0.379768,-5.851161,0.065496,0.159545,-1.442819,2.28308,0.212176,-4.26201,0.917933,3.540171,0.115779,-1.915071,0.487801,-1.569646,-1.633054,3.703641,2.779867,2.041134,0.437462,0.134279,2.287782,-1.921156,0.219623,2.51295,-0.713159,-2.779251,3.250122,-0.359723,2.088301,0.342882,-0.740685,-1.348837,5.382367,-2.975626,-0.39669,3.935157,0.701904,-3.13749,2.134301,1.374305,-1.224257,-0.712037,-0.369474,-4.997975,3.840545,-3.332599,0.669299,-2.461838,-0.936227,2.437419,2.475042,1.960217,4.464307,-2.880009,3.052031,-1.057024,4.753492,4.679711,-1.596883,4.456339,-1.193622,2.948084,0.631712,3.135314,-3.533714,2.83511,2.273681,1.974658,-3.912794,0.571963,2.477917,1.143968,-0.090694,-0.04331,-4.71347,2.635428,4.017612,4.007866,2.951237,5.236937,2.700848,4.056744,1.527277,2.114619,-2.660242,2.728026,1.124174,3.969052,3.764693,-1.163685,6.488423,6.900181,2.095953,2.19463,3.072227,5.3543,3.913124,2.913899,3.140925,3.742151,0.157519,0.458223,4.306429,1.214011,3.020622,1.918119,1.234334,3.097354,1.834975,1.928788,0.224127,6.233983,0.715054,-5.748601,-4.32036,-2.257177,-0.984627,-6.911989,-2.610107,-7.029925,-2.850034,-2.750143,-0.579733
6,0.020146,-0.585477,-0.460795,-1.393258,0.128213,-0.763217,1.933019,1.415046,-3.054655,1.580279,0.828256,-3.392074,-4.751205,0.370175,1.50371,-0.903678,0.517974,-2.739926,-1.014172,-1.101499,4.315011,2.717154,-1.47888,3.761631,-4.133786,-0.091731,-1.073658,0.961326,2.471221,1.961624,-1.561733,1.668088,1.646173,2.220546,1.396613,0.290603,0.953087,1.093946,0.529954,0.693389,-3.663737,0.867886,-2.113775,-1.991341,2.307984,0.289755,2.150201,1.370285,-0.070216,3.670123,2.093789,0.907102,1.315785,1.817166,1.014677,3.812268,-0.374487,-0.458566,-0.685928,-1.515616,-2.554271,-3.546198,-2.248931,-2.320463,1.795934,0.920802,1.120671,-0.030866,1.767529,0.619689,1.429783,2.096956,-1.114253,-4.502913,3.518262,-2.236648,0.128386,-0.328451,0.072011,1.601268,0.437551,-4.963738,-0.515021,0.479891,-1.057415,1.910825,0.452854,-4.102993,1.082339,3.417485,-0.3553,-2.135713,0.62024,-1.238399,-0.925283,3.351247,3.013651,1.959422,0.62199,-0.441086,2.137157,-2.57952,0.624523,2.266809,-0.651959,-2.614992,2.82896,0.101945,1.822419,-0.069604,-1.347548,-1.110182,5.083272,-2.585243,-0.188661,4.041655,0.834529,-3.033851,1.826857,1.478525,-0.679195,-0.796783,-0.18659,-5.89733,3.930294,-2.592432,0.003288,-2.832969,-0.583568,2.41568,3.004439,1.969446,4.135777,-2.561662,3.098292,-1.103016,4.664248,4.235777,-1.555647,4.336517,-0.766527,2.598377,0.669724,3.058345,-3.279143,2.780932,2.298164,2.074135,-3.604424,1.008064,2.178388,1.489718,0.320209,0.191518,-4.665959,2.370162,4.065798,3.897138,2.21997,4.952842,2.749421,4.116522,1.314888,1.702665,-2.816912,2.673997,0.873109,3.771366,3.678122,-1.106788,6.297439,6.359675,2.08684,2.024504,2.881295,4.59235,4.441394,2.642658,3.001111,3.506913,0.715275,0.449818,4.062415,1.107919,2.885622,2.143595,1.41175,2.334082,2.425601,1.950877,0.36048,5.75094,0.912682,-5.305161,-3.455842,-1.898171,-2.046438,-6.178599,-3.356345,-6.403543,-2.220644,-3.590165,-1.240479
7,0.045201,-0.420313,-0.692214,-0.775191,0.442695,-1.06528,1.788533,1.437998,-3.096398,1.354358,0.74643,-4.476445,-5.462342,0.133467,1.201461,-0.519953,0.260112,-2.932499,-0.977336,-0.873693,4.071087,2.83893,-0.684213,3.741218,-3.914593,0.137586,-1.178677,0.817694,2.022198,2.036464,-1.436449,1.327245,1.459893,1.768023,0.709065,0.129242,1.126767,0.866987,1.094211,1.013639,-3.466118,0.72518,-2.173302,-2.369016,2.495643,0.284588,2.471278,1.536866,0.458576,3.486395,2.358474,0.535544,1.320072,1.496429,1.302413,3.58339,-0.03254,0.208039,-0.977834,-1.208646,-2.606619,-4.569006,-2.818381,-2.114046,1.980716,-0.028759,1.369933,-0.879214,1.760023,0.690791,1.502224,2.065808,-1.386642,-4.483475,3.781424,-2.544378,0.187645,-0.527707,-0.05485,1.669478,0.277891,-5.502585,-0.285364,0.24534,-1.003188,1.519153,0.875485,-3.876185,0.888414,3.519121,-0.136937,-2.194175,0.882186,-1.376504,-1.252243,3.0557,2.465275,1.817732,0.091512,0.199254,2.431118,-2.600893,0.228507,2.130884,0.109577,-2.618336,2.51936,-0.170811,1.801786,0.542809,-0.867507,-1.81106,4.790967,-3.299088,-0.273475,3.988552,0.421274,-3.104994,1.690938,1.411161,-0.677682,-1.009309,-0.741677,-5.205225,3.462361,-2.85862,-0.241297,-3.192191,-0.271446,2.208154,3.367149,1.855275,4.046939,-1.804173,2.83059,-0.954751,4.520464,4.254636,-1.688181,4.547712,-0.340863,2.815487,0.752603,2.894325,-3.463882,2.873318,2.400012,1.812397,-3.666905,0.558904,2.126819,1.138121,0.167192,-0.248106,-4.562344,2.448811,4.172329,3.627041,2.384572,4.515774,2.864354,4.077027,1.179208,1.93016,-2.850643,2.319898,0.717913,3.921865,3.368635,-0.55812,6.106357,6.189425,1.612705,1.891662,3.272101,4.697062,4.376216,3.083369,3.291009,3.956045,0.341191,0.789518,4.057552,1.524869,3.187665,1.668145,1.485154,2.37698,2.703694,2.336131,0.601202,5.365355,1.255719,-5.194666,-4.272176,-1.947183,-2.131728,-6.145913,-2.750823,-5.456292,-2.685655,-3.549605,-1.155012
8,0.030499,-1.098098,-0.653021,-1.101569,0.669402,-1.283435,1.85394,1.120306,-3.086893,2.037515,0.587659,-4.844029,-4.931025,0.494056,1.382778,-0.664703,0.616911,-1.834515,-0.667299,-0.965946,4.202785,2.820279,-0.865581,3.852776,-3.91465,0.45029,-1.226359,1.254119,2.522053,1.610988,-2.06274,1.650012,1.219093,2.413411,1.611589,0.128727,0.75248,0.469399,0.563688,1.146874,-3.777575,1.082741,-2.162897,-1.739162,2.583282,0.637675,2.295336,1.048242,-0.377876,3.411515,2.293203,1.409148,1.840149,2.108967,1.02542,4.083893,0.242465,-0.280235,-0.995079,-0.990353,-2.67081,-4.656893,-3.257583,-1.804529,2.126974,0.679113,1.376818,-0.21554,1.813843,0.776915,1.215359,2.294225,-1.373761,-4.977507,3.815996,-2.055196,0.077784,-0.212438,-0.035664,1.615114,0.209374,-5.38618,0.449688,-0.084139,-1.1458,1.927236,0.600802,-4.265947,0.135212,3.884123,0.286319,-2.270317,0.543114,-0.932302,-1.616743,3.463298,2.503775,1.75666,0.188393,0.352436,2.365048,-1.998357,0.389343,2.631057,-0.229452,-2.665827,3.079841,1.31262,1.971953,0.228004,-2.19379,-0.966661,4.910466,-3.82326,-0.180687,3.960916,0.826981,-2.678063,1.863913,1.503132,-0.71015,-0.975556,-0.483563,-6.140725,3.809981,-3.152122,0.610765,-2.883442,-0.331686,2.101921,2.724828,1.921817,4.378481,-2.516299,2.718406,-0.186667,4.817044,5.168935,-1.743494,4.736257,-0.746723,3.277868,0.412615,2.610294,-3.45961,3.061362,2.026229,2.368957,-3.338761,0.211546,2.978446,0.915161,-0.17996,0.134967,-4.679329,2.917311,4.254615,3.805326,3.456535,4.767343,3.28693,4.233125,1.484679,2.274054,-2.208001,2.503105,1.282979,3.969415,3.536614,-0.993376,5.814352,7.14272,2.216634,2.169098,3.042791,5.767951,3.77799,3.124728,3.421019,3.944667,-0.176171,0.839421,4.129542,1.674388,3.019917,1.895699,1.130644,2.647412,2.066772,1.965338,0.269498,5.969932,1.1041,-6.22305,-4.728096,-1.920075,-0.792958,-7.282412,-2.278522,-6.345761,-3.755569,-2.855621,-0.822009
9,0.025837,-0.486197,-0.62952,-1.025401,0.564904,-0.937313,2.179058,1.362461,-3.087801,1.482335,0.581711,-4.28092,-5.439972,0.659673,1.257614,-0.73027,-0.258412,-2.389685,-0.868167,-1.004112,4.281551,2.849143,-1.062487,3.806287,-4.22546,0.154655,-0.615893,1.053863,2.163944,1.565878,-1.770165,1.541816,1.55722,2.042568,1.347702,0.626819,1.131142,1.214309,1.103375,0.98267,-3.147178,1.022965,-2.123025,-1.6357,2.4748,0.236211,2.577734,1.322208,-0.096063,3.571591,2.396009,0.878942,1.371777,1.992034,1.317437,3.812734,-0.06885,0.023505,-0.758076,-1.372418,-2.600638,-4.514489,-2.801073,-2.054941,2.101806,0.538155,1.340669,-0.98312,1.812158,0.680691,1.24694,2.033381,-1.847627,-4.935673,3.681767,-2.18876,0.223544,-0.26133,-0.029141,1.917083,0.481058,-5.94208,-0.331314,0.178112,-1.149958,2.230017,0.592328,-3.781163,0.801231,3.610917,-0.005209,-2.011225,0.892206,-1.386406,-1.134937,3.589448,2.556456,1.762504,0.351182,0.006383,2.413073,-2.673769,0.126511,1.962086,-0.480371,-2.709418,2.951941,0.432467,2.143149,0.529664,-1.43347,-1.582349,5.032143,-3.31716,-0.101085,3.881899,0.616984,-2.860314,1.630859,1.366123,-0.605746,-1.005957,-0.727802,-5.70781,3.43961,-3.064641,0.378183,-3.130349,-0.616975,2.201744,2.930889,2.235567,3.848989,-2.610657,2.774016,-0.525416,4.830301,4.572505,-1.898,4.842887,-0.541132,3.160995,0.493995,2.86041,-3.351397,2.815132,2.261631,2.069705,-3.346392,0.547182,2.483648,1.192363,-0.240131,0.26118,-4.599558,2.534609,4.314507,3.5609,2.679873,5.013685,2.935019,4.392955,1.568167,2.062184,-2.731858,2.728585,0.888787,3.699699,3.064044,-0.326283,6.343043,6.532481,2.082295,2.271896,3.155531,4.902903,3.96033,3.373257,3.146197,4.196167,0.399301,0.854712,3.69629,1.420834,3.030366,1.794505,1.439415,2.495742,2.121756,1.918579,0.558504,5.777647,1.347097,-6.136626,-4.032996,-1.96881,-1.825894,-5.948227,-2.589406,-6.095774,-2.992318,-2.820596,-1.556804
10,0.014571,-0.904767,-0.561925,-1.16441,0.569407,-1.031707,2.088509,1.149056,-3.047505,1.750071,0.680299,-3.982659,-4.857388,0.247198,1.420265,-0.845859,-0.186791,-2.356167,-0.568173,-1.021212,4.151046,2.797353,-1.403869,3.695581,-4.027731,0.351308,-1.128874,0.665357,2.044853,1.731775,-1.506232,1.322801,1.503949,2.109926,1.172283,0.048914,0.931854,0.985384,1.089104,0.701284,-3.205468,0.734864,-2.114812,-1.756493,2.321862,0.474939,2.234066,1.161813,-0.19755,3.434003,2.155809,0.930481,1.341569,1.746014,0.967825,3.789865,0.067725,-0.210325,-0.688392,-1.225573,-2.590486,-4.45449,-2.613142,-1.810742,1.994111,0.48397,1.545874,-0.74176,1.958199,0.703584,1.322559,2.255829,-1.960866,-5.029417,3.591479,-2.301474,0.201523,0.060427,-0.527208,1.56078,0.520041,-5.431825,-0.104496,0.151612,-0.937533,1.729679,0.785503,-3.692011,0.445678,3.751431,0.224443,-1.768463,0.715534,-1.443081,-1.383249,3.38062,2.563723,1.989848,0.212918,0.011772,2.344741,-2.127242,0.356843,2.032911,-0.08959,-2.587637,2.754524,0.785797,2.006658,0.25971,-1.359963,-1.452981,5.079593,-3.464004,-0.272137,3.84486,0.667383,-2.947187,1.596366,1.422817,-0.663832,-0.702605,-0.664155,-5.103695,3.325448,-3.096433,0.405521,-3.021759,-0.499591,2.235345,2.833326,2.345479,3.842189,-2.200431,2.89536,-0.511573,4.746395,4.36209,-1.616639,4.496149,-0.417371,3.133984,0.618176,2.880285,-2.85465,2.907977,2.327654,2.196528,-3.181741,0.708992,2.540549,1.486653,0.039397,-0.024859,-4.639057,2.409644,4.106188,3.620816,2.690429,5.056718,2.933346,4.130223,1.546249,2.212392,-2.535948,2.880099,1.182316,3.785201,3.507942,-0.90178,6.304379,6.342383,2.023256,2.426606,2.864492,4.801385,3.843555,2.947356,3.129695,3.795705,0.479583,0.853543,3.819627,1.51283,3.059825,2.24263,1.143236,2.521935,2.081133,1.936054,0.810978,5.787783,1.24938,-6.327352,-3.708814,-2.305973,-1.61617,-5.763138,-2.920498,-6.510114,-2.775489,-3.366024,-1.085657
11,0.027556,-0.663508,-0.530912,-1.183769,0.134536,-0.943496,1.990545,1.425842,-3.086873,1.690314,0.709035,-3.757672,-4.699564,0.471224,1.379383,-1.039171,-0.136071,-2.531226,-1.064712,-1.063731,4.320159,2.77497,-1.695469,3.909029,-3.846141,-0.09062,-1.442737,0.828786,2.313774,1.863013,-1.559725,1.536857,1.508872,2.008348,1.288565,0.299593,0.966408,1.137382,0.910223,0.549744,-3.375359,0.665948,-2.122294,-1.698014,2.481791,0.286089,2.055269,1.203528,-0.553326,3.617568,2.034601,0.910086,1.495538,1.696693,1.07057,3.853134,-0.051383,-0.366416,-0.473075,-1.131821,-2.610858,-3.964619,-2.323761,-2.244189,1.846702,0.925109,1.228039,-0.552574,2.054012,0.635104,1.375605,2.195567,-1.746171,-5.439168,3.56448,-2.334823,0.206687,0.215371,-0.300763,1.484557,0.445075,-5.419468,-0.541932,0.193747,-0.869992,1.833906,0.510674,-3.893917,0.654805,3.517672,-0.109129,-1.791138,0.631078,-1.588606,-1.637993,3.570084,2.80015,2.020117,0.579149,-0.117842,2.4439,-2.160889,0.464561,2.245524,-0.493705,-2.690932,2.983965,0.164683,1.861536,0.368048,-1.175974,-1.311365,5.198007,-2.845184,-0.35338,3.976454,0.718046,-3.031113,1.760629,1.491869,-0.439431,-0.772047,-0.204452,-5.15942,3.564929,-2.760971,0.332568,-2.663373,-0.484451,2.164101,2.551929,2.359426,4.203873,-2.581256,2.840529,-0.997351,4.660326,4.387012,-1.697783,4.408796,-0.797907,2.845998,0.369019,2.774808,-2.89292,2.745575,2.24172,1.964829,-3.455333,0.490061,2.229739,1.409041,0.181316,0.278867,-4.641782,2.437238,3.861927,3.911616,2.641326,5.142519,2.630552,3.984918,1.576245,2.007849,-2.577802,2.772507,0.881046,3.708353,3.465954,-0.874798,6.35078,6.414194,2.209059,2.238182,3.113003,5.012443,3.980764,2.933256,3.174203,3.749548,0.458726,0.849232,3.860883,1.047277,3.077105,2.014811,1.275318,2.674346,1.97012,1.98827,0.4176,5.768171,0.928978,-5.687602,-4.077041,-2.272964,-1.780555,-6.148097,-2.582631,-6.459298,-2.840146,-2.814987,-0.775561
12,0.01153,-0.962951,-0.510902,-1.118424,0.37585,-0.422739,1.772674,1.081265,-3.109946,1.473565,0.756007,-4.343878,-4.997271,0.30516,1.551679,-0.430432,0.09144,-2.222219,-0.551361,-1.002335,4.435937,2.760986,-1.20358,3.962476,-4.163478,0.213773,-1.043588,1.032125,2.730738,1.779945,-1.592037,1.511361,1.444017,2.210803,1.036834,-0.039783,0.84926,0.88946,0.765058,0.625515,-3.468503,1.002732,-2.107956,-1.384333,2.274737,0.468538,2.369631,1.141502,-0.302092,3.489657,1.915622,1.292018,1.502471,1.752804,1.056562,4.293425,-0.486574,-0.177254,-0.53701,-1.670929,-2.574711,-4.080221,-2.236702,-1.877143,2.17413,0.173081,1.119072,-0.703085,1.812913,0.801141,1.583535,2.083789,-1.568155,-4.371821,3.619218,-2.380054,0.080624,-0.313924,-0.152878,1.581927,0.35704,-5.163857,-0.281531,0.259941,-1.319126,1.911382,0.605544,-4.198275,0.598082,3.514589,0.062445,-2.119371,0.649747,-0.62541,-1.473235,3.256961,2.511923,2.23679,0.247351,-0.383812,2.335043,-2.521554,0.218463,2.462786,-0.424293,-2.611365,2.974619,0.276093,2.169547,0.128007,-1.604047,-1.715579,5.028615,-3.196472,-0.478179,4.172918,1.024455,-2.960472,1.860928,1.396731,-0.579372,-0.612416,-0.612335,-5.592551,3.871565,-2.96495,0.598277,-2.917452,-0.61539,2.417648,2.762315,2.156317,4.277267,-2.564553,2.805984,-0.717156,4.733949,4.759709,-1.738575,4.550864,-0.675856,3.062473,0.59435,2.76987,-3.410343,2.577732,2.242698,2.06111,-3.737051,0.697579,2.63705,1.580153,-0.151558,-0.220382,-4.729024,2.59612,3.727879,4.007193,2.999287,5.088486,2.777467,4.21776,1.599794,1.980671,-2.711542,2.369296,1.402198,4.036896,3.667403,-1.146726,6.086075,6.871425,2.222857,2.093957,2.860326,5.212932,4.077848,2.765072,3.19916,3.867291,0.174941,0.534817,4.162644,1.49951,3.021583,1.636531,1.275612,2.454415,2.177895,2.009823,0.794063,5.893394,0.974617,-5.746283,-3.883577,-1.888071,-1.358616,-6.811305,-2.588868,-6.601408,-3.052603,-2.948071,-0.987409
13,0.005114,-0.442861,-0.598565,-1.040036,-0.004414,-0.733208,1.457662,1.314132,-3.067634,1.763924,0.911138,-3.753791,-4.709629,-0.205249,1.59167,-0.604339,0.216924,-2.442811,-0.388044,-0.915857,4.27954,2.679485,-1.279162,3.916255,-3.80702,0.18501,-1.389344,0.922344,2.610172,1.682234,-0.978378,1.271587,1.50607,1.8486,1.129622,-0.079102,0.766735,0.764726,0.536987,0.515146,-3.569733,0.592483,-2.129844,-2.005082,2.035267,0.695816,2.240862,1.33427,-0.152762,3.652086,1.666479,0.687289,1.49047,1.414694,0.902719,4.119331,-0.16151,-0.698222,-0.287331,-1.687526,-2.56862,-4.023242,-2.177999,-2.162589,1.766211,0.903912,0.954194,-0.179699,1.856569,0.647738,1.306978,2.100667,-1.349176,-4.524463,3.650106,-2.544044,0.154573,-0.41782,0.148083,1.399006,0.352521,-4.632574,-0.430145,0.113348,-1.368546,1.583871,0.425344,-4.351643,0.943542,3.517087,-0.183862,-2.4792,0.232661,-1.187306,-1.45101,3.148742,2.988871,2.132139,0.603908,-0.459485,2.170313,-2.126554,0.287846,2.568127,-0.544906,-2.625886,2.975722,-0.267943,1.669336,-0.190316,-0.892951,-1.613777,5.001391,-2.937296,-0.424592,4.165027,0.830097,-3.224347,1.972835,1.516176,-0.797649,-0.623703,-0.210315,-5.103152,4.007558,-2.706863,0.030958,-2.68205,-0.670788,2.796659,3.029941,1.948417,4.130319,-2.593206,3.22796,-1.115198,4.595915,3.964946,-1.21183,4.235744,-0.665023,2.342577,0.866259,3.117887,-2.932694,2.469993,2.433523,1.843892,-4.004345,1.416832,2.157628,2.174906,0.317632,-0.167788,-4.742195,2.457704,3.929373,4.047281,2.261804,5.078053,2.333124,4.080666,1.507485,1.555105,-3.018015,2.639069,1.159035,3.749986,4.096886,-1.682242,6.31866,6.307575,2.063038,1.987868,2.632697,4.142841,4.783582,2.250337,2.913105,3.214594,0.780638,0.371883,4.399384,1.252041,2.837613,2.147909,1.460825,2.462917,2.353566,2.077659,0.502029,5.63057,0.481096,-4.798556,-2.927589,-1.670644,-2.218313,-6.453969,-3.700807,-6.548643,-1.59232,-3.872506,-1.474009
14,0.023816,-0.490468,-0.556665,-1.051483,0.431605,-0.79289,2.053881,1.129989,-3.080849,1.54519,1.005557,-3.935679,-4.789407,0.573652,1.519197,-0.572409,-0.113851,-2.577217,-0.315507,-0.960593,4.228511,2.726058,-1.461575,3.852581,-4.384287,0.351694,-0.376616,0.89631,2.324008,1.68654,-1.23063,1.520015,1.455802,2.226611,1.174922,0.33476,0.801469,1.099601,0.88209,0.85016,-2.955611,1.154356,-2.106088,-1.89377,2.499222,0.43195,2.274488,1.123095,-0.227508,3.344295,2.212919,1.047554,1.367709,1.783675,1.246886,3.934496,-0.030085,-0.255673,-0.775817,-1.303389,-2.600708,-3.766219,-2.466718,-1.790518,2.125418,0.761186,1.039741,-0.788922,1.843854,0.729185,1.444821,2.128323,-1.755354,-4.843949,3.790483,-2.36023,0.494266,0.180093,-0.532841,1.653936,0.240686,-5.465216,-0.434384,-0.064064,-1.125971,1.912678,0.855429,-3.6887,0.776288,3.646385,-0.033065,-1.982983,0.382083,-1.477871,-0.962722,3.311106,2.6265,1.971856,0.394279,-0.19953,2.431262,-2.403506,0.049971,2.053719,-0.439604,-2.594577,2.773229,0.41424,1.889283,0.247733,-1.09399,-1.23127,4.869285,-3.051371,-0.258636,4.060802,0.763215,-3.069751,1.679775,1.123684,-0.899153,-0.745729,-0.808436,-5.435456,3.589562,-2.928683,0.51001,-2.945934,-0.384419,2.409472,3.068895,2.147408,3.527077,-2.494991,2.937028,-0.308818,4.846518,4.511922,-2.136648,4.808411,-0.241123,2.874633,0.704287,2.613542,-2.74129,2.591765,2.530706,2.043834,-3.257658,0.833051,2.656932,1.837102,-0.409612,0.207714,-4.703652,2.68754,4.322804,3.445111,2.51282,4.952214,3.001803,4.475296,1.677288,1.906689,-2.666799,2.503736,1.366849,3.614927,3.304966,-0.810574,6.090874,6.263373,1.674337,2.314142,2.877318,4.646832,4.073181,3.150805,3.135273,4.027497,0.642183,0.931359,3.720447,1.176107,2.795656,1.941537,1.137329,2.342363,2.217041,1.974621,0.689542,5.608817,1.225596,-5.724091,-3.560691,-2.021171,-1.753073,-5.624196,-3.473331,-5.92762,-2.965933,-3.020391,-1.476022
15,0.035061,-0.405328,-0.465426,-1.446437,0.602138,-0.756852,2.028368,1.143495,-3.102644,1.627445,0.823673,-3.67779,-4.476634,0.284786,1.629995,-1.01014,-0.742914,-2.268887,-0.501204,-0.871016,4.280813,2.729743,-2.009745,3.944244,-4.402287,0.297885,-1.068618,0.959287,2.087683,1.754077,-1.018087,1.393794,1.379678,1.845519,1.379937,0.32684,1.118561,1.470817,1.09045,0.661601,-3.030019,0.902529,-2.080397,-1.945765,2.508451,0.187827,2.570588,1.000314,-0.536763,3.461473,2.222081,0.884613,1.424055,1.799731,1.333765,3.781309,-0.293184,-0.287377,-0.334423,-1.500134,-2.59926,-4.473259,-2.50447,-1.787075,1.898422,0.783164,1.580149,-0.563108,1.937804,0.775994,1.478836,2.203775,-2.423577,-5.369827,3.751147,-2.342906,0.138097,0.267972,-0.369128,1.713401,0.16639,-5.618912,-0.393525,0.30026,-0.677554,2.108557,0.537924,-3.218914,0.953368,3.54135,0.226912,-1.656439,0.398394,-1.717737,-0.971795,3.561394,2.573596,2.07071,0.530018,-0.147661,2.556203,-2.264061,0.268733,2.209659,-0.16782,-2.661481,2.919678,0.052277,2.017365,0.216282,-0.605961,-1.609315,5.173841,-3.173679,-0.018661,4.082763,0.976429,-3.014055,1.717504,1.291928,-0.611184,-0.457707,-0.22953,-4.622055,3.267222,-3.201799,0.370014,-2.694802,-0.602442,2.238074,2.911901,2.336468,3.826953,-2.765419,2.8419,-0.343812,4.995262,4.203693,-1.937343,4.384036,-0.310126,2.919369,0.704224,2.850227,-2.862525,2.678892,2.238185,1.893926,-3.372597,0.816381,2.423056,1.854865,-0.035108,0.232899,-4.724469,2.620683,4.368561,3.409361,2.499608,5.122945,2.788474,4.418893,1.840544,2.037522,-2.533224,2.736051,1.142312,3.759609,3.191571,-0.735277,6.540942,6.168568,2.008002,2.478646,2.648518,4.653647,4.024364,3.110167,3.298597,3.977907,0.426952,1.044812,3.698046,1.587787,2.852099,2.2496,1.10578,2.883445,2.198066,1.967127,0.823238,5.871131,0.821325,-6.481228,-3.753399,-1.965031,-1.814956,-5.586121,-3.469909,-6.532581,-2.622787,-3.115761,-0.987722
16,0.016542,-0.758751,-1.132945,-0.949073,0.437239,-1.156383,1.443306,1.378879,-3.126941,1.508053,0.850689,-4.408022,-5.351563,0.158661,1.594837,-0.6857,0.759339,-2.807634,-0.101625,-0.9029,4.231285,2.548332,-1.194178,4.005356,-4.598001,0.32284,-1.129624,0.840266,2.424689,1.936569,-1.310341,1.727198,1.383565,2.077241,0.855321,-0.408153,0.837972,0.714872,0.747503,0.996464,-3.703465,1.01898,-2.201902,-2.384807,2.562722,0.523176,2.13852,1.108558,-0.146401,3.164384,2.222463,0.902539,1.26936,1.870985,1.077999,4.224792,-0.564521,-0.062161,-1.034882,-1.233419,-2.717954,-4.452375,-2.713103,-1.815364,2.247522,-0.038681,0.983999,-1.100572,1.549789,0.82263,1.656105,2.08727,-1.864614,-4.865136,3.834836,-2.723247,0.506153,-0.389627,-0.180951,1.646156,0.210441,-5.621789,-0.298367,0.29083,-1.122585,1.657026,1.114065,-4.318681,0.918499,3.558212,-0.256633,-2.42133,0.508147,-1.693197,-1.338597,3.183327,2.429353,1.780316,0.137266,-0.186347,2.365285,-2.776964,-0.038799,2.520076,-0.214379,-2.662651,2.715983,0.477764,1.927095,0.044612,-1.485562,-1.435508,4.762353,-3.523856,-0.399792,4.223031,0.674073,-3.350673,1.694191,1.228724,-0.620955,-1.453934,-0.923472,-5.717215,3.935226,-2.856202,0.203776,-3.51441,-0.15871,2.490345,3.224069,1.987531,4.048163,-2.411114,2.71738,-0.3175,4.671638,4.878758,-2.209413,4.952237,-0.356084,3.048765,0.561721,2.488192,-3.662457,2.20949,2.346938,1.719752,-3.481781,0.30219,2.715391,1.40123,-0.308247,-0.08983,-4.8206,2.770318,4.117978,3.868147,3.027656,4.726731,2.810056,4.517316,1.611263,1.830298,-2.649161,1.875358,1.298704,3.9318,3.355415,-1.006997,5.820989,6.710051,2.00918,1.930958,2.76021,4.949347,4.202604,2.937332,3.281083,3.937746,0.218042,0.700577,3.967867,1.750024,2.695816,1.234201,1.306572,2.171228,2.603664,1.759094,0.681522,5.62729,1.016986,-5.451723,-4.11604,-1.167724,-1.395674,-6.765603,-2.702929,-5.909415,-3.472446,-2.332531,-1.548446
17,0.010987,-0.41449,-0.902462,-1.042194,0.432283,-1.153964,1.575101,1.19719,-3.12745,2.212819,0.640703,-4.220722,-4.444452,0.165092,1.306566,-0.974872,0.275912,-2.199022,-0.88863,-0.72631,4.151455,2.590303,-0.746931,4.07032,-4.171863,0.007657,-1.261948,0.889577,2.616051,1.809001,-1.294428,1.48252,1.12349,2.00568,1.315761,-0.083755,0.701618,0.615616,0.581938,0.742536,-3.899591,0.927987,-2.143059,-2.303118,2.581946,0.390602,2.134647,0.957392,0.078801,3.369277,2.084592,0.888956,1.797399,1.794076,1.397059,4.136944,0.096665,-0.343969,-1.10125,-1.367473,-2.707007,-4.325633,-2.870636,-2.180788,2.119367,0.855112,0.82638,-0.303141,1.677781,0.800679,1.530795,2.35107,-1.295484,-4.91768,3.938373,-2.594302,0.026377,-0.076513,-0.030796,1.601298,-0.090695,-4.875205,0.041722,0.394351,-1.077988,1.655315,0.805155,-4.281422,0.384606,3.613855,-0.058462,-2.646252,-0.061268,-1.053265,-1.583197,3.431969,2.634874,1.743756,0.279942,0.141257,2.520453,-1.34031,0.190826,2.316869,-0.57613,-2.651063,2.870931,0.009489,1.766188,0.208801,-1.041708,-1.432956,4.825214,-3.173619,-0.239586,4.439509,0.926121,-3.081914,2.092315,1.246054,-0.780826,-1.123511,-0.758415,-4.549293,4.064348,-3.315178,0.299062,-2.598607,-0.06393,2.58881,3.029539,1.701828,3.978994,-2.37575,2.768034,-1.058343,4.411644,4.858789,-1.828712,4.704659,-0.395798,3.023791,0.822194,2.383625,-3.146023,2.531548,2.16749,2.03677,-3.841709,0.537264,2.681796,1.847155,-0.255211,0.163142,-4.871941,2.482134,3.836499,3.792229,2.481862,4.845704,2.941863,4.424496,1.564175,1.750129,-2.769942,2.185906,1.442725,4.144074,3.586286,-1.169432,5.502942,6.693422,1.976591,1.903697,2.909136,4.976077,4.087766,3.031212,2.953029,3.804885,0.029465,0.866745,3.971096,1.471906,2.919969,1.445209,0.93263,2.348094,2.17016,2.338857,0.193514,5.82142,1.075287,-5.482947,-3.669849,-2.217865,-1.518948,-6.719167,-2.690582,-5.51208,-3.525924,-2.992795,-1.390145
18,0.019527,-1.004451,-0.606567,-1.132275,0.275364,-0.955153,1.89012,1.285655,-3.176839,1.10791,0.643815,-4.683715,-5.755775,0.237569,1.342981,-0.482341,0.464225,-2.685014,-0.77338,-1.154921,4.372231,2.862911,-1.597361,3.908332,-4.208277,0.431332,-0.964862,1.130031,2.258158,2.138414,-1.908742,1.611547,1.291152,2.200475,1.183233,-0.026506,1.107927,0.562412,1.070524,0.958226,-3.768465,1.059209,-2.192963,-2.382094,2.521633,0.663225,2.421428,1.281573,-0.733171,3.479867,2.421995,1.159532,1.599332,1.752332,1.206921,3.95928,-0.332734,0.14664,-0.949908,-1.333829,-2.627732,-4.518122,-3.002744,-1.649292,2.102516,0.062867,1.38583,-1.305191,1.966581,1.011063,1.692587,2.222248,-1.51602,-4.312782,3.75535,-2.179109,0.032255,-0.557321,-0.240243,1.815339,0.287256,-5.840991,-0.433333,0.160047,-1.089348,1.800226,0.721619,-3.824226,0.686864,3.405799,0.012506,-2.407743,0.963052,-1.29691,-1.514378,3.27492,2.516576,2.221677,-0.020217,0.151781,2.498473,-2.936661,0.217063,2.537036,-0.096729,-2.690111,2.916892,0.34364,1.931273,0.533847,-1.426419,-2.027745,5.007572,-3.532485,-0.111005,4.033099,0.704425,-2.937194,1.60843,1.402263,-0.520841,-1.31268,-0.661684,-5.894433,3.670394,-2.764466,0.340919,-3.603132,-0.309456,2.284176,3.197248,2.320226,3.987412,-2.106684,2.901132,-0.670063,4.963985,4.276651,-1.745389,4.479692,-0.506311,2.812845,0.33773,3.018108,-3.293472,2.58127,2.577934,1.980707,-3.419583,0.575206,2.279207,1.508017,-0.227334,-0.098356,-4.789646,2.968171,4.458642,3.765303,2.733314,4.925163,2.798468,4.258762,1.630571,1.758011,-2.547622,2.340215,0.984439,3.638463,3.211288,-1.028368,6.453918,6.42543,1.96499,2.214925,2.859212,4.608453,4.219819,3.174025,3.645728,4.082194,0.405744,0.938357,3.873823,1.330496,2.889888,1.861155,1.417771,2.355977,2.66111,1.830818,0.869615,5.481569,0.860699,-5.572201,-4.305181,-1.92163,-2.004314,-5.652773,-3.577346,-6.174937,-3.131725,-2.647911,-0.738216
19,0.027101,-0.384805,-1.20091,-0.237611,0.544258,-0.781114,1.482412,0.912561,-3.089453,1.626212,0.779839,-4.924809,-4.806591,0.415124,1.547559,-0.102408,0.138956,-2.66414,-0.177335,-0.653925,4.172675,2.756113,-0.904961,4.264718,-4.636963,0.287595,-1.066422,1.087184,2.496423,1.695735,-0.983234,1.639503,1.021671,2.092106,0.794115,0.069188,0.836394,1.375199,0.823134,0.982566,-3.443459,1.196774,-2.136018,-1.629247,2.598366,0.366889,2.108575,0.926006,-0.343734,2.911878,2.09009,1.055968,1.527116,1.899641,1.140698,4.264287,-0.271449,0.212523,-1.03081,-1.29657,-2.660152,-4.197877,-2.697049,-1.488211,2.365816,-0.050247,0.824699,-1.28069,1.837918,0.91805,1.630128,2.149416,-2.169936,-5.212267,3.987153,-2.76774,0.412463,-0.002684,-0.280513,1.603219,-0.055824,-5.736216,-0.071455,-0.238488,-1.001433,1.941139,0.982273,-3.909312,0.761,3.713145,0.120533,-2.158598,0.340174,-1.614621,-1.178366,3.181465,2.163083,1.878738,0.378217,0.121846,2.46903,-2.245703,-0.220771,2.455439,-0.094393,-2.657054,2.878554,0.0029,1.99307,0.312305,-1.361524,-1.37055,4.603391,-3.446329,-0.506261,4.271408,0.684284,-3.388217,1.662222,1.015933,-0.543344,-1.242253,-1.131582,-4.993767,3.56951,-3.074155,0.568276,-2.810714,-0.35216,2.378942,3.012368,2.124051,3.829337,-2.530075,2.633082,0.054197,4.80094,4.963012,-2.219252,4.932927,-0.14295,3.173246,0.569317,2.507225,-3.234405,2.327151,2.337302,1.848137,-3.484324,0.421259,2.917383,1.759164,-0.624068,0.097884,-4.7953,2.800508,4.046371,3.666404,2.99649,4.909941,2.801723,4.618071,1.742448,1.908048,-2.669623,1.924695,1.57503,4.04918,3.077594,-0.724908,5.839004,6.800889,1.905236,2.121183,2.803837,5.147153,4.124122,3.078586,3.331496,4.1609,0.219902,0.873895,3.762126,1.818429,2.668847,1.167651,1.135288,2.304183,2.475694,2.059829,0.895916,5.777388,1.08604,-6.042367,-3.821977,-1.51886,-1.507715,-6.459916,-2.781337,-5.968266,-3.708558,-2.448141,-1.63685
20,0.038946,-0.451692,-0.566353,-1.038082,0.308397,-0.939049,1.782062,1.107655,-3.12557,1.692303,0.745277,-4.021536,-4.635557,0.112743,1.562203,-0.613723,-0.072792,-3.131273,-0.346629,-1.063511,4.067427,2.660224,-2.104683,3.854663,-4.84987,0.369186,-1.230762,0.95803,2.123019,2.012776,-1.335217,1.353175,1.349436,2.225681,1.380938,0.099416,1.167017,1.235809,0.771485,0.813236,-3.482655,0.860017,-2.138469,-1.96148,2.306847,0.419615,2.430161,0.981694,-0.114734,3.380426,2.389321,0.993025,1.201395,1.664038,1.198514,3.775783,-0.207405,-0.220988,-0.517081,-1.350795,-2.583647,-4.453823,-2.478013,-1.622138,1.742919,0.563293,1.469063,-0.233466,1.921015,0.888045,1.455815,2.162244,-2.122512,-5.069427,3.723016,-2.555495,0.262049,0.159016,-0.485104,1.581018,0.218431,-5.724076,-0.752009,0.209226,-0.586802,2.070647,0.712522,-3.384454,1.137151,3.624921,-0.279785,-1.736487,0.455819,-1.91296,-0.904629,3.139769,2.671466,2.092364,0.387894,-0.145307,2.360974,-2.51754,0.158814,2.134013,0.083854,-2.644752,2.676911,0.489823,1.767944,0.327092,-1.166476,-1.424535,5.076716,-3.504327,-0.055706,4.137815,0.902215,-3.429858,1.665435,1.355107,-0.54846,-0.542651,-0.414422,-5.477877,3.447359,-3.233303,0.151665,-3.540671,-0.531566,2.250769,3.151171,2.404203,3.591824,-2.564271,2.977472,-0.302225,4.958761,4.065458,-2.098735,4.545114,-0.239342,2.863162,0.754006,2.998929,-2.903918,2.548409,2.433179,1.747976,-3.479219,0.975663,2.438413,2.075608,0.044292,0.215726,-4.79873,2.638847,4.464319,3.47344,2.351188,5.111315,2.789373,4.528386,1.922368,1.873569,-2.418636,2.568007,1.163317,3.565612,3.300206,-0.964322,6.582799,5.933644,1.821624,2.406874,2.618776,4.215314,4.290305,3.042747,3.280792,4.062615,0.813211,1.10231,3.692958,1.60834,2.676684,2.407502,1.275829,2.483199,2.552577,1.907561,1.092,5.711227,0.944897,-6.231335,-3.381339,-1.752026,-2.370792,-5.08745,-3.992977,-6.348899,-2.226244,-3.301467,-1.55618
21,0.049671,-0.849579,-0.620061,-1.155016,0.227206,-1.24112,1.678466,1.315117,-3.078554,1.353335,0.923358,-4.460835,-5.168862,0.334228,1.319714,-0.673141,0.937114,-3.033794,-0.630578,-0.863998,4.031996,2.831312,-1.652636,3.861109,-4.612818,0.308317,-0.90887,0.769669,1.976565,2.345483,-1.907447,1.338049,1.235419,2.405105,1.440085,-0.072266,0.863253,0.664822,0.868602,0.836965,-3.733934,0.830545,-2.147277,-2.35727,2.4215,0.587436,2.119009,1.20516,0.227936,3.221355,2.521283,1.139573,1.297034,1.903905,1.44976,3.681252,0.028657,0.393015,-1.164505,-1.10978,-2.638758,-4.10449,-2.830492,-1.571093,2.037713,0.579415,1.449967,-0.760768,1.670009,1.132532,1.548628,2.286608,-1.577528,-4.342756,3.910312,-2.525368,0.265882,-0.378574,-0.568,1.680782,0.048811,-5.313772,-0.609332,0.212475,-0.505909,1.737621,1.140595,-3.51604,0.56977,3.531442,-0.363566,-2.297649,0.670354,-1.448406,-1.231996,3.057688,2.263864,1.710008,0.250283,0.044551,2.503574,-2.63891,-0.108939,2.0835,0.052074,-2.595609,2.439533,0.775207,1.729913,0.508113,-1.602793,-1.069498,4.766062,-3.461904,0.050965,4.066084,0.615465,-3.161134,1.424595,1.245285,-0.402853,-1.013806,-0.789788,-6.209285,3.543454,-2.78608,-0.036786,-3.543599,0.140786,1.986629,3.544785,2.256968,3.602556,-1.758554,2.493214,-0.435374,4.626781,4.336978,-2.134912,4.755005,0.052239,2.807853,0.359195,2.538102,-2.922065,2.534965,2.411043,1.959952,-3.113458,0.553413,2.223584,1.754602,-0.15455,0.296711,-4.687014,2.740927,4.546707,3.39516,2.256089,4.619719,2.936896,4.446505,1.559607,1.621381,-2.700136,2.23495,0.833477,3.610051,2.89185,-0.573245,5.858797,6.006238,1.59372,2.180737,2.956846,4.282713,4.526506,3.396101,3.385244,4.260709,0.440523,1.319172,3.42053,1.470335,2.872399,1.641484,1.325341,1.83558,2.869937,2.134106,0.85293,5.154066,1.221149,-5.440591,-3.89376,-1.652584,-2.604154,-5.361751,-3.443732,-4.892473,-3.399747,-2.721971,-1.573457
22,0.019423,-1.139834,-0.788408,-1.053356,0.491321,-1.013823,2.004688,1.117134,-3.075524,1.47707,0.559408,-4.265553,-5.27616,0.586983,1.407828,-0.603796,-0.053773,-3.001475,-0.428497,-1.070122,4.247104,2.757451,-1.394826,3.941342,-4.180489,0.330795,-0.956157,0.727364,2.259694,1.718155,-1.488833,1.534809,1.468131,2.35454,0.99924,0.161415,0.916978,1.150429,0.994009,0.930245,-3.053198,0.959672,-2.125171,-1.503321,2.41287,0.352838,2.098642,1.066664,-0.496475,3.297873,2.179458,1.139976,1.492531,1.885743,0.964959,4.074002,-0.198907,-0.010493,-0.947367,-1.1686,-2.630534,-4.3496,-2.445517,-1.55566,2.18873,0.165367,1.158649,-1.181722,1.947066,0.876378,1.493569,2.25838,-1.942111,-4.852394,3.615703,-2.232132,0.307418,-0.067083,-0.512206,1.41296,0.581659,-6.027638,-0.556395,0.045014,-0.939193,1.881037,0.76529,-3.90495,0.44172,3.692213,0.074776,-1.992058,0.625379,-1.514238,-1.47076,3.243907,2.358817,1.944217,0.333968,-0.055715,2.37788,-2.504503,0.116436,2.414561,-0.062815,-2.619296,2.789504,0.71974,1.992856,0.312793,-1.884824,-1.245847,4.97337,-3.473937,-0.340971,3.894223,0.769674,-3.018466,1.588778,1.347818,-0.565369,-1.1864,-0.715516,-5.513691,3.379636,-2.811675,0.506294,-3.348898,-0.443292,2.278678,2.946049,2.215681,3.895141,-2.356592,2.789117,0.016604,4.880113,4.679662,-1.966661,4.763663,-0.208979,2.969909,0.319609,2.788605,-3.099981,2.580068,2.303573,2.020349,-3.184646,0.685223,2.712391,1.434554,-0.220861,0.230604,-4.734023,2.789108,4.24919,3.733266,2.92951,4.938942,2.745457,4.377418,1.602848,1.948221,-2.428665,2.445209,1.136795,3.814865,3.316098,-0.668965,6.28437,6.471315,2.235292,2.095903,2.863856,4.831212,4.097703,2.860872,3.330288,3.837208,0.419756,0.683766,3.793519,1.698634,2.760463,1.846253,1.514094,2.470623,2.406682,1.769353,0.925991,5.82881,0.93492,-6.065268,-4.066733,-1.362299,-1.575726,-6.278914,-2.826454,-6.482419,-2.83837,-2.949794,-1.563914
23,0.021416,-0.866022,-0.407846,-1.171686,0.513406,-0.931187,2.100157,1.294745,-3.081925,1.869594,0.639582,-4.009657,-5.075855,0.61539,1.326642,-0.803784,0.466386,-2.231655,-1.204707,-0.890229,4.234169,2.932178,-0.867061,3.648978,-3.642379,0.256196,-0.756356,1.28352,2.512018,1.690365,-2.056853,1.530022,1.5152,2.029873,1.576192,0.275078,1.182853,0.439746,0.775969,1.020162,-3.548844,1.138494,-2.160054,-2.513651,2.679921,0.462303,2.646497,1.293898,0.045108,3.722892,2.23155,1.058873,1.536915,1.86221,1.1911,3.832246,0.012345,-0.086604,-1.094376,-0.994389,-2.613714,-4.132817,-2.882459,-1.994861,2.150394,0.756913,1.646479,-0.272481,1.952119,0.621782,1.345654,2.12093,-0.890693,-4.648288,3.619793,-1.937346,0.340909,0.035087,0.294366,1.847306,0.7338,-5.248746,-0.165253,0.190356,-1.08566,1.77712,0.537458,-3.857874,0.667992,3.770173,-0.018941,-2.464559,0.962368,-0.991392,-1.43462,3.581567,2.852178,1.83833,0.173144,0.216021,2.385524,-2.178223,0.362592,2.231569,-0.299889,-2.622257,2.95817,0.589272,1.973198,0.362106,-1.240494,-1.216011,5.06735,-2.910398,-0.032191,3.873686,0.63421,-2.49185,2.024921,1.467198,-0.769469,-0.68434,-0.664979,-5.539998,3.799142,-3.253183,0.320849,-2.819016,-0.227575,1.971993,2.849305,2.19871,4.38945,-1.922919,2.843515,-1.190413,4.464114,4.514384,-1.649483,4.467721,-0.882214,2.861846,0.416292,2.89971,-3.501533,3.259737,2.347524,2.379768,-3.461066,0.32737,2.117388,0.848885,0.066399,-0.213661,-4.673153,2.606481,4.212107,3.862258,2.630427,4.716106,3.018,3.76317,1.282974,1.887677,-2.611076,2.680952,0.559266,3.785663,3.457776,-0.832638,6.061186,6.496549,1.927152,2.182782,3.466781,5.28985,4.048271,3.383368,3.30185,4.024858,0.160374,0.962047,4.065399,1.198309,3.445456,1.764651,1.373307,2.358715,2.191238,2.289426,0.349454,5.534412,1.192026,-5.455706,-4.672457,-2.621273,-2.0954,-6.294712,-2.303371,-5.664779,-3.316432,-3.00791,-0.218622
24,0.005073,-0.635049,-0.839144,-1.205881,0.490031,-0.966524,1.957913,1.001627,-3.135752,1.574624,0.64046,-4.354795,-5.204243,0.497848,1.235252,-0.564452,0.31265,-2.631672,-0.914667,-0.542595,4.181166,2.765479,-1.048775,3.93633,-3.787888,0.04253,-0.99015,0.924189,2.221466,1.908745,-1.258675,1.76098,1.434677,1.862439,1.073593,-0.11136,0.941884,1.247871,0.863345,1.296669,-3.123915,1.20592,-2.142309,-1.902951,2.771337,0.240711,2.467691,0.917351,-0.113775,3.342227,2.455477,0.841657,1.792897,1.735407,1.322213,3.84782,0.067645,0.363458,-1.106484,-1.181706,-2.644981,-4.624275,-3.105276,-1.996826,2.1728,0.201253,1.442459,-0.91625,1.729679,0.791955,1.45184,2.119853,-1.561496,-4.385492,3.901622,-2.581595,0.177331,-0.643461,0.175889,1.766485,0.147174,-5.528917,0.050778,0.22564,-0.879363,1.747016,0.900534,-3.652191,0.64192,3.580899,0.506271,-2.487005,0.524051,-0.94083,-1.379584,3.166111,2.213881,1.773116,0.237942,0.306779,2.586123,-2.411036,0.050677,2.187193,0.00927,-2.657275,2.572362,0.239886,1.834431,0.349909,-1.206486,-1.334002,4.73641,-3.376087,-0.186201,4.105892,0.637882,-2.709202,1.886307,1.287239,-0.548353,-1.1901,-0.916928,-4.908839,3.615458,-3.001408,0.099565,-2.953507,0.057805,2.371502,3.598334,1.588714,3.834544,-1.464694,2.780837,-0.787885,4.37164,4.741815,-1.502424,4.741472,-0.117368,2.866643,0.628731,2.537959,-3.608469,2.742291,2.22199,2.098056,-3.474072,0.682805,2.334777,1.223615,-0.297884,0.08078,-4.898072,2.612476,4.172508,3.773854,2.345453,4.283125,3.006311,4.237734,1.141658,1.577142,-2.530585,2.209466,1.043809,4.150534,3.285403,-0.625556,5.547321,6.623019,2.102339,1.844874,3.172388,4.972427,4.413463,3.164328,3.057673,3.967358,0.201131,0.846947,3.932122,1.615263,3.00764,1.476351,1.368318,2.085784,2.848006,2.243283,0.404023,5.401998,1.007665,-5.20841,-4.129138,-1.68,-1.8897,-6.586227,-2.537642,-4.928578,-3.338061,-3.445047,-1.722679
25,0.019114,-1.087763,-0.907284,-1.08906,0.499908,-0.862387,1.775497,1.161821,-3.187328,1.563717,0.614871,-4.47827,-5.146004,0.437235,1.382016,-0.497293,0.459046,-2.981853,-0.625966,-1.070091,4.391769,2.721986,-1.512983,4.143067,-4.373257,0.252279,-1.312354,1.068225,2.541618,1.92213,-1.44543,1.832801,1.330557,2.17141,1.017048,0.1173,0.975764,0.953804,0.747874,1.073535,-3.455825,0.846449,-2.174219,-1.973982,2.643665,0.367255,2.185128,1.095854,-0.715245,3.296352,2.184477,1.028182,1.809882,1.717883,1.027806,4.124086,-0.50762,-0.120057,-0.944482,-1.363152,-2.649786,-4.408262,-2.516468,-1.885117,2.163799,0.259133,0.902453,-1.089893,1.940728,0.800292,1.642977,2.352624,-1.485982,-4.768038,3.771701,-2.33094,0.104727,-0.435694,-0.188186,1.598716,0.152037,-5.911688,-0.326244,0.152852,-1.057937,1.891979,0.651044,-4.32146,0.770377,3.423815,0.054572,-2.353683,0.483006,-1.182859,-1.590599,3.263091,2.523736,2.04855,0.422862,-0.128866,2.417614,-2.653152,0.291872,2.644248,-0.265314,-2.740953,2.89442,0.294618,1.886364,0.271843,-1.759681,-1.418523,5.007342,-3.578797,-0.39015,4.137194,0.7584,-2.888938,1.761439,1.393008,-0.514172,-1.189018,-0.530243,-5.926984,3.713761,-2.46274,0.323612,-3.599598,-0.288838,2.21813,2.971301,2.359679,4.281116,-2.139066,2.402237,-0.852024,4.776691,4.825041,-1.7617,4.844029,-0.624145,2.887275,0.168188,2.656091,-3.443636,2.209363,2.320456,1.613166,-3.481031,0.533166,2.408479,1.521811,-0.343153,0.542755,-4.915483,2.720198,4.239234,4.164963,2.958721,5.124571,2.526918,4.224874,1.720436,1.584832,-2.604995,2.029002,1.116529,3.864115,3.256078,-1.167454,6.176565,6.7962,2.452366,2.065655,3.025656,4.992328,4.328867,3.140158,3.369736,4.138094,0.315546,0.871303,3.8501,1.457616,2.812386,1.541035,1.367086,2.20994,2.576437,1.84895,0.578341,5.593769,0.636149,-5.462062,-3.920003,-1.336113,-2.276415,-6.583029,-2.811987,-5.875232,-3.497964,-2.046829,-1.532382
26,0.011674,-0.37371,-0.5956,-0.840223,0.520542,-0.942171,1.723958,1.178411,-3.12522,1.623623,0.744291,-4.189065,-5.06802,0.21157,1.393497,-0.570157,-0.222966,-3.214188,-0.628528,-0.732547,3.959034,2.768014,-1.474262,3.802099,-4.609457,0.23955,-1.064991,1.124513,2.031497,2.054614,-1.518837,1.243295,1.317412,2.041688,0.991385,0.283046,1.264133,1.151174,1.083432,0.880512,-3.27622,0.968332,-2.155626,-2.180955,2.355408,0.336063,2.500773,1.202065,0.23993,3.358404,2.437118,0.886208,1.316545,1.670581,1.505871,3.746175,-0.255367,0.170131,-0.959371,-1.162949,-2.576617,-4.4269,-2.767834,-1.714385,2.004227,0.07411,1.490425,-0.72914,1.740643,0.828678,1.555898,2.223073,-1.845441,-4.722125,3.663116,-2.582524,0.176839,0.063727,-0.4281,1.852353,0.332601,-5.740612,-0.598726,0.303507,-0.60633,1.877454,0.755036,-3.332767,1.087357,3.642482,-0.211955,-1.913764,0.753674,-1.536476,-1.183844,3.059397,2.433764,2.057199,0.283221,0.113156,2.371489,-2.585012,0.122068,2.159605,0.392083,-2.615969,2.560768,0.280941,1.927642,0.667733,-1.029505,-1.647204,4.966525,-3.570939,0.019089,4.030467,0.832001,-3.278675,1.686134,1.213349,-0.68866,-0.518372,-0.562066,-5.473501,3.273153,-3.074626,0.182778,-3.54373,-0.416462,2.060731,3.213973,2.268198,3.659972,-1.991714,2.623773,-0.666472,4.640146,4.36354,-2.134344,4.705599,-0.201102,3.241034,0.681695,2.649742,-3.294193,2.672093,2.37747,1.796233,-3.408499,0.377595,2.511557,1.509028,-0.118098,0.064995,-4.679801,2.587237,4.180538,3.262587,2.549422,4.969356,2.979753,4.431697,1.546037,1.950344,-2.652501,2.310448,1.038712,3.752391,3.010267,-0.391692,6.100067,6.086002,1.738594,2.310808,2.996682,4.710627,3.932953,3.476909,3.283786,4.384861,0.412881,1.242059,3.552467,1.692333,3.033853,1.715244,1.174015,2.198013,2.532676,2.241385,0.916666,5.435649,1.38189,-6.155428,-3.898361,-2.093393,-1.854714,-5.477338,-2.857552,-5.500103,-3.232195,-2.603277,-1.376663
27,0.020125,-0.701485,-0.539553,-1.100127,0.160088,-0.814664,1.900941,1.24666,-3.095012,1.079134,0.817869,-4.348005,-5.290418,0.363225,1.598741,-0.375677,0.112053,-2.861861,-0.749453,-1.23536,4.177929,2.812562,-1.481728,3.782271,-4.401652,0.097971,-0.783366,0.845467,2.049158,2.075754,-1.667272,1.364849,1.44954,2.397754,1.004767,0.495089,0.931093,1.337195,1.051534,0.830184,-3.690374,0.956119,-2.202941,-1.660554,2.151109,0.364415,2.120139,1.349179,-0.16411,3.247485,2.666332,0.929492,1.141084,1.928162,1.180997,3.71861,-0.131485,0.068652,-0.742832,-1.316602,-2.562085,-3.903308,-2.640855,-1.806455,1.898497,0.507258,1.373638,-1.169869,1.738481,0.819161,1.404121,2.103002,-1.561637,-4.336731,3.768514,-2.360101,-0.041516,-0.731382,-0.336929,1.804633,0.051206,-5.679234,-0.630143,0.036367,-0.936077,2.077845,0.88018,-3.619521,0.873641,3.512078,-0.178453,-1.803216,0.714817,-1.381569,-1.015778,3.08702,2.305988,2.073359,0.417781,-0.363031,2.148913,-2.871112,-0.002089,1.805437,-0.285545,-2.648429,2.582779,0.385004,1.975427,0.417487,-1.412287,-1.477414,4.934965,-3.230702,-0.177098,3.915435,0.712748,-3.120894,1.329406,1.083612,-0.724606,-1.252008,-0.729294,-6.28891,3.499627,-2.292797,0.196453,-3.24926,-0.645201,2.288833,3.215332,2.129238,3.720076,-2.48388,2.977567,-0.277473,5.025725,4.235842,-2.050823,4.430975,-0.204412,2.950743,0.58788,3.029542,-3.082113,2.560259,2.530527,1.968905,-3.165802,0.760316,2.560116,1.631672,-0.182159,0.197069,-4.467,2.773187,4.304377,3.288693,2.447563,4.884515,2.964832,4.417193,1.66671,2.048489,-2.682439,2.375988,1.141707,3.618652,3.171843,-0.53913,6.208596,6.209315,1.493554,2.373244,2.700821,4.41495,4.10411,2.853274,3.415492,3.895274,0.576081,0.638188,3.647067,1.304899,2.73827,1.871285,1.326948,2.306379,2.60411,1.740788,1.041617,5.604783,1.209678,-5.821268,-3.63058,-1.454549,-1.675057,-5.57143,-3.775023,-6.319973,-2.723675,-3.122556,-1.406464
28,0.013971,-0.978003,-0.68867,-1.232502,0.247149,-0.974838,1.823184,1.175958,-3.115583,1.472517,0.642953,-4.011741,-5.081656,0.467028,1.407069,-0.772143,0.519838,-3.028428,-0.481507,-0.959066,4.279271,2.825952,-1.831433,3.812624,-4.773662,0.271685,-1.164639,1.003609,2.155749,2.076909,-1.871467,1.579607,1.267563,2.280867,1.352313,-0.025572,0.948087,0.637429,0.586,0.860506,-3.614285,0.863927,-2.170618,-1.911905,2.412929,0.471064,2.2083,1.068221,-0.023849,3.401188,2.313423,1.133239,1.259359,1.876257,1.135804,3.971076,-0.133966,0.109794,-0.921531,-1.339096,-2.654722,-4.167793,-2.679637,-1.686501,2.103113,0.299473,1.457015,-0.698375,1.775962,0.879187,1.378208,2.293789,-2.042086,-4.93871,3.852724,-2.26825,0.189715,-0.161274,-0.337636,1.861202,0.153254,-5.808109,-0.422048,0.05357,-0.867892,1.916793,0.783934,-3.508483,0.747333,3.674306,-0.235468,-2.046917,0.42663,-1.877741,-1.321439,3.087902,2.358452,2.074413,0.365136,-0.106913,2.365562,-2.68571,-0.016447,2.140054,-0.219447,-2.63874,2.761893,0.854764,1.834916,0.391798,-1.693723,-1.090441,4.998305,-3.453328,-0.141438,4.121486,0.600076,-2.977334,1.561206,1.169052,-0.606917,-0.968054,-0.732238,-6.259683,3.726048,-2.841535,0.244767,-3.719725,-0.212686,2.293068,3.392906,1.806382,3.996887,-2.296546,2.773871,-0.200491,4.627898,4.936783,-2.062266,4.954354,-0.258811,2.942811,0.434266,2.44245,-3.577122,2.585959,2.163015,1.733262,-3.447027,0.512541,2.637248,1.157205,-0.113164,0.305155,-4.785725,2.836547,4.26462,3.903302,2.831814,4.727195,2.947919,4.581423,1.260857,1.969068,-2.44228,2.233189,1.090355,3.873039,3.416258,-0.60135,5.906228,6.623364,2.059853,1.924208,2.843322,5.010945,4.345319,3.007546,3.087094,4.005684,0.260636,0.836026,3.910462,1.708784,2.735454,1.616884,1.427426,2.294224,2.675858,1.917446,0.446137,5.564535,1.028057,-5.593765,-4.28484,-1.312957,-1.461935,-6.976317,-2.581154,-5.676021,-3.248464,-2.671768,-1.855149
29,0.030835,-0.321961,-1.15886,-0.847062,0.404151,-1.48716,1.757509,1.460348,-3.101159,1.649567,0.777863,-4.360809,-5.517826,0.475012,1.017763,-1.004005,0.91558,-2.828507,-1.093865,-0.680791,4.228728,2.719457,-0.941062,3.974504,-4.048781,-0.191385,-1.121142,0.675868,2.261328,2.212011,-1.825302,1.667321,1.503234,1.862166,0.922113,-0.214599,0.960088,0.550921,0.86318,1.067208,-3.819869,1.049517,-2.149404,-2.537167,2.870544,0.075947,2.35871,1.036997,0.426881,3.383759,2.406311,0.500504,1.177817,1.783887,1.566244,3.88806,-0.108039,0.374364,-1.573161,-0.844287,-2.701478,-4.801113,-3.283539,-2.187537,2.295351,-0.006264,1.385872,-0.86989,1.662754,0.790562,1.573015,1.937263,-1.543606,-4.496463,3.87769,-2.477831,0.592466,-0.784828,-0.039438,1.805709,0.197879,-5.529295,-0.043236,0.206842,-0.808736,1.316478,1.239437,-3.9978,0.718464,3.628175,-0.242756,-2.607779,0.605775,-1.527517,-1.467834,2.996426,2.357412,1.409264,-0.07854,0.269879,2.580009,-2.300563,-0.105817,1.932165,-0.059015,-2.632875,2.42378,0.177953,1.90691,0.543198,-1.0705,-1.402689,4.71079,-3.365387,-0.338727,4.260139,0.599566,-2.981817,1.807248,1.227322,-0.511202,-1.646737,-1.338424,-4.980692,3.878541,-3.187953,-0.290843,-3.520224,0.217134,2.113871,4.053205,1.858283,3.923765,-1.31822,2.411361,-1.132278,4.138813,4.944477,-2.231128,5.25734,-0.055582,2.965755,0.739629,1.936903,-3.824903,2.726592,2.354032,1.808559,-3.339429,-0.219681,2.234224,1.009883,-0.41953,-0.100978,-4.86806,2.558706,4.055806,3.61837,2.377707,4.17825,3.298196,4.282519,1.042338,1.580659,-2.749583,1.839132,0.857827,4.208754,2.804921,-0.297299,5.090267,6.414413,1.675667,1.979713,3.551409,5.125627,4.478806,3.854882,3.091719,4.654687,-0.074602,1.353711,3.64768,1.406125,3.323394,0.799641,1.17161,1.610724,3.069319,2.559667,0.335821,4.883357,1.74448,-4.882134,-4.718081,-2.02555,-2.274448,-6.351284,-1.768729,-3.507213,-4.509804,-2.722331,-1.688529
30,0.015133,-0.87839,-0.779299,-0.907431,0.402785,-1.124083,1.856429,1.446883,-3.104404,2.057584,0.66746,-4.290643,-4.716674,0.608699,1.252623,-0.993075,0.825437,-1.838176,-0.975378,-1.023725,4.500094,2.834445,-1.142211,3.953003,-3.901826,-0.020328,-1.545753,1.244811,3.000408,1.826928,-1.794001,1.882104,1.408529,1.685985,1.241953,0.033479,0.82784,0.379907,0.384276,0.662439,-3.988268,0.901066,-2.066322,-2.098409,2.666118,0.311333,2.290366,1.049673,-0.379854,3.628059,1.835036,0.926338,1.70096,1.812353,1.010364,4.232634,-0.353495,-0.451903,-1.01507,-1.195629,-2.653947,-4.335134,-2.712379,-2.373636,2.286523,0.467121,1.386908,-0.040959,1.913092,0.522433,1.529099,2.213219,-1.527762,-5.086958,3.656417,-2.066821,0.109076,0.076572,0.274803,1.842838,0.351188,-4.710181,0.508363,0.12723,-1.19214,1.666783,0.672377,-4.45401,0.588822,3.586504,0.195575,-2.474867,0.414821,-0.998791,-1.617797,3.416497,2.605355,1.78402,0.337404,-0.114955,2.310361,-2.061461,0.321262,2.386495,-0.447792,-2.666791,2.996682,0.256078,2.06425,0.070573,-1.514704,-0.970622,5.081839,-3.109897,-0.692855,4.062719,0.795972,-2.690993,2.042619,1.505974,-0.679929,-0.854266,-0.582903,-5.446482,4.182633,-2.965446,0.452353,-2.558914,-0.323281,2.332797,2.939967,2.071536,4.426791,-2.397329,2.742727,-1.199506,4.369267,5.105881,-1.614047,4.902109,-0.933513,2.973114,0.521196,2.463416,-3.765046,2.802863,2.198892,2.025528,-3.748636,0.096046,2.201388,1.173511,-0.288865,0.118445,-4.853085,2.572569,3.724319,4.192519,2.935086,4.903169,2.962394,3.88921,1.310354,1.917542,-2.647297,2.438743,1.234593,4.094107,3.441976,-1.284464,5.691778,7.049782,2.434454,2.058684,3.31584,5.413798,4.211541,3.224092,3.046879,4.038377,0.070259,0.727114,4.191047,1.143589,3.16366,1.362649,1.242317,2.171086,2.235453,2.106854,0.069846,5.693309,1.175225,-5.366838,-4.17369,-2.060072,-1.654416,-7.061101,-1.993045,-5.78939,-3.760535,-2.69272,-1.209622
31,0.013435,-0.794806,-1.080221,-0.678379,0.477556,-1.137399,1.347012,1.34298,-3.206756,2.326384,0.50699,-5.365555,-4.895123,-0.018936,1.173517,-0.670297,0.558389,-2.300128,-0.929064,-0.875872,4.396929,2.835565,-0.945118,4.063302,-4.590365,0.214733,-1.788353,1.189193,2.751925,1.992908,-1.618636,1.586125,0.993541,2.058228,0.927902,-0.538084,0.998031,0.340229,0.645426,1.053155,-3.81397,0.82938,-2.211146,-2.14703,2.82729,0.228568,2.351325,0.66896,-0.353347,3.293458,2.161523,0.999111,1.871231,1.855097,1.189665,4.260979,-0.343353,-0.090852,-1.101839,-0.944392,-2.743923,-5.010425,-3.237668,-2.073529,2.353189,0.126436,1.558264,-0.435539,1.822183,0.688505,1.611677,2.254755,-1.492766,-4.966322,3.841905,-2.246912,-0.0421,-0.39123,0.04982,1.763243,-0.112568,-5.333331,0.44915,-0.004963,-1.078401,1.572335,0.930678,-4.754341,0.294291,3.720971,0.183503,-2.538818,0.370729,-1.077508,-1.798332,3.213594,2.302706,1.900015,-0.067596,0.565834,2.553864,-1.889849,0.00761,2.621418,-0.014454,-2.687977,2.843798,0.379903,2.147751,0.178836,-1.714235,-1.457683,5.008018,-3.785172,-0.751166,4.270524,0.748335,-2.85125,1.991812,1.556008,-0.683024,-1.230986,-1.050897,-5.204659,4.027263,-3.325733,0.558429,-3.212155,-0.14544,2.215615,3.135519,1.918555,4.412656,-1.938882,2.771479,-0.900597,4.448023,5.166804,-1.716376,4.686517,-0.492867,3.151441,0.736946,2.49393,-3.833459,2.779557,2.228685,1.99442,-3.670696,-0.100605,2.594498,1.231921,-0.301033,-0.241734,-4.816031,2.761171,3.769793,3.940307,3.113884,4.635664,3.156288,3.992975,1.479254,1.950556,-2.364406,2.052629,1.57207,4.39432,3.384937,-1.293555,5.470287,7.070218,1.969442,2.044981,3.109774,5.585267,3.948985,3.336468,3.418264,4.127744,-0.301746,0.945531,4.244552,1.56767,3.250511,1.343749,0.975542,2.375302,2.505326,2.344377,0.423783,5.723679,1.18066,-5.619753,-4.585119,-2.007159,-1.151118,-7.239202,-1.95515,-5.622752,-4.150065,-2.71682,-0.84497
32,0.01278,-1.195235,-0.650332,-1.114391,0.208656,-1.228518,2.024751,1.362214,-3.171718,1.545059,0.566521,-4.451359,-5.849858,0.47455,1.304056,-0.677954,0.884076,-2.627519,-0.894661,-1.371769,4.455213,2.985137,-1.742773,3.724104,-3.673751,0.424251,-1.490539,1.206784,2.460303,2.218611,-2.165879,1.71455,1.669626,1.758985,1.303334,-0.226346,1.452337,0.305209,0.812929,1.120365,-3.884262,0.91926,-2.172687,-2.722356,2.702318,0.500917,2.5615,1.402852,-0.67979,3.736978,2.42869,0.743649,1.620373,1.716193,0.923958,3.833943,-0.453937,0.03518,-1.135596,-0.915359,-2.671587,-4.873735,-2.981386,-1.841878,1.945801,0.125228,1.954168,-0.660962,2.026177,0.731043,1.470523,2.132534,-1.508432,-4.661962,3.516632,-1.693096,0.278536,-0.617638,0.432472,2.051178,0.823823,-5.829417,-0.219069,0.049277,-0.798717,1.727029,0.815773,-3.857383,0.897966,3.549376,0.016115,-2.589034,1.104856,-1.192697,-1.538378,3.182646,2.581346,2.049333,0.035589,-0.001759,2.315129,-2.892761,0.216188,2.511901,0.009982,-2.741513,2.88349,0.328689,1.921794,0.296048,-1.503396,-1.436019,5.283408,-3.482252,-0.072518,3.730489,0.6485,-2.41873,1.86622,1.780459,-0.194084,-1.39246,-0.587423,-6.177619,3.878777,-2.505368,-0.064479,-3.785246,-0.407174,2.344619,3.676088,2.040333,4.246909,-1.604339,3.292704,-0.904635,4.744836,4.421772,-1.510033,4.632325,-0.778667,2.722823,0.418999,3.096683,-4.012943,3.065005,2.702412,2.109061,-3.412135,0.298918,1.941731,0.696917,-0.039998,-0.363863,-4.837511,3.061815,4.28913,4.027593,2.784008,4.429999,3.149481,3.807641,1.125471,2.057,-2.386271,2.464187,0.636988,3.824716,3.458722,-1.138786,6.247631,6.422371,1.905691,2.167567,3.14261,4.741914,4.327455,3.11375,3.507152,4.005497,0.343656,0.624988,4.203417,1.217442,3.213948,1.940884,1.652508,2.385336,3.029291,1.66888,0.634021,5.323239,1.111945,-4.885614,-5.137924,-2.033077,-1.691093,-6.169498,-3.105658,-5.867055,-3.18104,-3.498958,-0.581202
33,0.034815,-0.483145,-0.679246,-1.251653,0.548493,-1.118303,1.954851,1.478221,-3.144434,1.774877,0.499777,-4.47005,-5.801847,0.44077,1.336246,-0.615557,0.308633,-2.761964,-0.802461,-0.914104,4.189956,2.756895,-1.373656,3.862775,-4.45307,0.117338,-0.565583,1.277192,2.308882,1.91343,-1.670163,1.638223,1.395074,1.897084,1.046854,0.108697,1.282261,0.883662,0.804979,1.287221,-3.381125,1.104916,-2.167306,-2.173805,2.70083,0.207098,2.469097,1.18136,-0.007727,3.556981,2.442549,0.711045,1.40159,1.853619,1.291824,3.915931,-0.194998,0.264704,-1.149814,-1.15933,-2.689345,-4.978744,-3.466444,-2.137919,2.141904,-0.137358,1.68354,-0.919327,1.620121,0.709163,1.325229,2.103211,-1.887299,-5.462881,3.791745,-2.015321,0.300221,-0.195176,0.187139,2.170217,0.609139,-6.383591,-0.047575,0.254524,-0.951419,1.895657,0.828427,-3.828261,1.103483,3.648566,-0.012086,-2.272486,0.999633,-1.725749,-1.310555,3.287774,2.294713,1.95573,-0.126048,0.330452,2.4137,-2.60264,-0.148636,2.191641,-0.013468,-2.715165,2.755128,0.219089,2.02876,0.453818,-1.345992,-1.503187,5.115293,-3.401197,-0.171766,3.969899,0.601106,-2.92025,1.8025,1.292686,-0.889076,-1.400976,-1.153716,-5.670875,3.781116,-2.842399,0.398669,-3.619786,-0.012356,2.28082,3.654856,2.0124,4.116211,-2.026558,2.853636,-0.699848,4.725871,4.735717,-2.199705,4.792487,-0.302485,2.901549,0.521769,2.785552,-3.810177,2.947001,2.377254,1.726098,-3.401334,0.230675,2.390541,0.890822,-0.107237,0.063361,-4.813388,2.898226,4.449578,3.648664,2.709814,4.556093,2.992902,4.3102,1.311365,1.898319,-2.668585,2.29312,0.791705,3.992919,3.162541,-0.409718,6.086986,6.46025,1.637181,2.158357,3.135686,4.966033,4.324946,3.3112,3.336982,4.121532,0.184681,0.841292,3.796938,1.580469,3.134304,1.547341,1.436905,2.32406,2.731848,1.958593,0.636962,5.523348,1.233797,-5.331481,-4.636298,-1.649665,-1.907169,-6.358158,-2.766096,-5.397878,-3.441241,-2.805033,-1.261025
34,0.007247,-1.245103,-0.644886,-1.02221,0.677367,-0.424109,1.361412,1.187224,-3.091101,1.229163,0.761429,-4.530843,-4.847201,0.099495,1.921579,-0.254992,0.286491,-2.375002,-0.233952,-0.80279,4.277351,2.738973,-0.686349,4.102618,-4.244713,0.628935,-1.096171,1.173493,2.552202,1.292136,-1.507874,1.39449,0.987218,2.500975,1.366886,0.118936,0.632431,0.987631,0.695587,0.600485,-3.508794,1.086519,-2.195457,-2.024503,2.264732,0.872545,2.242049,1.303936,-0.636254,3.097146,2.057825,1.646405,1.722106,2.07101,1.028257,4.397102,-0.258738,-0.424406,-0.640271,-1.407904,-2.577988,-4.007374,-2.378545,-1.432731,2.342869,0.580407,0.698558,-1.134411,1.69894,1.067023,1.7851,2.419299,-1.579073,-4.416309,3.836162,-2.828778,-0.032258,-0.06867,-0.367679,1.359717,-0.180819,-5.049056,-0.413382,0.334713,-1.452377,2.163132,0.431378,-4.098459,0.531003,3.485209,-0.065177,-2.447525,0.308111,-0.966526,-1.849508,3.573052,2.688383,2.003572,0.557811,-0.474388,2.279879,-2.561443,0.369697,2.893795,-0.474133,-2.623147,3.170634,0.702868,2.031914,-0.031465,-1.490219,-1.52768,4.849821,-3.558474,-0.065681,4.213597,0.862714,-3.521466,1.673039,0.915669,-0.851953,-0.72059,-0.168728,-5.741233,3.708807,-3.102387,0.737218,-2.854725,-0.832,2.539951,2.444958,1.993063,4.202639,-3.048079,2.616384,-0.288612,5.331726,4.609544,-1.816017,4.353206,-0.577026,3.067694,0.489556,2.797181,-2.919271,1.992949,1.989702,2.107362,-3.575065,1.271401,3.261507,2.088459,-0.205896,0.281015,-4.84898,2.879801,4.461968,3.79514,3.3176,5.437962,2.53249,4.984148,1.983019,1.582837,-2.755518,2.064018,1.615985,3.753796,3.692456,-1.246627,6.32762,6.900255,2.333266,2.02986,2.300623,4.84288,4.036796,2.583034,3.411048,3.579571,0.19708,0.715613,4.050825,1.916119,2.216241,1.852318,1.121113,2.548018,2.08276,1.7727,0.699698,6.320968,0.21751,-6.47222,-3.124291,-1.098024,-1.089461,-7.156879,-3.613804,-7.04973,-2.430601,-2.368721,-1.539055
35,0.044907,-0.79709,-0.611998,-1.132726,0.506986,-0.350447,1.555522,1.346548,-3.081655,1.55832,0.728789,-4.008816,-4.770951,0.139697,1.851648,-0.37354,0.120443,-2.405156,-0.318439,-0.681516,4.165483,2.553612,-1.009453,4.023304,-4.336906,0.281461,-1.101208,1.039203,2.509193,1.49694,-1.08338,1.536847,1.297154,2.304554,1.144576,-0.095206,0.815914,1.39951,0.537136,0.624263,-3.119514,0.915172,-2.139153,-1.705792,2.322764,0.541295,2.217062,1.113305,-0.359758,3.37538,1.997658,1.331034,1.638405,1.823089,1.100365,4.245725,-0.444769,-0.552022,-0.280164,-1.649835,-2.611734,-4.181505,-2.361815,-1.974426,2.117055,0.653647,0.881629,-0.540969,1.62031,0.804006,1.498613,2.113655,-1.995874,-5.030543,3.623729,-2.80613,0.113177,0.008962,-0.03806,1.317254,0.075933,-5.215337,-0.482297,0.624397,-1.232397,2.109697,0.369426,-3.844087,0.999574,3.497951,-0.13225,-2.123269,0.272924,-1.324891,-1.340679,3.397626,2.680209,2.055293,0.526847,-0.535714,2.262485,-2.330416,0.23586,2.644682,-0.556948,-2.654241,2.842411,0.173701,1.889813,-0.149321,-1.17987,-1.310503,5.004236,-3.111037,-0.335603,4.311132,0.944808,-3.448432,1.976222,1.129149,-0.871388,-0.711705,-0.225813,-5.332806,3.882246,-3.390055,0.496384,-2.770832,-0.556944,2.602279,2.638716,1.873693,4.116593,-3.172265,2.677161,-0.502275,4.98455,4.533553,-1.99113,4.504107,-0.553096,2.920162,0.655484,2.879998,-3.103713,1.975066,1.984495,1.593072,-3.908169,1.123105,2.93096,2.012027,0.047715,0.374027,-4.706104,2.552845,4.205604,3.910068,2.846119,5.426222,2.380432,4.760348,1.971226,1.547048,-2.833794,2.116557,1.455026,3.727514,3.629543,-1.154446,6.346975,6.635161,2.084905,1.935743,2.399846,4.682857,4.368975,2.443844,3.071485,3.483267,0.400485,0.668411,4.089507,1.845465,2.267203,1.735961,1.313469,2.553666,2.159889,1.832942,0.713739,6.333973,0.368062,-5.961521,-3.128852,-1.004255,-1.350296,-7.080566,-3.400675,-6.929893,-2.329999,-2.508642,-1.673962
36,0.012228,-0.520744,-1.01847,-0.812119,0.344227,-1.491258,1.829302,1.266895,-3.166145,1.666284,0.664,-4.758218,-5.447126,0.452363,1.162246,-0.65467,0.467826,-3.076549,-0.69598,-1.175735,4.192262,2.846985,-1.44295,3.774017,-4.562707,0.102038,-1.404256,0.747412,2.081453,2.205742,-1.834078,1.500094,1.427595,2.160931,1.168635,-0.027561,1.157582,0.781387,0.88432,1.07314,-3.992668,0.843051,-2.22189,-2.245465,2.664577,0.388726,2.260255,1.21854,0.169435,3.46761,2.780432,0.684365,1.108562,1.838819,1.299139,3.786601,0.230246,0.371909,-1.113696,-0.829819,-2.702215,-4.930965,-3.011383,-1.98814,2.006996,0.327841,1.430236,-0.712185,1.747287,0.772105,1.270736,1.956262,-1.84535,-5.164086,3.895421,-2.542992,0.364486,-0.295129,-0.331819,1.764345,0.304286,-6.325097,-0.405611,-0.08309,-0.637058,1.849822,1.015487,-3.897032,0.817359,3.702091,-0.557565,-1.973237,0.654941,-2.039288,-1.386483,3.071787,2.462835,1.708887,0.206921,0.330658,2.431934,-2.524991,-0.214438,1.938244,-0.118066,-2.71679,2.613379,0.385999,1.797911,0.578397,-1.453033,-1.351236,4.93505,-3.764302,-0.280472,4.069247,0.534515,-3.305223,1.593834,1.385032,-0.477113,-1.358604,-1.062677,-6.157695,3.739941,-2.84701,-0.156524,-3.945128,-0.326127,2.024752,3.466898,2.398964,3.96058,-2.086449,2.898063,-0.429514,4.686035,4.345059,-2.470652,4.651363,-0.375112,2.881138,0.518344,2.829181,-3.136785,2.907839,2.778185,1.845191,-3.329084,0.055402,2.183754,1.439415,-0.149222,-0.178005,-4.766443,2.804484,4.257573,3.51796,2.237487,4.561731,3.264931,4.162243,1.597061,2.115722,-2.55837,2.309764,0.798682,3.786438,3.184029,-0.659005,6.093145,6.23161,1.351326,2.390485,3.217301,4.901632,4.340208,3.549846,3.550781,4.484819,0.399162,1.196918,3.660229,1.300494,3.195836,1.58248,1.157798,2.2376,2.689047,2.139079,0.858497,5.243004,1.607558,-5.571556,-4.445116,-2.160461,-2.464852,-5.352863,-3.213236,-5.444266,-3.636625,-3.159961,-0.858521
37,0.021383,-0.502357,-0.962535,-0.547011,0.555044,-0.935655,1.657201,1.141185,-3.192003,2.45648,0.692433,-4.497715,-4.602998,0.422189,1.771439,-0.402808,-0.03823,-2.576861,-0.35588,-1.172685,4.172263,2.883595,-1.209345,3.865942,-4.849946,0.388367,-1.41685,1.34688,2.555333,1.954512,-1.192799,1.383838,1.163345,2.029045,0.81085,-0.247665,1.412579,1.11827,0.642439,1.046211,-3.445611,1.088306,-2.241549,-2.063289,2.662235,0.253098,2.225194,0.98837,-0.011826,3.281736,2.391479,0.851856,1.433888,1.866975,1.078228,3.931463,-0.060252,0.109697,-0.752214,-0.911124,-2.728925,-4.791102,-2.828271,-1.946612,2.177876,0.01478,1.481228,-0.343107,1.907623,0.685166,1.437616,2.256049,-2.201722,-6.366017,3.930951,-2.551378,0.279058,1.005579,-0.168625,1.862019,0.443626,-6.216795,0.358625,-0.329767,-0.59637,1.915912,1.042876,-3.958045,0.754888,4.003057,-0.04874,-1.725692,0.558029,-2.121344,-1.183566,3.110426,2.388251,2.104776,0.100033,0.579674,2.478081,-1.724795,-0.167733,1.989881,0.140932,-2.699962,2.912084,0.114022,1.892622,0.577673,-1.067364,-1.068205,5.16324,-3.442072,-0.504128,4.103318,0.585428,-3.109402,1.998372,1.222765,-0.700168,-0.739233,-1.198629,-5.126086,4.037663,-3.479033,0.680038,-2.921642,-0.463824,2.153237,3.357616,2.508577,3.909832,-2.144168,2.719866,-0.467318,4.56389,4.621846,-2.61321,4.949414,-0.349908,3.225346,0.784683,2.667132,-3.143568,3.015433,2.602759,1.748668,-3.50517,-0.137814,2.399409,1.457904,-0.423233,-0.249552,-4.790118,2.741903,4.095549,3.55404,2.829365,4.963615,3.147048,4.13634,1.77611,2.268316,-2.375072,2.415417,1.430483,3.949561,3.108049,-1.070475,5.773696,6.405283,1.62065,2.722164,3.235704,5.1727,4.117773,3.713667,3.378649,4.692136,0.351937,1.100925,3.827441,1.252641,3.149687,1.565743,1.165494,2.2704,2.485651,2.234705,1.054755,5.35338,1.830487,-5.76663,-4.328095,-2.358979,-2.093919,-5.64553,-2.703773,-5.474423,-4.004635,-2.858633,-1.118969
38,0.020638,-0.771599,-0.58123,-1.034682,0.468163,-0.744644,1.553961,1.530296,-3.101223,2.036427,0.754592,-3.970076,-3.958711,-0.015205,1.680187,-0.732686,-0.126708,-2.115077,-0.707248,-1.006978,4.079488,2.713318,-1.069445,3.874996,-3.943236,0.040624,-1.608103,0.894872,2.664556,1.766315,-1.367843,1.155605,1.268816,1.937468,1.227695,0.099963,0.864909,1.142582,0.624547,0.420435,-3.889168,0.613244,-2.123171,-1.891467,2.229487,0.435718,2.106267,1.289829,0.040733,3.493268,2.027605,0.887028,1.474917,1.739013,1.119921,4.000794,-0.148812,-0.700893,-0.552264,-1.135159,-2.573085,-4.084762,-2.123879,-2.271943,1.813628,0.776459,1.283983,0.118107,1.718966,0.654263,1.549212,2.312236,-1.38911,-5.335821,3.536961,-2.472291,0.012427,0.36873,-0.159397,1.426762,0.182931,-4.976879,-0.145067,0.417366,-0.918626,1.867835,0.580277,-4.216301,0.702938,3.642364,-0.414119,-1.846063,0.299875,-1.072115,-1.550487,3.411464,2.756788,1.929566,0.472006,-0.273025,2.209307,-1.488711,0.667823,2.216033,-0.556589,-2.651178,2.811395,0.049168,1.979745,-0.006881,-1.155469,-1.292357,5.138504,-2.882731,-0.535222,4.106838,0.971353,-3.434153,2.003344,1.250687,-0.793212,-0.301797,-0.120391,-4.972682,3.770202,-3.169233,0.426229,-2.445951,-0.749585,2.312482,2.766065,2.048041,4.207559,-2.717824,2.939006,-1.214847,4.656349,4.338123,-1.569808,4.185983,-0.594772,2.825152,0.807134,2.814964,-2.887515,2.739503,2.230919,2.072473,-3.736867,0.741883,2.380769,1.713238,0.193196,-0.042839,-4.680804,2.341252,3.831115,3.70769,2.475419,5.077664,2.727251,4.165989,1.566319,1.923392,-2.807002,2.574483,1.236405,4.057687,3.758779,-1.256773,5.925922,6.502875,2.026578,2.179269,2.946503,4.804045,4.147497,2.786058,3.034698,3.667435,0.338885,0.742633,4.092624,1.211204,2.949492,1.919797,1.180639,2.617607,2.110755,2.288235,0.401996,5.941714,0.989194,-5.716014,-3.411429,-2.152684,-1.603662,-6.533719,-2.953799,-6.378904,-2.535077,-3.347109,-0.876992
39,0.022907,-0.514922,-0.6129,-0.505675,0.436841,-1.036551,1.553529,1.317062,-3.157644,2.133596,0.788496,-5.102503,-4.884402,0.312328,1.549487,-0.127572,0.722145,-2.349974,-0.407954,-1.118769,4.158377,2.936438,-1.053295,3.799317,-4.61634,0.35653,-1.140203,1.291615,2.745934,2.064431,-1.666636,1.420544,1.187398,2.289531,1.403989,-0.134261,1.095347,0.710817,0.733923,0.968008,-4.189178,1.026696,-2.17396,-1.781237,2.474902,0.742808,2.252841,1.238047,0.169165,3.401035,2.400325,1.212967,1.418973,1.839807,1.094435,3.979294,0.185192,0.084696,-0.686221,-1.281022,-2.657764,-4.617344,-2.741532,-1.878709,2.075358,0.705198,1.423158,0.082679,1.849492,0.890994,1.434689,2.109848,-1.531768,-5.397422,3.888868,-2.62625,0.194574,0.081591,-0.070404,1.636786,0.226422,-5.41298,0.070673,-0.00356,-0.778191,2.072693,0.91315,-4.130598,0.71157,3.907285,-0.441215,-2.13279,0.741936,-1.440283,-1.016414,3.167601,2.597471,1.906915,0.24208,0.290975,2.298731,-2.212141,0.020941,2.207675,-0.109406,-2.700918,2.776807,0.408918,1.896342,0.348382,-1.437472,-1.087456,5.002072,-3.584567,-0.266784,4.251946,0.797379,-3.350751,1.86565,1.520354,-0.574365,-0.579327,-0.834112,-6.243184,4.158929,-3.558248,0.393631,-3.103559,-0.444921,2.305774,3.309269,2.014912,4.06297,-2.519049,2.750972,-0.353035,4.929767,4.685709,-2.17775,4.871441,-0.445453,2.946179,0.592577,2.681384,-3.264712,2.615292,2.477343,1.869403,-3.617671,0.4093,2.692664,1.642359,-0.267964,0.199184,-4.594939,2.97402,4.36007,3.674965,2.888244,4.833184,3.0724,4.506403,1.781417,1.89061,-2.629206,2.092831,1.319113,3.745963,3.204288,-0.883236,5.927515,6.726767,1.730058,2.237015,2.973168,4.8757,4.583917,3.232093,3.44199,4.215559,0.350551,1.025378,3.861851,1.550423,2.858641,1.552794,1.416266,2.053473,2.713967,2.148105,0.761588,5.492023,1.328449,-5.482647,-4.082929,-1.548947,-1.970285,-6.465189,-3.20543,-5.535691,-3.565095,-2.772029,-1.52789
40,0.013434,-0.861938,-0.408897,-1.699138,0.440858,-0.899841,2.053066,1.426134,-3.163393,1.148543,0.441859,-4.413108,-5.863769,0.470746,1.386348,-0.471058,0.026055,-2.977213,-0.992949,-0.783791,4.327684,2.808112,-1.436173,3.890504,-4.291966,0.164768,-0.711963,1.101118,2.272918,1.860196,-1.481397,1.678909,1.468478,2.366856,1.423149,0.38592,1.043643,1.346583,0.962489,1.260775,-3.230967,0.875062,-2.17723,-1.70601,2.565702,0.407413,2.370568,1.245831,-0.370998,3.644186,2.558696,1.176107,1.816686,1.762599,1.097418,3.901299,-0.022877,-0.07319,-0.676035,-1.511741,-2.611048,-4.712659,-3.006207,-2.182194,1.953902,0.447634,1.278291,-1.049851,1.7917,0.877643,1.276383,2.184481,-1.581179,-4.508296,3.626695,-2.45112,0.14003,-0.676276,-0.193379,1.645005,0.328055,-6.232156,-0.775592,0.658683,-1.095587,2.253657,0.370149,-3.995098,0.875205,3.310102,0.033639,-2.31963,0.747234,-1.224696,-1.423575,3.477904,2.616,1.860699,0.407368,0.053584,2.273294,-3.215489,0.405071,2.592974,-0.327871,-2.689513,2.850347,0.253866,1.749189,0.360748,-1.498514,-1.466497,5.06948,-3.415255,-0.009811,4.057989,0.612392,-3.134933,1.6552,1.393201,-0.793911,-1.33382,-0.376388,-5.933773,3.571995,-2.965468,0.148889,-3.656314,-0.42503,2.1628,3.05085,2.224752,4.08319,-2.26194,2.864775,-1.136677,4.920449,4.209274,-1.662372,4.408843,-0.662636,2.738613,0.29628,2.998625,-3.252783,2.659053,2.44343,2.00168,-3.489894,0.890205,2.267696,1.515978,0.012209,0.446597,-4.69521,2.725257,4.575474,3.661384,2.61332,4.996922,2.914223,4.279183,1.600608,1.474968,-2.496359,2.379413,0.73049,3.556718,3.248893,-0.632499,6.426677,6.396562,2.104763,2.240285,3.153873,4.699052,4.239966,3.341578,3.492954,4.025285,0.540074,0.982412,3.823334,1.329701,3.07965,2.080032,1.448275,2.259833,2.587249,2.01295,0.385373,5.490002,0.739192,-5.596347,-4.180648,-2.059699,-2.26931,-5.997859,-3.563119,-5.826657,-2.740834,-2.745495,-1.006505
41,0.00669,-0.852421,-0.963172,-0.973461,0.145632,-0.69481,1.692481,0.940165,-3.080076,1.559992,0.934968,-4.441998,-4.801584,0.399672,1.509077,-0.381033,0.733487,-2.532744,-0.62836,-1.037135,4.269975,2.742882,-1.31183,4.092903,-4.132452,-0.022252,-1.124983,1.22935,2.732427,2.054887,-1.545805,1.61895,1.180155,2.04374,0.891999,-0.002164,0.953857,0.526001,0.558832,0.984895,-3.919279,1.073193,-2.142728,-1.593631,2.484473,0.574445,2.094543,0.869968,-0.636556,3.247486,2.045077,0.844682,1.483177,1.841247,1.1386,4.136995,-0.506927,-0.032099,-1.021464,-1.383104,-2.630381,-3.645007,-2.681534,-1.687894,2.109226,0.233502,1.060889,-0.962156,1.792948,0.819305,1.548548,2.172522,-1.21754,-4.536871,3.818149,-2.153025,0.037485,-0.522244,0.056747,1.853741,0.040252,-4.933064,-0.099188,-0.155557,-0.98912,1.715517,0.978555,-4.165759,0.671984,3.580148,0.257573,-2.383498,0.375124,-0.670844,-1.269512,3.194835,2.337073,2.147964,0.270052,-0.13996,2.411984,-2.32644,-0.118062,2.198434,-0.381744,-2.619145,2.844136,0.324185,2.046914,0.248084,-1.733201,-1.216449,4.864978,-3.006083,-0.399013,4.118677,0.808629,-2.652967,1.743008,1.170247,-0.502889,-1.235866,-0.932202,-5.826325,3.841621,-2.300949,0.595069,-2.887741,-0.20907,2.414179,3.127748,2.129239,4.048943,-2.071897,2.986964,-0.607816,4.540445,4.664735,-1.898968,4.507631,-0.463288,2.95444,0.681776,2.768301,-3.411,2.754444,2.502492,2.266919,-3.435668,0.323107,2.337933,1.539503,-0.43125,-0.26659,-4.784224,2.746407,3.739425,3.774495,2.62288,4.695418,2.989349,3.982837,1.44294,2.030155,-2.595627,2.350941,1.28008,4.119312,3.492191,-1.299374,5.66919,6.630125,1.997973,2.247522,2.902213,4.813598,3.989647,2.938349,3.252816,3.93632,0.305009,0.458285,3.963283,1.18848,3.055919,1.44293,1.140967,2.248559,2.397424,2.001474,0.756458,5.428422,1.239109,-5.292022,-3.782836,-2.065496,-1.673776,-6.037519,-2.90288,-5.891252,-3.421695,-3.229054,-1.008396
42,0.015243,-0.457559,-1.123071,-0.662635,0.148174,-0.959334,1.311215,1.261524,-3.118856,2.071808,0.762226,-4.748247,-5.067767,-0.078998,1.262743,-0.692301,1.182549,-2.768461,-0.660809,-1.261456,4.271324,2.691517,-1.031203,4.027484,-4.622958,-0.078417,-1.837735,0.924791,2.636488,2.409672,-1.489323,1.675966,1.354824,1.941283,0.619166,-0.688253,1.007175,0.509513,0.310091,1.086563,-4.455306,0.79722,-2.139097,-1.996394,2.551994,0.302731,2.336259,1.008507,0.402807,3.322888,2.002236,0.827964,1.067288,1.716088,1.117312,4.221141,-0.456262,-0.018381,-1.163568,-1.537528,-2.741758,-4.560156,-2.826014,-2.180264,2.073947,-0.260717,0.977091,-0.232544,1.622967,0.695067,1.56581,1.919811,-1.361248,-4.671052,3.975255,-2.529791,-0.007065,-0.957427,0.071439,1.49892,0.015957,-5.17234,0.158682,0.101156,-1.010338,1.355758,0.91909,-4.584894,0.964764,3.798002,-0.532416,-2.232257,0.366029,-1.501142,-0.977898,2.773961,2.409065,1.906448,0.033414,-0.006898,2.352565,-2.389119,-0.209553,2.258019,-0.238586,-2.667396,2.569634,-0.125025,1.968301,-0.019591,-1.706554,-1.485193,4.819101,-3.328502,-0.689518,4.536081,0.803245,-3.256645,1.892799,1.426377,-0.514103,-1.465544,-0.967323,-5.706782,4.310688,-2.850848,0.005404,-3.432451,-0.232728,2.408291,3.591611,1.893036,4.170136,-1.994571,2.74436,-1.044056,4.401981,4.794401,-2.223326,4.909554,-0.564152,2.857393,0.90771,2.335129,-3.837825,2.560684,2.662978,1.677116,-3.635407,-0.131842,2.325172,1.6032,-0.246916,-0.18698,-4.662759,2.748742,3.638437,3.837104,2.538853,4.408413,3.27138,3.991502,1.547568,1.844122,-2.525096,1.570174,1.545861,4.166485,3.38641,-1.331703,5.247779,6.704408,1.536277,2.033706,2.996367,5.1457,4.349174,3.200835,3.390856,4.331672,0.009543,0.778586,4.014839,1.329681,3.135662,0.973343,0.966128,1.878948,2.889487,2.113499,0.616959,5.019923,1.47607,-4.772092,-4.230969,-2.068411,-1.926007,-6.27659,-2.755372,-4.951297,-4.396601,-2.838618,-1.167504
43,0.020785,-0.711148,-0.10825,-1.602435,0.373374,-0.550574,1.774433,1.270282,-3.022123,1.353762,0.783936,-3.750591,-4.801238,0.45948,1.638172,-0.5905,-0.076649,-2.600203,-0.885029,-0.733872,4.063839,2.727907,-1.358619,3.818043,-3.927267,0.126336,-0.630985,0.923305,2.213787,1.597518,-1.577163,1.279287,1.356193,2.427491,1.490565,0.479613,0.807807,1.31447,0.729265,0.682241,-3.069259,0.917523,-2.10306,-1.808008,2.216078,0.42154,2.257361,1.346061,0.004715,3.485599,2.15887,1.2414,1.477426,1.941575,1.19657,3.721576,0.160594,-0.316179,-0.614064,-1.4397,-2.539871,-3.597288,-2.45277,-1.899754,1.900333,0.939486,1.29746,-0.387049,1.634887,0.839785,1.330881,2.239254,-1.307897,-4.455434,3.669392,-2.52929,0.167618,0.010131,-0.344713,1.422699,0.190438,-5.031221,-0.822984,0.431352,-1.034296,2.066894,0.355229,-3.591474,0.852485,3.404384,-0.073555,-2.001462,0.563594,-1.005366,-1.372954,3.380556,2.712231,1.931287,0.563613,-0.29962,2.306048,-2.384779,0.342104,2.275205,-0.361519,-2.607491,2.763083,0.432012,1.737737,0.168212,-1.130378,-1.189013,4.916532,-2.680483,0.179538,3.980574,0.778286,-3.123067,1.695258,1.201528,-0.868539,-0.449874,-0.235388,-5.630346,3.461778,-2.666016,0.1813,-2.593994,-0.463443,2.419011,2.94394,1.96574,3.898206,-2.566911,2.97897,-0.507675,4.959403,4.072363,-1.663664,4.227659,-0.157631,2.670653,0.660138,3.112851,-2.757257,2.6034,2.111656,2.301974,-3.42938,1.492419,2.543937,1.847327,0.253589,0.306176,-4.703715,2.464256,4.486161,3.540902,2.285242,5.036748,2.61837,4.635509,1.513367,1.645469,-2.897336,2.797054,0.938062,3.756967,3.622668,-0.784767,6.493304,6.297781,1.977234,2.117945,2.479192,4.26872,4.428831,2.472298,2.997834,3.416814,0.591594,0.681756,3.821312,1.469159,2.513229,2.28936,1.409777,2.649093,2.218943,2.022177,0.635345,6.068925,0.574323,-6.045005,-3.107275,-1.475333,-1.795614,-6.123018,-3.913419,-6.591276,-1.701383,-3.778932,-1.539304
44,0.019789,-0.171246,-0.782041,-0.590398,0.540635,-0.790646,1.800851,1.173049,-3.075551,2.158426,0.929721,-4.373173,-4.390995,0.267598,1.870245,-0.506219,-0.2485,-1.816808,-0.29396,-1.103076,4.167111,2.712792,-1.104498,3.942838,-4.063158,0.206408,-1.063439,0.953702,2.559596,1.490005,-1.277639,1.421216,1.472988,1.991142,1.008826,0.006802,0.966794,1.30262,0.895159,0.863581,-3.21901,1.271383,-2.127863,-1.777898,2.535105,0.289834,2.374666,0.984131,-0.258906,3.241862,2.290382,0.973165,1.351365,2.061,1.288561,4.053453,-0.006594,-0.393349,-0.422374,-0.959037,-2.617526,-4.415359,-2.67303,-2.086252,2.104594,0.759751,1.364666,-0.558144,1.796004,0.534004,1.40903,1.933718,-2.050753,-5.85138,3.860228,-2.443152,0.300776,0.296624,-0.092161,1.712393,0.147949,-5.605334,0.309736,-0.113025,-0.975225,1.899489,0.988543,-3.81654,0.749515,3.973042,0.058107,-1.601485,0.340177,-1.499086,-1.137973,3.385526,2.472978,1.961442,0.219313,-0.019432,2.48856,-1.565832,-0.167675,1.845375,-0.354774,-2.654726,2.83602,0.328728,2.342827,0.204012,-0.864985,-1.408847,5.122155,-3.169999,-0.492976,4.10151,0.930283,-3.150617,1.832052,1.109077,-0.871552,-0.804397,-0.959481,-4.874121,3.835539,-3.275457,0.8197,-2.278596,-0.71098,2.455645,3.015605,1.860377,3.631977,-2.958507,2.880046,-0.119341,4.748044,4.95224,-2.293717,5.015918,-0.26378,3.406633,1.068107,2.457897,-3.197939,2.731565,2.180589,2.011272,-3.388875,0.484341,2.989864,1.612262,-0.484419,-0.193833,-4.668901,2.490472,3.96731,3.35424,2.800052,5.024666,3.083636,4.786073,1.741919,2.175278,-2.670738,2.546395,1.842891,3.995445,3.19196,-0.557246,5.898911,6.689477,1.79828,2.286863,2.830477,5.05107,3.926093,3.128508,2.929918,4.03467,0.339119,0.750117,3.778868,1.621169,2.737114,1.542559,1.072752,2.431928,2.098826,2.126457,0.756067,6.065006,1.569185,-6.319342,-3.564202,-1.874582,-0.945525,-6.380155,-2.566682,-5.996902,-3.348071,-2.907086,-2.005793
45,0.016759,-0.795958,-0.574873,-0.79642,0.448556,-0.650827,1.732178,1.25179,-3.015369,1.802176,0.84015,-4.30893,-4.22564,0.280547,1.633074,-0.448813,0.020744,-2.007124,-0.397702,-1.057699,4.180357,2.916528,-0.784222,3.876487,-4.130902,0.183317,-0.92269,1.042465,2.569069,1.378402,-1.613697,1.245035,1.223611,2.247158,1.224452,0.471485,0.754104,0.976065,0.802333,0.574202,-3.605367,0.894917,-2.07994,-1.216168,2.258225,0.533105,2.204511,1.136038,-0.064919,3.303927,1.991697,1.095009,1.340315,1.995574,1.076183,3.974821,0.083888,-0.541131,-0.427833,-1.28634,-2.552774,-3.728285,-2.245128,-1.878383,2.056421,1.166897,1.194697,-0.244144,1.911728,0.621577,1.402844,2.186987,-1.488998,-5.209048,3.695149,-2.386862,0.12011,0.047791,-0.252247,1.421302,0.050975,-4.891088,-0.059482,-0.133627,-1.254752,2.04189,0.672713,-4.19281,0.655219,3.930065,-0.066965,-1.747565,0.399527,-1.150663,-1.158158,3.410056,2.602352,1.911564,0.600688,-0.31794,2.234449,-1.939526,0.234938,2.174022,-0.542158,-2.618388,2.870001,0.949985,2.20573,0.080138,-1.598365,-1.118689,4.957355,-3.054973,-0.557245,4.044544,0.650303,-3.243945,1.532125,1.15735,-0.978063,-0.502438,-0.467182,-5.821407,3.574816,-3.273168,0.866198,-2.439662,-0.74121,2.142097,2.47249,2.192548,3.88288,-2.926697,2.883511,-0.393156,4.935467,4.467518,-1.595931,4.419356,-0.597181,3.132234,0.623618,2.804353,-2.878552,2.729624,2.190289,2.214739,-3.249343,0.804968,2.718894,1.77727,-0.163776,0.07548,-4.442793,2.457283,4.06428,3.478886,2.620914,5.181417,2.742188,4.243561,1.723975,1.950952,-2.748359,2.69643,1.490447,3.719446,3.381483,-0.946466,6.160335,6.664459,2.037087,2.222168,2.808314,4.759131,4.022518,2.776188,3.133109,3.705045,0.502884,0.668755,3.793468,1.312672,2.7892,1.965284,1.157512,2.370034,2.053225,2.011372,0.623754,5.983195,1.121358,-6.118371,-3.309094,-1.98351,-1.598564,-5.844919,-3.145665,-6.569138,-2.626256,-3.008197,-1.252785
46,0.027023,-0.650956,-0.652946,-0.725127,0.301377,-0.489281,1.710562,1.269644,-3.131496,2.285274,0.734181,-3.966346,-4.142338,0.206025,1.568427,-0.733199,-0.40485,-2.261275,-0.688756,-1.107516,4.29645,2.657757,-0.741339,3.993828,-4.632847,0.067623,-1.117653,0.981556,2.792898,1.528096,-1.335643,1.389443,1.27158,2.381241,0.897343,0.213538,0.812857,1.165132,0.505994,0.640741,-3.427519,0.820686,-2.144883,-1.094205,2.266016,0.049208,2.341592,0.778835,0.050583,3.381069,1.928516,1.263631,1.331848,1.960624,1.306682,4.302713,-0.452949,-0.874399,-0.471894,-1.245354,-2.641376,-3.882581,-2.082173,-2.340122,2.129009,0.633009,0.979285,-0.146507,1.733001,0.546842,1.485115,2.172451,-1.535997,-4.995192,3.530332,-2.444933,0.008744,0.089376,-0.158472,1.283337,0.128999,-5.147191,-0.230522,0.221476,-1.285958,1.921835,0.620223,-4.490036,0.495128,3.945425,-0.297079,-1.746015,0.218934,-1.169724,-1.212917,3.322442,2.726832,2.117245,0.49548,-0.506744,2.326763,-1.838943,0.305087,2.057063,-0.680225,-2.646637,2.867767,0.686167,2.416048,0.147583,-1.829811,-1.297652,5.118836,-3.009859,-0.865063,4.336354,0.94736,-3.277714,2.034872,1.232261,-1.126578,-0.581507,-0.50878,-5.283497,3.953597,-3.766916,0.959761,-2.425377,-0.810937,2.395253,2.391022,2.028163,3.85216,-3.041291,3.000382,-0.674576,4.759972,4.725943,-1.877871,4.634117,-0.561904,3.35964,0.97053,2.776297,-3.159792,2.559198,2.140395,2.008315,-3.619037,0.883968,2.979034,2.014562,-0.232031,0.062063,-4.571107,2.22886,3.48104,3.657304,2.535113,5.390492,2.779588,4.332579,1.804634,2.007567,-2.67645,2.578396,1.918546,3.92871,3.768684,-1.160402,6.100288,6.739529,2.189359,2.052643,2.744639,4.900933,3.797759,2.57266,2.90324,3.67037,0.535216,0.459582,4.051281,1.414901,2.776256,1.850282,1.165207,2.481778,1.862234,2.023989,0.77358,6.333367,1.127922,-6.321115,-2.970845,-2.00664,-1.099883,-6.266593,-2.777437,-7.053944,-2.680328,-2.91024,-1.644308
47,0.016303,-0.959929,-0.27067,-1.281696,0.512626,-0.809261,1.938557,1.110772,-3.064255,2.122673,0.629046,-3.862497,-3.860277,0.460995,1.577928,-0.738368,-0.089696,-1.970096,-0.601042,-1.010853,4.160479,2.842313,-1.528641,3.852551,-4.149302,0.171313,-1.359701,1.115066,2.699805,1.565579,-1.542424,1.35808,1.222222,2.388518,1.989914,0.491397,0.813292,1.186549,0.537907,0.464469,-3.865715,0.801798,-2.083257,-1.544075,2.332438,0.640388,2.03152,1.190022,-0.387186,3.590305,2.099302,1.367677,1.871982,1.89301,0.922182,3.979061,0.462221,-0.733252,-0.392063,-1.44585,-2.561471,-3.928048,-2.235865,-2.065169,1.803724,1.711461,1.032738,0.337468,1.979177,0.776581,1.185152,2.442019,-1.566724,-5.853222,3.738073,-2.25783,-0.062491,0.812533,-0.482689,1.524847,0.209546,-5.09771,0.02849,0.096296,-1.057957,2.31489,0.366004,-3.964427,0.53135,3.734015,-0.269955,-1.799098,0.030846,-1.275414,-1.35329,3.631976,2.861327,1.934803,0.768593,-0.103774,2.187434,-1.392924,0.54362,2.276244,-0.848809,-2.677734,3.073374,0.657163,1.736323,0.056161,-1.345481,-0.820295,5.295148,-3.152939,-0.070614,4.088136,1.040278,-3.12997,1.82181,1.311962,-0.795491,-0.203668,0.024456,-5.526081,3.755855,-3.044574,0.740595,-2.615949,-0.73579,2.275414,2.074959,2.376063,4.254079,-3.202311,2.70475,-0.72474,4.973258,4.426345,-1.712034,4.202551,-0.977116,2.739843,0.352158,2.925364,-2.333773,2.598414,2.165242,2.136382,-3.489096,0.811683,2.605527,1.965148,0.114954,0.689159,-4.682428,2.677351,4.355926,3.805409,2.928038,5.609389,2.613674,4.266786,2.121085,1.893134,-2.448809,2.827523,1.288589,3.536908,3.764471,-1.415937,6.368067,6.639434,2.335966,2.330895,2.739251,4.9656,3.960456,2.954457,3.20055,3.626373,0.508945,0.96086,3.96137,1.100567,2.723111,2.485781,1.04717,2.794885,1.541915,1.889248,0.195827,6.048983,0.516792,-6.154306,-3.478848,-2.199721,-1.644153,-6.368856,-3.500177,-7.036466,-2.668716,-2.440561,-0.601478
48,0.021064,-0.631401,-1.075511,-0.783198,0.096854,-1.715451,1.565128,1.187383,-3.126933,1.788713,1.042583,-4.651531,-5.186791,0.326479,1.010103,-0.759486,1.255807,-2.905937,-0.621353,-1.201131,4.084725,2.762036,-1.521387,3.866432,-4.296963,-0.003091,-1.254034,0.641126,2.303868,2.465209,-1.999315,1.548476,1.52641,2.122225,1.073103,-0.252018,0.94749,0.227244,0.736942,0.996408,-4.419429,0.872385,-2.153312,-2.371991,2.594808,0.565244,2.116054,1.184251,0.351198,3.367038,2.460235,0.828508,1.006892,1.693751,1.369486,3.961394,0.132073,0.288566,-1.409045,-0.76633,-2.727472,-4.342266,-2.9099,-1.871824,2.069309,0.447215,0.951374,-0.408704,1.681473,0.874403,1.42989,2.015455,-1.288933,-4.844091,4.010394,-2.486041,0.514405,-0.472904,-0.522087,1.598732,0.307385,-5.464471,-0.169294,-0.281477,-0.500604,1.310677,1.33823,-4.018448,0.623357,3.772518,-0.723772,-2.251755,0.534151,-1.680195,-1.254853,2.820142,2.47843,1.517365,0.095308,0.253296,2.46222,-2.298213,-0.084857,1.93568,-0.018377,-2.631302,2.359783,0.501176,1.677278,0.540724,-1.687694,-1.077298,4.701211,-3.581148,-0.49108,4.136494,0.777585,-3.181603,1.72775,1.449526,-0.32243,-1.255111,-1.101259,-6.16346,3.949925,-2.668823,-0.138495,-3.719647,0.052025,2.249594,3.962634,2.065178,3.832383,-1.628581,2.68386,-0.543698,4.365009,4.681689,-2.263275,5.111478,-0.031038,2.682605,0.511052,2.344332,-3.404352,2.732951,2.626246,1.803017,-3.214187,0.232418,2.220372,1.407485,-0.208903,0.092112,-4.728309,2.822148,4.233733,3.792353,2.354203,4.364821,3.133185,4.330153,1.396524,1.738428,-2.59985,2.059174,0.988158,3.846633,3.161757,-0.73385,5.528654,6.280025,1.661406,2.012297,3.332326,4.616329,4.86862,3.388455,3.268764,4.350211,0.4065,1.23873,3.699066,1.318207,3.085887,1.370505,1.532061,1.671815,3.126676,2.237952,0.74208,4.932786,1.501224,-4.641871,-4.315365,-1.746766,-2.773493,-5.827542,-2.900162,-4.434689,-3.836876,-3.235484,-1.692469
49,0.01848,-0.671903,-0.928486,-1.095412,0.140879,-0.902602,1.472502,1.438704,-3.103843,1.732225,0.727396,-4.458721,-5.121432,0.194165,1.309831,-0.691547,0.975748,-2.570093,-0.986127,-0.93394,4.298869,2.732957,-1.188873,4.103981,-4.007318,-0.111442,-1.526695,0.942585,2.635568,2.08177,-1.534341,1.58941,1.316946,1.896891,1.05456,-0.386144,0.900305,0.533765,0.437821,0.98452,-3.687757,0.761066,-2.11832,-2.21114,2.693613,0.381418,2.169197,1.051898,-0.221337,3.457912,1.985736,0.793012,1.637874,1.706766,1.255942,4.12714,-0.243368,-0.160442,-1.09182,-1.189417,-2.666316,-4.128069,-2.869628,-2.17499,2.04105,0.433177,1.183122,-0.495934,1.80577,0.694175,1.553871,2.102079,-1.158731,-4.566925,3.776734,-2.401565,0.350773,-0.691646,0.196669,1.57179,0.090501,-5.101436,-0.342093,0.167322,-1.176946,1.514172,0.943321,-4.435879,0.757354,3.581599,-0.046683,-2.555206,0.454886,-0.924684,-1.59195,3.281756,2.519942,1.889205,0.208669,-0.057299,2.528891,-2.337457,-0.055884,2.634182,-0.48083,-2.670332,2.852073,0.037187,1.841812,0.008634,-1.533365,-1.210683,4.939174,-3.1031,-0.408409,4.248518,0.731261,-2.994031,1.875572,1.411981,-0.594084,-1.311676,-0.726228,-5.508783,3.998485,-2.535868,0.148681,-3.052322,0.043785,2.592242,3.659323,1.510879,4.129891,-2.029349,3.036165,-1.010846,4.505314,4.831749,-1.598536,4.866647,-0.24312,2.718857,0.858164,2.445525,-3.790243,2.633036,2.213749,2.012732,-3.651774,0.555412,2.415365,1.476449,-0.106438,-0.088556,-4.919375,2.652586,3.864508,3.916697,2.399164,4.456433,2.89708,4.195009,1.188698,1.520236,-2.663279,2.081817,1.285542,4.351421,3.437075,-1.206655,5.456503,6.823588,1.98634,1.670084,2.892357,4.830618,4.596374,2.77393,3.026624,3.696949,0.099267,0.602723,4.066312,1.345708,2.898232,1.338128,1.220315,2.181486,2.831829,2.192542,0.26944,5.651747,0.947567,-4.906788,-3.74453,-1.26199,-1.528359,-7.068807,-2.686303,-5.311897,-3.183305,-3.427001,-1.879137
50,0.017787,-0.733618,-1.333942,-0.517977,0.332976,-0.931778,1.732999,1.115492,-3.114317,1.512464,0.931377,-4.883419,-5.31148,0.419437,1.606366,-0.475107,0.609606,-2.217739,-0.353103,-0.955526,4.491268,2.62458,-0.673936,4.067498,-3.910393,0.269762,-0.964045,0.972074,2.625536,1.691306,-1.249105,1.943349,1.503161,1.999193,0.774819,-0.174787,0.683166,0.84747,0.761316,1.206239,-3.416506,1.283203,-2.203215,-1.858439,2.578753,0.475441,2.208711,0.940314,-0.756408,3.224909,2.210262,0.978996,1.595887,1.973165,1.071811,4.369112,-0.533193,-0.149088,-0.834246,-1.134625,-2.723333,-4.356475,-3.135857,-1.908375,2.393581,0.02849,0.954677,-1.474844,1.608487,0.60402,1.419432,1.837926,-1.731654,-4.505891,3.824185,-2.611834,0.324081,-0.80697,0.199846,1.687031,0.046631,-5.485922,0.046379,-0.066609,-1.423857,1.690473,1.091869,-4.340777,0.593511,3.718158,0.503902,-2.589293,0.286588,-1.277695,-1.251998,3.358315,2.449172,1.777226,0.335832,0.007674,2.29897,-2.693587,-0.040546,2.469283,-0.537388,-2.689346,2.909437,0.381505,2.133099,0.095386,-1.611922,-1.235908,4.692862,-3.368544,-0.677959,4.194375,0.455564,-2.817131,1.820536,1.256668,-0.635864,-1.702596,-1.131924,-5.534617,4.028159,-3.21916,0.452482,-2.80044,-0.47464,2.752246,3.233407,1.790427,3.871112,-2.38788,2.981567,-0.399295,4.501489,5.097171,-1.894746,5.021513,-0.461951,3.055654,0.789878,2.594705,-3.596245,2.432177,2.440206,2.048288,-3.474328,0.650065,2.740964,1.630605,-0.715861,-0.174782,-4.717179,2.664642,3.903977,3.852147,2.830256,4.731237,2.947925,4.526749,1.418287,1.69792,-2.794666,2.129076,1.690067,4.088628,3.400597,-0.993789,5.667336,7.01308,2.057302,1.982791,2.892679,5.034143,4.207913,2.963977,3.012787,3.751297,0.291956,0.34391,4.06805,1.520765,2.80405,1.112741,1.158913,2.049808,2.417743,1.907265,0.44177,5.679254,1.191491,-5.393097,-3.761255,-1.765974,-0.996036,-6.767421,-2.609182,-5.950643,-3.453051,-2.847619,-1.729199
51,0.023242,-0.688398,-0.672457,-0.793235,0.295879,-1.230314,1.512676,1.392441,-3.141981,1.614635,0.655283,-4.85543,-5.288702,0.484174,1.403575,-0.544308,0.533951,-3.011495,-0.693507,-0.830517,4.185836,2.724839,-1.101637,3.923139,-4.859564,0.142441,-0.681699,0.813785,2.482759,1.96492,-1.961948,1.493076,1.310658,2.408812,1.366185,0.184856,0.970135,0.928545,0.734977,0.888962,-3.841953,0.931168,-2.163783,-1.871454,2.414496,0.45328,2.105256,1.205851,0.405872,3.398626,2.432982,1.26818,1.416827,1.875787,1.277644,4.103668,-0.205165,0.074262,-1.082005,-1.347584,-2.67054,-4.340248,-2.744601,-1.97193,2.092578,0.592637,0.896344,-0.554283,1.663777,0.870967,1.455012,2.179883,-1.638237,-4.976237,3.782465,-2.663886,0.363199,-0.162823,-0.240084,1.608161,0.18041,-5.66361,-0.76354,0.231973,-0.936351,1.999292,0.874945,-4.17224,0.645235,3.610268,-0.681149,-2.253075,0.610604,-1.356123,-1.178338,3.271288,2.561392,1.714161,0.322311,-0.136119,2.28011,-2.789205,-0.020959,2.316126,-0.334043,-2.66925,2.682829,0.374906,1.780959,0.301125,-1.8103,-1.357888,4.857081,-3.692112,-0.242559,4.246826,0.727443,-3.336856,1.819173,1.25658,-0.650521,-0.809516,-0.70385,-6.312539,3.957656,-3.184804,0.157371,-3.583469,-0.175225,2.382102,3.253383,1.917552,3.986671,-2.410182,2.822787,-0.535543,4.875702,4.839523,-2.087636,4.842257,-0.343615,2.943351,0.552455,2.607669,-3.433586,2.478231,2.325303,1.919771,-3.494287,0.684296,2.837034,1.563092,-0.244616,0.345155,-4.646981,2.788927,4.201414,3.68799,2.732867,4.761744,2.946694,4.527794,1.615175,1.737977,-2.768496,1.97086,1.251268,4.027486,3.352665,-0.777025,5.884831,6.736866,1.723518,1.926702,2.904258,4.903986,4.414097,2.914473,3.278867,3.955966,0.301264,0.830819,3.770896,1.690727,2.851367,1.581737,1.297571,2.198006,2.684354,1.903143,0.727032,5.789781,0.973321,-5.619176,-3.952152,-1.33551,-1.611528,-6.485692,-3.073491,-6.005479,-3.334975,-2.823294,-1.644242
52,0.022593,-0.825027,-0.498049,-1.135557,0.460424,-0.453799,2.001846,1.304013,-3.019617,1.243915,0.575385,-3.821507,-5.022386,0.303778,1.704691,-0.927924,-0.463188,-2.606008,-0.613018,-1.078831,4.247117,2.667779,-1.314039,3.895355,-4.335939,0.181504,-1.170022,0.81578,2.071652,1.472897,-1.465034,1.449413,1.379076,1.887008,0.838767,0.236186,0.961675,1.250563,0.91738,0.734931,-3.186395,0.852211,-2.09241,-2.237342,2.327119,0.147408,2.556011,1.294527,-0.512248,3.351173,2.069708,0.802518,1.130635,1.772189,0.974269,3.882912,-0.592374,-0.625783,-0.661359,-1.555935,-2.56707,-3.959262,-2.298037,-1.858817,1.980268,0.101666,1.106902,-1.133551,1.630021,0.613873,1.627676,2.188762,-2.187194,-4.801204,3.480679,-2.339129,-0.023191,-0.330304,-0.367529,1.55721,0.176086,-5.256098,-0.60361,0.461143,-1.252217,1.92236,0.465478,-3.722045,1.078197,3.505412,0.001024,-1.738179,0.453447,-1.307714,-1.24086,3.472133,2.523998,2.047841,0.414844,-0.572178,2.223457,-2.680232,0.202089,2.281123,-0.362567,-2.599346,2.773346,0.065831,2.116245,-0.03537,-1.148265,-1.824021,5.012805,-2.97803,-0.133349,3.909443,0.693935,-3.13931,1.550985,1.226539,-0.78434,-1.034685,-0.348361,-5.167019,3.156563,-2.6633,0.310596,-2.915885,-0.912022,2.263903,2.329687,2.074929,3.976798,-2.804896,2.83897,-0.62439,4.722804,4.291672,-1.800023,4.415896,-0.793058,3.287331,0.7819,2.759096,-3.22262,2.801558,2.01504,2.045791,-3.477374,0.818437,2.535065,1.322727,0.150892,-0.189197,-4.681952,2.179199,3.883705,3.519197,2.71318,5.196937,2.778948,4.380658,1.383008,2.281109,-2.691409,2.786503,1.077612,3.779429,3.57102,-0.601115,6.616604,6.145628,2.36888,2.130235,2.813225,4.835421,3.486357,2.749424,3.08666,3.717421,0.445969,0.591268,4.030607,1.766536,2.772688,2.137092,1.118039,2.850072,1.785715,1.942129,0.492468,6.025988,0.988508,-6.633439,-3.716968,-2.199429,-1.071507,-6.126625,-2.490016,-6.776366,-2.205132,-3.040673,-1.205206
53,0.017168,-0.635383,-0.509339,-0.637928,0.082172,-1.120178,1.645707,1.61291,-3.115694,1.484682,0.594352,-4.86975,-5.63841,0.187719,1.386323,-0.224279,0.641164,-2.761169,-0.613269,-1.431721,4.146041,2.91417,-1.500813,3.780645,-4.224428,0.329505,-1.024475,1.123539,2.441628,1.944432,-2.112629,1.304686,1.330228,2.266571,1.393923,0.22139,1.191059,0.558488,0.748331,1.029475,-4.007584,0.839058,-2.175911,-2.339337,2.394794,0.764234,2.409669,1.63378,-0.252992,3.609841,2.360618,0.827987,1.149303,1.894432,0.938969,3.733835,0.014755,-0.202801,-0.977462,-1.244542,-2.628126,-4.315543,-2.747998,-1.766584,1.737201,0.686294,1.399066,-0.548676,1.920308,0.788413,1.35402,2.153656,-1.3616,-5.081513,3.652108,-1.941736,0.365877,-0.100974,0.009843,1.843951,0.425034,-5.76991,-0.685433,-0.172281,-1.124706,1.868251,0.62426,-3.949577,1.112342,3.71022,-0.743569,-2.270091,0.826737,-1.806339,-1.163284,3.155476,2.788851,1.974565,0.173743,-0.094626,2.123291,-2.783042,-0.06214,2.326,-0.514319,-2.688634,2.889128,0.215199,1.78454,0.194132,-1.624236,-1.438239,5.107918,-3.324477,0.053968,3.895125,0.52088,-3.26408,1.612354,1.466684,-0.581389,-1.162548,-0.71886,-6.666231,3.888194,-2.516349,0.0956,-3.703229,-0.656989,2.413911,3.184515,2.065269,4.303831,-2.496173,3.110693,-0.524714,5.088421,4.410896,-1.915528,4.570349,-0.855749,2.743009,0.510684,2.984804,-3.549026,2.826005,2.556727,1.960374,-3.478198,0.240533,2.44386,1.047218,0.112038,-0.040176,-4.534223,3.076609,4.417584,3.728034,2.885633,4.72251,2.981418,4.073262,1.499035,2.081803,-2.527872,2.376471,0.689347,3.760588,3.403136,-0.989073,6.507853,6.561553,1.592435,1.994703,2.881438,4.716285,4.342282,2.833078,3.482539,3.76824,0.344198,0.570318,3.964683,1.301243,2.903444,1.947171,1.525083,2.633504,2.592031,1.798571,0.620991,5.655666,1.083116,-5.359785,-4.733264,-1.51831,-1.349915,-6.363991,-3.286413,-6.455829,-2.95575,-3.001165,-0.817839
54,0.026337,-0.514073,-0.86815,-0.780794,0.442461,-1.293147,1.353531,1.12663,-3.074811,1.873819,0.792698,-4.504606,-4.14315,0.036894,1.283603,-0.728669,0.256513,-3.207047,-0.554159,-0.785333,3.799234,2.574207,-1.570021,4.126737,-4.750174,-0.040172,-1.857826,0.407486,2.247925,2.437071,-1.340525,1.127313,1.05651,2.168434,1.051366,-0.212275,0.901604,1.212313,0.817313,0.662774,-4.186357,0.604334,-2.081511,-2.072414,2.44912,0.505098,1.871254,0.959325,0.477136,3.06534,2.348768,1.090058,1.133149,1.495908,1.366719,3.843834,-0.062723,-0.10314,-1.087099,-1.236081,-2.616307,-4.194016,-2.475916,-1.625866,1.819639,0.37759,0.876486,-0.053186,1.769321,1.006029,1.80014,2.184455,-1.706562,-5.219832,3.83545,-2.929801,0.16358,-0.185235,-0.89941,1.130473,-0.229294,-5.130886,-0.73387,0.485717,-0.120514,1.620771,1.050435,-3.608162,0.706997,3.63645,-0.81209,-1.624012,0.186958,-1.544566,-1.0409,2.90974,2.321488,1.71572,0.334869,0.05811,2.547313,-1.694324,0.075589,2.155026,0.097503,-2.605947,2.209293,0.163979,1.626944,0.337227,-1.273025,-1.326556,4.715023,-3.482606,-0.202394,4.330584,1.111024,-3.792455,1.702237,1.34539,-0.251954,-0.778731,-0.340098,-5.074396,3.345847,-2.986206,0.00526,-3.393827,-0.114339,2.170006,3.398702,2.262698,3.617388,-2.061169,2.532515,-0.396605,4.735504,4.306814,-2.165816,4.590422,0.344159,2.888895,0.60502,2.358022,-2.730887,2.281988,2.281114,1.720062,-3.272784,0.523632,2.628555,2.215379,-0.049293,0.484585,-4.70275,2.488253,4.040333,3.343178,2.206973,4.702751,2.848166,4.509307,1.914433,1.767305,-2.527804,1.878381,1.298397,4.096851,2.912758,-0.931774,5.7889,6.142462,1.76427,2.089886,2.674036,4.34175,4.483981,2.935129,3.216405,4.074821,0.414867,1.3607,3.307172,1.75688,2.669696,1.628702,1.140263,2.03808,2.917129,2.118794,1.23051,5.520494,1.009732,-5.95072,-3.067169,-1.117608,-2.483651,-5.454335,-3.371065,-5.424197,-3.255296,-3.132271,-1.839476
55,0.020501,-0.882934,-0.661043,-0.992214,0.373299,-0.761846,1.604618,1.412315,-3.061121,1.295801,0.714857,-4.037275,-4.733253,0.241654,1.637122,-0.66242,0.07751,-3.090535,-0.628556,-0.975162,4.210824,2.786727,-1.33319,3.802303,-4.516948,-0.087391,-1.483121,0.771813,2.382174,1.828254,-1.751878,1.336118,1.431297,2.234551,1.06556,0.30222,0.927019,1.303683,0.893065,0.638526,-3.575618,0.65302,-2.092916,-1.472658,2.106631,0.498818,2.010739,1.38631,-0.064638,3.306429,2.278964,1.029459,1.267614,1.773026,1.016866,3.892196,-0.270898,-0.348547,-0.684675,-1.358169,-2.512613,-3.843335,-2.181553,-1.962021,1.930917,0.582389,1.026358,-0.672551,1.824475,0.707338,1.570848,2.261225,-1.720984,-5.012892,3.484349,-2.654844,0.036271,-0.235641,-0.556651,1.55913,0.092337,-5.273987,-0.521102,0.389991,-0.999509,2.18171,0.552297,-4.070841,0.973473,3.528892,-0.435122,-1.690674,0.473815,-1.309854,-1.205165,3.270535,2.577713,1.956172,0.643295,-0.330325,2.117911,-2.544976,0.443572,2.17284,-0.367112,-2.616138,2.652358,0.573816,1.982313,0.210032,-1.391719,-1.321935,5.038303,-3.168854,-0.567452,4.048819,0.616333,-3.63197,1.418463,1.182724,-0.833802,-0.73735,-0.142572,-6.161428,3.445657,-2.626811,0.38685,-3.375665,-0.952382,2.37111,2.982698,2.203276,3.809039,-2.591135,2.832064,-0.601711,5.035003,4.270809,-1.695039,4.464602,-0.391784,2.811634,0.373266,2.91098,-2.93092,2.256854,2.490421,1.687898,-3.143121,0.875127,2.462107,1.882742,-0.082256,0.499927,-4.508631,2.643562,4.206061,3.552985,2.429111,5.171469,2.632172,4.369821,1.731574,1.78714,-2.828754,2.391557,1.207868,3.578303,3.215799,-0.887234,6.31959,6.178791,1.892079,2.212956,2.632433,4.233595,4.28564,2.748263,3.224025,3.624913,0.704677,0.652833,3.656704,1.306324,2.585436,1.859783,1.289534,2.18421,2.456093,1.609242,0.755252,5.720014,0.904111,-5.53953,-3.392482,-1.421337,-1.937813,-5.500438,-3.792615,-6.376158,-2.450566,-2.738477,-1.578725
56,0.015713,-0.805489,-0.979521,-1.064809,0.269319,-0.901308,2.070246,1.359571,-3.123285,1.467733,0.470331,-4.426155,-6.082772,0.663398,1.379264,-0.617792,0.645864,-2.717465,-1.100037,-1.127565,4.524469,2.803019,-0.759426,3.842977,-4.053231,-0.030564,-1.043103,1.210784,2.458851,1.760949,-1.608546,1.972247,1.572645,1.974435,0.599435,0.100015,1.002647,0.745634,0.625733,1.322871,-3.553417,1.154842,-2.185856,-1.758373,2.684727,0.103834,2.385579,1.133155,-0.511131,3.540684,2.238123,0.721205,1.539523,1.92311,0.861802,4.086077,-0.459744,-0.045946,-1.207355,-1.221751,-2.694515,-4.539843,-3.211927,-2.37248,2.28723,-0.427306,1.282137,-1.23654,1.730739,0.484868,1.312854,2.055041,-1.641543,-4.588477,3.571889,-2.054655,0.094701,-0.823777,0.432501,1.89026,0.458331,-5.868963,-0.027565,0.184303,-1.550406,1.751562,0.699875,-4.483509,0.804103,3.583711,0.426282,-2.49507,0.806455,-1.375266,-1.54139,3.205194,2.384763,1.933823,0.135608,-0.009882,2.137455,-3.040677,-0.110227,2.394216,-0.436305,-2.683601,2.935795,0.168251,2.121958,0.152815,-1.852095,-1.38372,4.925084,-3.009604,-0.473086,3.971382,0.38805,-2.643759,1.783079,1.358685,-0.834928,-1.984903,-1.095673,-5.959253,4.004457,-2.628879,0.250453,-3.152339,-0.444253,2.548654,3.469867,1.464829,4.317903,-2.211514,3.110165,-0.621191,4.521602,5.092571,-1.86474,5.048605,-0.710226,2.990406,0.579282,2.564403,-4.341749,2.919667,2.218132,1.860302,-3.540584,0.101478,2.5276,0.481925,-0.279255,-0.132584,-4.699853,2.84909,3.838622,4.005819,2.990202,4.331773,3.185877,4.135133,0.859034,2.046531,-2.463885,2.113023,0.965217,4.218204,3.431715,-0.50817,5.760949,6.918704,2.114869,1.723192,3.078537,5.448042,4.067682,2.81311,3.220681,3.780311,-0.067207,0.192207,4.229695,1.529571,2.986723,1.142636,1.452777,2.371805,2.657721,1.748085,0.225232,5.609048,1.270909,-5.14041,-5.140121,-1.357819,-0.756199,-7.520187,-2.047344,-5.624879,-3.561768,-3.004168,-1.535981
57,0.027423,-0.084835,-0.65483,-0.685089,0.433241,-1.036204,1.610727,1.324757,-3.10925,1.82532,0.850912,-4.512994,-4.374648,0.262389,1.498613,-0.344476,0.100563,-3.143036,-0.3704,-0.813314,3.916748,2.687164,-1.615975,3.883956,-4.493937,0.14565,-0.974638,0.897604,2.268425,2.101533,-1.216135,1.246078,1.200531,2.104395,1.297269,0.103645,0.961372,1.13072,0.772506,1.019787,-3.357303,0.934228,-2.143495,-2.125103,2.448146,0.504516,2.209387,1.178976,0.426633,3.302983,2.326373,0.749295,1.230539,1.776988,1.488654,3.672267,0.239513,0.10474,-0.884884,-1.243394,-2.60312,-4.251982,-2.422463,-1.788466,1.781088,0.738047,1.226851,-0.276607,1.646631,0.859287,1.3388,2.020712,-1.382713,-5.05619,4.006941,-2.586449,0.416024,0.205327,-0.389284,1.766421,0.111292,-5.656957,-0.517263,0.038265,-0.699713,1.920347,0.97039,-3.696176,0.957891,3.773934,-0.627767,-1.991632,0.208702,-1.609314,-0.8122,3.097322,2.463516,1.822497,0.260449,0.135101,2.492125,-1.978932,-0.172585,1.880424,-0.08031,-2.65005,2.447902,-0.115167,1.632497,0.482135,-0.868092,-1.129154,4.768813,-3.339567,-0.012007,4.260602,0.812422,-3.435368,1.780179,1.171817,-0.771744,-0.461296,-0.749205,-5.365243,3.480478,-2.920399,0.055651,-3.252697,-0.186149,2.273739,3.538687,1.816158,3.602535,-2.236408,2.829026,-0.403027,4.713764,4.430267,-2.194394,4.738647,0.008693,2.710199,0.790042,2.532029,-3.071244,2.586451,2.502627,1.624917,-3.506676,0.578359,2.447648,1.81981,-0.114115,0.260277,-4.535633,2.791719,4.311467,3.357162,2.183412,4.671687,2.906049,4.460957,1.593496,1.812375,-2.73279,2.184182,1.090703,3.761817,3.220376,-0.611476,5.826038,6.092072,1.277444,2.060892,2.936323,4.344553,4.591524,3.110195,3.156102,4.163086,0.443147,1.111336,3.645339,1.477709,2.872802,1.663197,1.349586,2.229643,2.711101,2.275868,0.674179,5.296318,1.155589,-5.228184,-3.763377,-1.494917,-2.19999,-5.671327,-3.545496,-5.133593,-3.082205,-3.121915,-1.699586
58,0.036792,-0.340438,-1.014665,-0.992903,0.525394,-1.229155,1.690893,1.010557,-3.111319,1.65211,0.794855,-4.96657,-4.852727,0.344974,1.284303,-0.64379,-0.029185,-2.100775,-0.652639,-0.405007,4.139386,2.715309,-1.20594,4.086278,-4.075462,0.164225,-1.35066,1.019111,2.367248,2.040421,-1.16428,1.669143,1.126858,1.864166,1.029719,0.01964,0.909292,0.990914,0.986641,1.13636,-3.436459,1.041542,-2.12942,-2.159896,2.748925,0.212419,2.313318,0.982968,-0.310635,3.247933,2.430322,0.796975,1.757,1.704348,1.388547,4.01946,-0.043462,0.215314,-1.121398,-1.163037,-2.703752,-4.663758,-3.424751,-1.743836,2.147417,0.053451,1.38444,-0.960102,1.69497,0.809442,1.458158,2.02484,-2.018405,-4.786238,4.025584,-2.398927,0.213353,-0.56551,-0.075827,1.806065,-0.100721,-5.456466,0.233604,-0.0245,-1.016775,1.72897,0.966078,-3.736965,0.571841,3.548615,0.467075,-2.188148,0.323619,-1.209162,-1.254378,3.200228,2.086619,1.660779,0.083411,0.612665,2.630384,-2.030604,-0.060647,2.412706,-0.156339,-2.674166,2.744627,-0.117823,1.854236,0.572843,-0.915432,-1.509792,4.697807,-3.52743,-0.217955,4.149273,0.666291,-2.79791,1.860866,1.34999,-0.494483,-1.379937,-1.037771,-4.683155,3.425874,-3.225149,0.221367,-2.975956,-0.128425,2.261678,3.609715,1.867408,3.588996,-1.797952,2.715001,-0.561434,4.224487,4.81765,-2.010793,5.007109,0.069148,2.999877,0.902641,2.360581,-3.359862,2.743747,2.312805,1.981077,-3.471636,0.405976,2.459483,1.610284,-0.528357,-0.166547,-4.898714,2.577508,4.066705,3.396832,2.402528,4.50142,3.085896,4.452637,1.356491,1.738907,-2.569001,2.16657,1.425464,4.117916,2.952909,-0.589553,5.380614,6.447411,1.780459,2.175978,3.038609,4.923275,4.148212,3.547704,3.023212,4.366603,0.124869,1.135423,3.634464,1.596646,3.074362,1.279544,1.016472,2.112782,2.639707,2.447486,0.462109,5.294167,1.329295,-5.392259,-3.863465,-2.111959,-1.945856,-6.043722,-2.486841,-4.621819,-3.690037,-3.082318,-1.697073
59,0.015823,-0.521737,-0.951199,-0.659063,0.500658,-1.142045,1.655091,1.282959,-3.062985,1.874281,0.62023,-4.56403,-4.839855,0.417626,1.313732,-0.641368,0.278601,-2.709793,-0.887105,-0.654915,3.991845,2.684905,-0.678849,4.012451,-3.961126,-0.052839,-1.169584,0.999081,2.665495,1.879383,-1.513037,1.60949,1.296454,1.877921,0.830295,0.132416,0.923375,1.013067,0.822921,0.880993,-3.770517,0.986383,-2.068941,-1.812747,2.501442,0.215252,2.310665,0.987662,0.063379,3.30397,2.121799,0.794775,1.540826,1.770218,1.304274,4.007613,-0.281511,-0.162423,-1.263436,-1.037625,-2.656744,-4.367981,-2.868046,-2.095066,2.163086,-0.043269,1.320489,-0.496071,1.591272,0.717607,1.570182,2.08251,-1.459079,-4.788057,3.56373,-2.700145,0.33051,-0.331121,-0.018564,1.630419,0.187153,-5.254748,-0.182226,0.436353,-0.825408,1.727945,0.917471,-4.238629,0.67873,3.608747,0.015907,-2.293701,0.52115,-0.997416,-1.473675,3.103755,2.363381,1.599168,0.241219,0.132648,2.303205,-2.090575,0.209459,2.298233,-0.022701,-2.649105,2.585646,0.381993,1.986001,0.472814,-1.629498,-1.324627,4.723554,-3.178628,-0.584742,4.139115,0.756467,-3.116888,1.910005,1.303551,-0.654692,-1.060918,-0.786781,-5.033705,3.713685,-3.363953,0.276611,-2.943728,-0.280646,2.267481,3.403383,1.699536,3.869633,-2.023824,2.652695,-0.712314,4.572371,4.865219,-1.779681,4.883984,-0.166745,3.000335,0.537148,2.55899,-3.743195,2.406434,2.092763,1.807258,-3.475563,0.470215,2.675198,1.397612,-0.44563,0.216526,-4.709157,2.651019,3.969118,3.567235,2.516172,4.604064,2.79687,4.340317,1.398587,1.554734,-2.741326,1.934658,1.227441,4.082836,3.056386,-0.611193,5.652277,6.697027,1.880687,1.740117,2.943199,4.851277,4.390515,2.942887,3.055696,3.946611,0.072909,0.755448,3.613226,1.735399,2.778332,1.11364,1.356359,1.882688,2.699286,2.051682,0.7258,5.765479,1.075292,-5.397387,-3.780958,-0.955045,-1.667172,-6.526882,-2.646616,-5.362844,-3.415889,-2.731653,-1.893016
60,0.01163,-0.78806,-0.547601,-1.157153,0.396943,-1.04215,1.721684,1.406008,-3.064408,1.572423,0.716336,-3.73087,-4.498109,0.348168,1.446108,-0.854697,0.189629,-3.02943,-0.675982,-0.99189,4.037601,2.768923,-1.433761,3.844371,-4.271321,0.248054,-1.077168,0.742293,2.255489,1.985393,-1.653776,1.131254,1.235023,2.340585,1.551153,0.251428,0.898272,1.124676,0.771013,0.575821,-3.591984,0.845451,-2.140309,-1.947441,2.314698,0.412843,2.008511,1.260186,0.346226,3.328521,2.386824,1.120692,1.221754,1.955106,1.342117,3.760602,0.040769,-0.216983,-0.993663,-1.081004,-2.598545,-3.876411,-2.037837,-1.808319,1.812674,0.856938,1.15259,-0.273992,1.818581,1.008586,1.52993,2.282728,-1.48492,-5.003919,3.677934,-2.418823,0.405067,0.230066,-0.467853,1.463099,0.198717,-5.659501,-0.849678,0.282241,-0.590081,2.043092,0.913467,-3.67291,0.630372,3.624891,-0.709278,-2.079204,0.361054,-1.6423,-1.354819,3.232462,2.602483,1.77612,0.393783,-0.413048,2.394375,-2.157414,0.200924,1.961413,-0.489102,-2.661451,2.70939,0.616655,1.799681,0.487725,-1.475649,-1.045962,4.890284,-3.085928,0.12097,4.132627,0.772931,-3.310316,1.670534,0.910808,-0.450292,-0.607546,-0.366748,-5.519135,3.563705,-3.131167,0.117609,-3.092681,-0.454917,2.219256,3.051138,2.174238,3.856783,-2.453543,2.863316,-0.623402,4.908323,4.184404,-2.203521,4.51419,-0.334134,2.754885,0.538126,2.754365,-2.648962,2.592309,2.436937,1.986719,-3.216195,0.634251,2.436268,1.879352,0.133356,0.337321,-4.715592,2.750616,4.394034,3.496469,2.275199,5.002251,2.827971,4.365109,1.72176,1.74104,-2.598866,2.376843,0.997731,3.476868,3.441744,-0.840097,6.004519,6.067859,1.684264,2.257171,2.879865,4.394493,4.366692,3.099738,3.287005,3.910904,0.600203,1.176422,3.691584,1.21263,2.80799,2.009281,1.29143,2.299532,2.389982,2.006246,0.537166,5.523221,0.9515,-5.51383,-3.696517,-2.024972,-2.317971,-5.633626,-3.842912,-5.925621,-2.803654,-3.129317,-1.010203
61,0.016625,-0.669096,-1.249581,-0.83914,0.249507,-1.103775,1.781459,1.218842,-3.086517,1.307978,1.010979,-4.500617,-4.79935,0.550666,1.288165,-0.778496,0.463248,-2.275593,-0.692977,-0.731655,4.516124,2.704221,-1.027339,4.081828,-3.801631,-0.087115,-1.141584,0.767152,2.565215,1.714277,-1.437717,1.870805,1.488992,1.924389,0.954424,0.260979,0.432147,0.677204,0.837244,0.824758,-3.54721,0.931885,-2.102852,-1.880019,2.571728,0.348627,2.003954,1.003514,-0.662698,3.310528,1.992015,0.727124,1.683798,1.701432,1.178862,4.177651,-0.207089,-0.08739,-0.942795,-1.122123,-2.620592,-3.924369,-2.956881,-2.11238,2.265521,0.615202,0.85327,-1.286775,1.821239,0.5289,1.434881,2.05641,-1.506388,-4.369143,3.791138,-2.467462,0.316557,-0.729167,-0.218666,1.730398,-0.123188,-4.966717,0.056087,-0.162719,-1.446498,1.50757,0.973081,-4.405919,0.475016,3.362454,0.372036,-2.397013,0.222561,-0.993129,-1.479303,3.39919,2.530759,1.634518,0.629356,0.013294,2.339619,-2.41225,0.288862,2.446061,-0.726021,-2.643925,2.872663,0.332566,1.951992,0.19473,-1.490433,-1.220889,4.712387,-3.188261,-0.903836,4.145926,0.437602,-2.887995,1.575642,1.37097,-0.710585,-1.391694,-0.861661,-5.45582,3.72821,-2.736657,0.417773,-2.833455,-0.232476,2.293627,3.054305,2.057027,3.881842,-2.244049,2.760526,-0.938337,4.263132,4.855415,-1.500999,4.886709,-0.487597,2.894069,0.608747,2.390903,-3.319064,2.552823,2.329277,2.191346,-3.377876,0.515983,2.325012,1.657208,-0.58423,0.084878,-4.760705,2.426314,3.757902,3.736607,2.513283,4.748092,2.878643,4.13323,1.363787,1.614423,-2.809363,2.429491,1.357723,4.019701,3.135857,-0.891118,5.442689,6.672299,2.194703,2.147917,3.235229,5.034851,4.04954,3.191649,3.039759,3.965688,0.193812,0.772391,3.836426,1.057821,3.150989,1.344938,1.015179,1.949907,2.337389,2.256771,0.195517,5.460896,1.219568,-5.36272,-3.769995,-2.215443,-1.896474,-6.349621,-2.290539,-5.242814,-3.642096,-2.911666,-1.456125
62,0.044907,-0.921337,-1.094064,-1.118877,0.197638,-1.457859,2.036103,1.469647,-3.153481,1.456815,0.520226,-3.786858,-5.632481,0.446245,1.188629,-1.028779,0.860184,-2.978948,-1.09175,-1.343262,4.306171,2.737386,-1.786105,3.751629,-3.836719,-0.063972,-1.992365,0.948321,2.215197,2.334499,-2.020411,1.868627,1.74343,1.672821,0.913438,0.022389,1.177804,0.621276,0.712758,0.922872,-3.990397,0.844543,-2.15652,-2.459895,2.612394,0.308917,2.128691,1.303783,-0.476245,3.61757,2.421564,0.350188,1.160553,1.667105,0.952815,3.839143,-0.516126,-0.045108,-1.269469,-0.938232,-2.657398,-4.443594,-2.929548,-2.2173,1.975188,-0.101949,1.593411,-0.730496,2.016523,0.504505,1.487405,2.084215,-1.725667,-5.147757,3.520642,-2.026347,0.225761,-0.425093,0.215398,1.97686,0.575546,-5.879889,-0.23504,0.227546,-0.737643,1.554237,0.80954,-3.816094,1.074448,3.498369,-0.017105,-2.12675,0.876379,-1.983916,-1.650468,3.151053,2.536101,1.990403,0.190028,-0.047093,2.233515,-2.76827,0.24802,2.119308,-0.187813,-2.690983,2.780169,0.343895,1.868525,0.342727,-1.531605,-1.317919,5.181553,-3.131226,-0.357442,3.849214,0.559787,-2.847844,1.654318,1.453478,-0.291461,-1.616791,-0.703578,-6.008449,3.889243,-2.250172,-0.127734,-3.822394,-0.370227,2.344858,3.631347,2.135591,4.278615,-1.936517,2.986404,-1.006229,4.523841,4.623773,-1.972378,4.868479,-0.677872,2.755884,0.376115,2.767854,-3.953239,2.718633,2.485203,1.569165,-3.452213,0.060833,1.98272,0.853085,0.009179,0.020763,-4.980124,2.77697,4.03804,4.163853,2.537432,4.672824,2.941069,3.994446,1.131265,2.003379,-2.507149,2.337033,0.726878,3.948132,3.375024,-0.999194,6.163174,6.455612,2.028181,2.093306,3.205399,4.951849,4.463899,3.19974,3.185797,4.024382,0.321121,0.771431,3.96115,1.15755,3.056134,1.527671,1.532794,2.208639,2.915436,1.686792,0.493402,5.424154,1.199937,-4.885706,-4.757406,-1.468685,-2.005809,-6.527824,-2.663662,-5.633654,-3.364662,-2.916197,-1.252936
63,0.015144,-1.008762,-0.419195,-1.426303,0.562171,-0.779684,2.000307,1.258573,-3.057501,1.81092,0.512587,-4.363548,-4.851362,0.516243,1.332706,-0.808104,0.194085,-1.672419,-1.098495,-0.953099,4.3554,2.923341,-1.042329,3.896802,-3.674651,0.109141,-1.551086,1.372926,2.671031,1.606805,-1.938559,1.588624,1.27394,1.887007,1.472201,0.276734,1.062354,0.596878,0.717636,0.760383,-3.733893,0.867331,-2.062035,-1.935131,2.580315,0.514234,2.561922,1.230201,-0.623647,3.678344,2.043704,1.172177,1.814829,1.790596,1.123635,3.954824,0.047586,-0.343564,-0.744948,-1.321557,-2.563399,-4.652693,-3.022867,-1.950682,2.100213,0.585162,1.679835,-0.10484,2.082022,0.671007,1.420642,2.209953,-1.565152,-5.181545,3.634529,-1.885275,-0.134716,-0.237305,0.123584,1.631307,0.320782,-4.991449,0.289955,0.176591,-1.213393,1.976431,0.251089,-4.060262,0.561292,3.69769,0.346346,-2.116184,0.738643,-0.813174,-1.573127,3.577145,2.493065,1.990018,0.20635,0.24314,2.507311,-1.846554,0.291175,2.503023,-0.331261,-2.707228,3.099107,0.498781,2.074302,0.359089,-1.161882,-1.446387,5.216333,-3.206285,-0.248522,3.93301,0.824445,-2.608823,1.855908,1.668022,-0.627575,-0.869261,-0.254996,-5.444791,3.654164,-3.08367,0.57505,-2.769781,-0.491416,1.897475,2.577591,2.273586,4.397852,-2.306384,2.691178,-0.926419,4.649188,4.775431,-1.306979,4.513111,-0.877386,3.103585,0.35898,2.837963,-3.522057,3.147356,2.133768,2.33284,-3.615681,0.264028,2.363913,1.044563,-0.097384,0.02192,-4.723689,2.643076,4.02345,3.871409,2.950888,4.967421,2.993624,3.7844,1.533925,2.128751,-2.459009,2.684259,0.997566,4.043749,3.295399,-1.120687,6.1798,7.008043,2.320814,2.14603,3.189492,5.583927,3.882239,3.209707,3.452869,4.109078,-0.027686,0.90975,3.969825,1.338269,3.34557,1.871153,1.151744,2.688729,2.0864,2.146388,0.432077,5.920455,0.965123,-6.217631,-4.394241,-2.375342,-1.551642,-6.622344,-2.111672,-6.389043,-3.568477,-2.784914,-0.514798
64,0.01747,-0.766975,-0.728955,-0.695477,0.579311,-0.590567,2.086311,0.89361,-3.072224,2.0295,0.760056,-4.547453,-4.692901,0.624248,1.612391,-0.232895,-0.316122,-1.969618,-0.453103,-0.863866,4.181718,2.892765,-0.967025,3.893353,-4.203238,0.487459,-0.926913,1.273068,2.43588,1.670234,-1.407071,1.676399,1.23274,2.088096,0.930486,0.157691,1.106583,1.397458,0.955607,1.113869,-2.916148,1.299529,-2.20801,-1.446206,2.543246,0.308559,2.363281,1.061309,-0.46695,3.223581,2.328108,1.179211,1.741917,2.01461,1.189508,4.025932,-0.112643,0.119291,-0.808761,-1.130593,-2.63515,-4.252506,-2.664521,-1.621939,2.275917,0.048509,1.510411,-0.990507,1.759441,0.691732,1.391051,2.156788,-1.90211,-5.0957,3.816482,-2.19466,0.127994,0.155199,0.235488,1.919991,0.4517,-5.951807,0.263165,-0.130074,-1.052013,2.067212,0.989312,-3.759064,0.443749,3.961756,0.458943,-1.91557,0.70358,-1.048688,-1.161541,3.277096,2.091657,2.070267,0.185665,0.163357,2.462813,-2.002054,-0.027377,2.126595,-0.172811,-2.680013,2.851713,0.488849,2.217681,0.570189,-1.539509,-1.187632,4.904491,-3.353627,-0.311973,3.808792,0.772277,-2.546885,1.904342,1.25571,-0.578766,-0.941646,-1.012673,-5.404946,3.543675,-2.936654,0.7529,-2.467931,-0.507627,2.23067,2.939144,1.863153,4.090472,-2.304936,2.854897,-0.025127,4.570327,5.122546,-1.963162,4.897395,-0.399529,3.370959,0.602585,2.699897,-3.502087,2.995265,2.120867,2.059861,-3.453015,0.349604,2.839598,0.881561,-0.388986,-0.156361,-4.780704,2.707424,3.919182,3.820846,3.177666,4.798899,2.976561,4.312112,1.26088,2.406972,-2.487698,2.549397,1.452168,4.128342,3.536119,-0.553059,5.7959,6.858799,2.218648,2.184524,3.074327,5.581365,3.753978,3.138013,3.141742,4.037987,0.140695,0.621178,4.095199,1.754925,2.959662,1.525234,1.356344,2.710968,2.232446,2.018313,0.641519,5.886977,1.242244,-6.130074,-4.494283,-1.750355,-0.916316,-7.072281,-1.995073,-6.256804,-3.445419,-3.012643,-1.417083
65,0.017503,-0.565504,-0.181325,-1.041908,0.629102,-0.583337,1.867007,1.371859,-3.00865,1.741163,0.564561,-3.742612,-4.294627,0.325431,1.81423,-0.756654,-0.594133,-1.875041,-0.752482,-0.744628,3.997668,2.634175,-1.070184,3.840319,-3.728812,0.181784,-1.166416,0.90728,2.453733,1.412145,-1.392579,1.181322,1.301272,1.999879,1.624184,0.460327,0.870591,1.439775,0.82385,0.380348,-3.374799,0.943205,-2.095298,-2.214464,2.280531,0.446666,2.445438,1.323915,-0.0862,3.564627,2.119077,1.08246,1.517537,1.895623,1.199654,3.818711,-0.029286,-0.771454,-0.537428,-1.254265,-2.506029,-4.205207,-2.442416,-2.12871,1.830874,1.082379,1.561261,-0.087869,1.661187,0.652325,1.488811,2.195154,-1.844576,-5.229741,3.527308,-2.469501,0.182818,0.649257,-0.027892,1.547531,0.209264,-4.982574,-0.457265,0.649248,-0.997663,2.080387,0.340231,-3.338642,0.891527,3.568799,-0.058399,-1.80617,0.290953,-1.100385,-1.436727,3.675976,2.852878,1.9332,0.47082,-0.43466,2.278334,-1.803456,0.415019,2.302603,-0.490732,-2.596798,2.943121,0.139797,1.980657,0.049785,-0.608751,-1.493809,5.15411,-2.865529,0.125484,4.008087,0.964769,-3.312632,1.977845,1.110211,-0.968917,-0.182127,-0.151656,-4.500631,3.497328,-3.389775,0.442756,-2.166433,-0.750511,2.563108,2.525683,1.989175,3.906011,-2.956818,3.156616,-0.794171,4.890073,4.18388,-1.668909,4.143988,-0.637177,3.016383,0.918569,3.049278,-2.765568,2.605175,2.142029,2.263207,-3.599094,1.084081,2.743556,1.795281,0.172275,-0.069908,-4.767369,2.362126,4.098766,3.459261,2.493381,5.298493,2.714242,4.511418,1.732708,1.972213,-2.699766,2.843664,1.292366,3.827997,3.770851,-1.080261,6.491925,6.420178,2.021607,2.206717,2.424201,4.579675,3.875105,2.616238,2.906057,3.494039,0.451002,0.668704,3.912465,1.475334,2.63486,2.334856,1.073538,2.890106,1.727907,1.986468,0.495343,6.329284,0.73423,-6.240241,-3.066657,-2.031369,-1.178302,-6.180719,-3.467722,-6.89209,-1.986793,-3.389797,-1.136254
66,0.014268,-0.435437,-0.716345,-1.167783,0.371863,-0.926471,1.63411,1.617308,-3.11616,1.803989,0.622096,-4.11834,-5.081661,0.076168,1.564219,-0.882137,-0.108914,-2.438353,-0.659694,-0.935117,4.210123,2.667334,-1.27065,3.916748,-4.563102,0.318758,-1.037925,0.882768,2.173903,1.871268,-1.416034,1.451938,1.288144,2.083611,1.095238,-0.151362,0.952162,1.23809,0.754444,0.859122,-3.143518,0.947344,-2.194727,-2.435777,2.485641,0.120269,2.421944,1.187456,-0.017436,3.367449,2.397045,0.978536,1.459213,1.936724,1.403001,3.947013,-0.190457,-0.243732,-0.789779,-1.2499,-2.653035,-4.684122,-2.996037,-2.125354,2.00952,0.27871,1.403696,-0.717121,1.552193,0.714116,1.548366,2.185017,-2.161346,-5.102789,3.859174,-2.504835,0.095848,-0.177341,-0.047886,1.722579,0.079209,-5.69236,-0.288867,0.306068,-1.120169,1.884504,0.81579,-3.851985,0.880121,3.574523,-0.222055,-2.033085,0.44619,-1.843931,-1.223475,3.397359,2.417317,1.94352,0.161895,-0.111618,2.444283,-2.334138,-0.189382,2.266671,-0.474995,-2.682744,2.823868,0.125593,2.016752,0.139082,-1.031485,-1.733238,5.010803,-3.266619,-0.092936,4.167711,0.651804,-3.310079,1.723458,1.216821,-0.821858,-1.169207,-0.643282,-5.105455,3.828315,-2.991585,0.308891,-3.151874,-0.28977,2.526927,3.274401,1.693709,4.09805,-2.622209,2.874035,-0.380286,4.789409,4.707976,-2.13793,4.670546,-0.342789,3.006003,0.831845,2.556611,-3.476339,2.602795,2.012839,1.66428,-3.602988,0.695741,2.760257,1.337071,-0.016784,-0.079242,-4.72186,2.666239,4.138663,3.638825,2.782749,4.670774,2.77302,4.618167,1.404324,2.03459,-2.671928,2.290555,1.238037,4.124593,3.406367,-0.724753,6.105116,6.466331,1.803851,1.982306,2.612362,4.864307,4.25278,2.729988,3.101483,3.698395,0.030501,0.652118,4.037361,1.927843,2.650984,1.638895,1.213106,2.773472,2.479685,1.944131,0.603646,6.004622,0.856879,-5.918342,-4.232509,-1.208329,-1.027674,-7.023561,-2.754854,-6.172346,-2.870895,-2.937593,-1.544111
67,0.019718,-0.655856,-0.879649,-0.978094,0.133207,-0.98376,1.804192,1.439712,-3.143756,1.601296,0.843148,-3.690383,-4.862633,0.371095,1.401738,-1.051217,0.429098,-2.535228,-0.96433,-1.140764,4.307453,2.695101,-1.061114,3.874541,-4.03302,0.096026,-1.889546,0.912454,2.483271,2.075864,-1.67203,1.679544,1.512007,2.016146,0.979689,0.120378,1.017811,0.628768,0.717431,0.716401,-3.745786,0.816128,-2.220423,-2.640477,2.574253,0.242612,2.303292,1.340765,-0.293559,3.575466,2.180038,0.595177,1.306191,1.571699,1.160462,3.895453,-0.4245,-0.446584,-0.896505,-1.094844,-2.671178,-4.03876,-2.306592,-2.300481,2.000476,0.554471,1.062315,-0.400009,1.82035,0.575513,1.633439,2.16115,-1.487479,-4.734464,3.69419,-2.634648,0.306535,-0.282922,0.156558,1.513638,0.195861,-5.091241,-0.296312,0.163624,-0.968003,1.47899,0.635005,-4.09591,0.831176,3.496022,-0.282996,-2.184061,0.389447,-1.472348,-1.646814,3.235675,2.919927,1.919466,0.432634,-0.232692,2.412551,-2.38075,0.439353,2.271965,-0.505068,-2.684103,2.917954,0.003146,1.835749,0.501043,-1.039812,-1.400649,4.980222,-2.931138,-0.43047,4.095048,0.627456,-3.036917,1.977256,1.424045,-0.504737,-0.925427,-0.514093,-5.38617,4.028103,-2.921953,-0.106942,-2.907374,-0.543696,2.301172,3.046873,2.0958,4.174632,-2.17997,2.951495,-1.326851,4.462221,4.540597,-1.883288,4.613146,-0.907799,2.736683,0.628001,2.652029,-3.407326,2.62764,2.496916,1.854898,-3.685675,0.394089,2.138522,1.477922,0.000148,-0.077019,-4.802268,2.598375,3.760366,4.036945,2.438244,4.884626,2.840359,3.954557,1.350563,1.770077,-2.635781,2.335165,1.046821,3.869418,3.653483,-1.339943,6.030498,6.431998,1.998305,1.927425,3.134902,4.937522,4.231567,3.08612,3.132379,3.918169,0.409329,0.804573,4.071853,0.975532,3.102881,1.695121,1.221624,2.319753,2.404498,2.075616,0.301048,5.523007,1.02683,-4.974717,-4.244712,-2.274141,-1.775338,-6.281192,-2.798632,-5.908322,-3.141748,-2.884596,-0.786287
68,0.020218,-1.099673,-0.648217,-1.378105,0.349328,-0.699103,1.957936,1.324362,-3.08311,1.285158,0.333712,-4.163361,-5.773978,0.374239,1.381063,-0.526983,0.206575,-3.301313,-0.748253,-0.838951,4.24643,2.788234,-1.179853,3.852284,-3.665522,0.173152,-0.871683,1.116946,2.344641,1.764985,-1.589597,1.830734,1.564145,2.021209,0.90132,0.04485,0.964916,1.164723,0.769799,1.298858,-2.896759,1.016606,-2.109701,-1.777157,2.394613,0.491138,2.431913,1.322397,-0.532448,3.541039,2.235323,1.018126,1.90007,1.595865,0.939283,4.051346,-0.355215,-0.144772,-1.055511,-1.428798,-2.573339,-4.222019,-3.003098,-1.98699,1.996512,-0.357472,1.264847,-1.376073,1.673839,0.713659,1.40485,2.168948,-1.269742,-4.164566,3.413414,-2.283173,0.108586,-0.850436,0.072649,1.791961,0.524523,-5.877878,-0.616324,0.55743,-1.346318,1.918739,0.384082,-4.159965,0.913718,3.456334,0.25424,-2.62029,0.691829,-0.958576,-1.600317,3.096085,2.363277,2.067973,0.255589,-0.013629,2.083622,-2.929674,0.189714,2.617716,-0.274262,-2.673462,2.727742,0.315004,1.861084,0.171729,-1.685145,-1.488529,4.9598,-3.061837,-0.294115,3.913764,0.575709,-2.943083,1.748788,1.276085,-0.921374,-1.569268,-0.37856,-5.79508,3.50874,-2.479171,0.238762,-3.76738,-0.461985,2.522915,3.173931,1.816543,4.127221,-1.916782,3.061899,-0.744051,4.530667,4.384612,-1.222047,4.416121,-0.543222,2.728062,0.429858,3.144755,-3.797494,2.733085,2.277386,1.965554,-3.504779,1.064525,2.268443,1.188672,0.035736,-0.045611,-4.831573,2.594966,4.156635,3.928698,2.519157,4.718934,2.539441,4.136788,1.129325,1.677078,-2.53616,2.573314,0.804022,3.952985,3.668878,-0.863129,6.230322,6.488098,2.296091,1.843375,2.85583,4.66903,4.283652,2.608291,3.159325,3.481352,0.552662,0.243141,4.168007,1.542731,2.809574,1.814646,1.572451,2.449997,2.566136,1.751285,0.538961,5.622888,0.675559,-5.328352,-3.858653,-1.510799,-1.704293,-6.516675,-3.031606,-6.337463,-2.040345,-3.48622,-1.571889
69,0.040334,-0.436132,-1.049293,-0.891315,0.386965,-1.495869,1.467566,1.244782,-3.132618,1.975044,0.680493,-4.424328,-5.194656,0.000999,1.177007,-1.124779,0.973216,-3.310065,-0.923714,-0.947042,3.932183,2.510463,-1.36348,3.951067,-4.224931,0.006365,-1.775586,0.733855,2.277405,2.366439,-1.832463,1.594496,1.348741,1.83158,0.897424,-0.480505,1.146891,0.15297,0.615963,1.102821,-4.039171,0.927894,-2.118547,-2.968232,2.716835,0.297247,2.386508,0.855941,-0.050535,3.257577,2.384634,0.694557,1.310917,1.566834,1.47552,3.930254,-0.440188,-0.122807,-1.594819,-0.822372,-2.67956,-4.702625,-3.236503,-1.82557,2.00314,-0.071032,1.328656,-0.283588,1.579347,0.782042,1.744033,2.216733,-1.44543,-4.546518,3.782163,-2.556805,0.237104,-0.871343,-0.101549,1.678586,0.054687,-5.309253,-0.22236,0.502685,-0.539709,1.238078,1.034555,-3.882222,0.8782,3.581702,-0.210336,-2.44997,0.414305,-1.213051,-1.606499,2.984032,2.496197,1.75766,-0.145727,0.36072,2.591149,-2.265198,0.11604,2.417923,0.390746,-2.616961,2.479458,0.445149,1.746135,0.304138,-1.452058,-1.596942,4.766387,-3.54855,-0.146814,4.265336,0.951219,-3.030334,1.962562,1.4774,-0.375051,-1.38687,-0.687551,-5.432788,3.729515,-2.815871,-0.270512,-3.862147,0.030233,2.273838,3.86401,1.712541,3.948917,-1.67279,2.655089,-0.72652,4.320729,4.801462,-2.119436,4.976614,0.092947,2.958076,0.792828,2.156543,-3.987947,2.603825,2.081241,1.678216,-3.518469,0.32465,2.503698,1.418651,-0.049076,-0.008596,-4.963655,2.631203,3.984654,3.644649,2.481073,4.327141,3.08145,4.599196,1.215985,1.648277,-2.365276,1.790413,1.158642,4.29058,3.096663,-0.720888,5.590449,6.447956,2.004308,1.655071,2.984952,4.851494,4.475385,3.126335,3.096864,4.078336,-0.05573,1.14171,3.782215,1.984851,2.83394,1.328046,1.239922,1.997631,3.128337,2.304306,0.673194,5.479055,1.129339,-5.473958,-4.185096,-1.16945,-1.880839,-6.853418,-2.353808,-4.601895,-3.638532,-3.121262,-2.027645
70,0.033027,-0.978709,-0.472195,-1.058783,0.616628,-0.920725,1.794211,1.251995,-3.064522,1.621426,0.578208,-4.293546,-5.00772,0.362756,1.298649,-0.716013,0.219232,-2.255483,-0.938438,-0.95731,4.133426,2.719203,-1.348516,3.876041,-3.971309,0.147878,-1.04343,1.180691,2.42932,1.859533,-2.176636,1.42984,1.176313,2.130379,1.54139,0.37161,1.136127,0.575473,0.915532,0.841701,-3.854171,1.096902,-2.11167,-2.167105,2.49663,0.536878,2.400309,1.181748,-0.486918,3.426934,2.307078,1.217852,1.489883,1.971797,1.285465,3.94751,-0.317665,-0.230991,-1.129474,-1.130895,-2.578265,-4.118914,-2.878748,-1.685665,2.044483,0.525596,1.385185,-0.644187,1.770045,0.860449,1.584088,2.19739,-1.311597,-4.721736,3.581511,-1.928856,0.129588,-0.00994,-0.172244,1.834587,0.309117,-5.35161,-0.287007,0.467695,-0.844277,1.9693,0.618111,-3.764723,0.652092,3.527839,-0.104155,-2.244092,0.841982,-0.93172,-1.494062,3.598114,2.605797,1.944357,0.035537,0.017671,2.320583,-2.292718,0.334173,2.460005,-0.200134,-2.622568,2.837463,0.700597,2.084312,0.26744,-1.585907,-1.655795,5.014308,-3.275263,0.088647,3.915628,0.992353,-2.761852,1.780343,1.218523,-0.553382,-0.754562,-0.411524,-5.704073,3.465698,-2.803132,0.518181,-3.065771,-0.462717,2.195604,2.757916,2.124495,4.018999,-2.430108,2.91501,-0.550613,4.784349,4.527072,-1.670936,4.409361,-0.35541,3.075891,0.527933,2.858825,-3.547034,2.864022,1.962695,2.304539,-3.454164,0.788951,2.61122,1.249974,-0.033344,0.021195,-4.836,2.494917,4.117538,3.624279,2.649407,5.010015,2.776926,4.404024,1.466939,2.019915,-2.560333,2.6531,1.005129,3.983237,3.365177,-0.723183,6.287178,6.625213,2.304168,1.986354,2.832578,4.886702,3.853508,2.944721,3.131626,3.821086,0.263436,0.800182,3.821268,1.49751,2.79342,1.944959,1.307953,2.577748,2.201287,1.985972,0.597013,6.087745,0.930859,-6.381222,-3.876346,-1.92974,-1.420442,-6.392344,-2.646243,-6.408116,-2.832342,-3.065546,-1.092782
71,0.042605,-0.511314,-0.694472,-0.941757,0.350662,-0.871821,1.605486,1.236362,-3.091705,1.578669,0.722235,-4.489651,-5.162471,0.390217,1.432025,-0.600791,-0.137485,-2.903492,-0.842677,-0.38773,4.202194,2.673791,-0.747951,4.11281,-4.153134,0.024957,-0.674291,0.756296,2.372709,1.558415,-1.20945,1.508106,1.337512,1.935334,1.026659,0.140125,0.941576,1.324856,0.771007,1.078015,-3.194586,0.885477,-2.091888,-1.927847,2.511596,0.276081,2.371129,1.091134,0.0862,3.449233,2.113415,0.981104,1.736604,1.654101,1.257886,4.11049,-0.184669,-0.069906,-0.999774,-1.381681,-2.613377,-4.326801,-2.960549,-2.071684,2.087003,0.217568,0.882782,-0.931547,1.555744,0.774597,1.386582,2.152487,-1.56486,-4.417113,3.588146,-2.801181,0.318196,-0.412543,-0.151863,1.488693,0.209747,-5.300875,-0.827378,0.435951,-1.092681,1.862803,0.741514,-4.071644,0.726405,3.405451,-0.062594,-2.304506,0.483696,-0.833842,-1.425703,3.279223,2.642723,1.60957,0.584793,0.046228,2.308123,-2.513524,0.244916,2.646304,-0.182325,-2.595058,2.709243,-0.168598,1.694557,-0.028682,-1.37622,-1.459811,4.840975,-3.368248,-0.224038,4.153837,0.668045,-3.259034,1.905166,1.414258,-0.770281,-1.021539,-0.394915,-4.896201,3.46792,-3.210063,0.143647,-2.967144,-0.201427,2.469409,3.200485,1.644447,3.998081,-2.08718,2.863883,-0.778188,4.513343,4.644896,-1.554624,4.607248,-0.218356,2.694523,0.61946,2.714898,-3.516388,2.469723,2.260699,2.025287,-3.712401,1.057261,2.592868,1.693387,-0.202404,0.163581,-4.68978,2.587514,4.098462,3.697499,2.558689,4.567164,2.653935,4.400028,1.42701,1.344169,-2.839202,2.031034,1.05471,4.153839,3.389111,-0.628247,5.811926,6.600949,2.014688,1.725425,2.963724,4.821311,4.390391,2.859217,3.085186,3.71817,0.318185,0.644555,3.893903,1.839879,2.986181,1.428189,1.389911,2.145052,2.583657,2.173723,0.587264,5.649702,0.666989,-5.336346,-3.524871,-1.396804,-1.923021,-6.753119,-2.777243,-5.555758,-2.752412,-3.192669,-1.758203
72,0.014532,-1.032729,-0.693554,-0.76727,0.246237,-0.910542,1.512375,1.40873,-3.14909,1.494411,0.62516,-5.102712,-5.307604,0.237064,1.481875,-0.301938,0.655719,-1.867922,-0.73943,-0.907396,4.468935,2.836227,-0.997009,3.898376,-3.987657,0.317512,-1.324536,1.485835,3.046578,1.8217,-1.988679,1.732059,1.223861,2.171618,1.415218,0.015946,0.852372,0.378934,0.668798,0.637945,-4.327865,1.05285,-2.188036,-1.891733,2.379317,0.958491,2.317572,1.229841,-0.771189,3.637926,2.084956,1.394425,2.012345,1.765496,0.984971,4.423349,-0.355453,-0.293041,-0.666214,-1.445055,-2.626773,-4.435714,-2.892821,-1.995021,2.18451,0.563953,1.17114,-0.712408,1.922942,0.849575,1.475593,2.063085,-1.284551,-4.432431,3.593988,-2.337337,-0.023929,-0.307205,0.182409,1.898712,0.203164,-4.990154,-0.066659,0.231634,-1.474198,2.02257,0.419282,-4.596717,0.487213,3.346995,-0.156569,-2.661359,0.715795,-0.774311,-1.886793,3.440368,2.715742,2.151079,0.235283,0.030122,2.140913,-2.591813,0.265805,2.818254,-0.609686,-2.701195,3.267551,0.380828,1.956309,0.247508,-1.652937,-1.782905,5.045747,-3.509475,-0.540411,4.157421,0.942716,-3.092758,1.967361,1.422094,-0.634148,-0.89065,-0.430861,-6.194715,4.27044,-3.127793,0.668537,-3.087976,-0.592807,2.653583,2.924098,2.031337,4.217865,-2.571802,3.146009,-0.871013,5.006268,4.539785,-1.396318,4.385457,-0.823547,2.752087,0.482618,3.138479,-3.610614,2.509837,2.442136,2.281558,-3.819979,0.887903,2.500066,1.711156,-0.367331,-0.02147,-4.836784,2.976635,4.283117,4.034575,2.852153,5.002035,2.812424,4.256647,1.732668,1.67585,-2.758394,2.291052,1.267544,3.885706,3.564879,-1.646228,6.323938,7.070469,2.1492,1.997137,2.674282,4.660881,4.355933,2.703759,3.426024,3.658502,0.336928,0.414076,4.183803,1.270304,2.786396,1.843565,1.3,2.301887,2.481881,1.662841,0.57826,5.889397,0.613919,-5.445573,-3.667324,-1.536258,-1.581969,-6.484888,-3.692232,-6.850194,-2.820875,-3.058641,-1.041791
73,0.009126,-0.830238,-0.476665,-1.150373,0.595892,-0.373457,2.002794,1.395913,-3.112204,1.880001,0.651418,-4.00788,-4.807039,0.405813,1.771395,-0.471863,0.085612,-1.73074,-0.524208,-1.055857,4.401701,2.817305,-0.811625,3.900827,-3.791352,0.417004,-0.889636,1.410359,2.797143,1.307236,-1.328169,1.576953,1.351219,2.077035,1.455896,0.179995,0.954413,0.994826,0.419274,0.915461,-3.114143,1.052943,-2.163251,-1.82483,2.540616,0.392693,2.614038,1.282771,-0.515732,3.710376,1.933068,1.011334,1.862282,2.120497,1.06898,4.109733,-0.075663,-0.566457,-0.401025,-1.430634,-2.612383,-4.474403,-2.530457,-2.255804,2.067281,0.843472,1.401523,-0.428451,1.718637,0.63234,1.322729,2.199056,-1.671247,-5.258143,3.767446,-2.088891,0.122458,0.329967,0.52273,1.884988,0.367324,-5.497967,0.20331,0.076499,-1.559548,2.14177,0.33381,-4.168795,0.880766,3.676528,0.178392,-2.407547,0.375736,-1.075376,-1.58528,3.659972,2.749477,2.091804,0.390653,-0.328068,2.359209,-2.110246,0.228748,2.436811,-0.853319,-2.708693,3.315583,0.211267,2.156845,0.081442,-1.261673,-1.253267,5.277332,-3.037409,-0.253498,4.049588,0.736616,-2.799308,2.037908,1.149572,-1.087298,-0.7155,-0.502692,-5.314307,4.034864,-3.219312,0.735809,-2.344453,-0.706071,2.45281,2.59517,2.023927,4.288166,-2.93325,3.037384,-0.887007,4.968613,4.594254,-1.682834,4.506692,-1.114914,2.99045,0.766086,3.034451,-3.291968,2.863467,2.378524,2.244246,-3.729454,0.643237,2.562841,1.404375,-0.117343,-0.151653,-4.751241,2.744668,4.239611,3.86445,3.068643,5.247848,2.834171,4.170754,1.675625,1.895249,-2.619507,2.76164,1.360725,3.747212,3.761083,-1.35607,6.204854,6.816738,2.084405,2.342657,2.878206,5.105664,3.916384,3.064863,3.292619,3.898164,0.291341,0.502309,4.315964,1.07904,2.963502,1.964153,1.257975,2.782594,1.821715,1.96839,0.260173,5.960835,0.851759,-5.778551,-4.03023,-2.392979,-1.191149,-6.617732,-3.095246,-6.720864,-2.920516,-2.760972,-0.698278
74,0.008482,-0.984615,-0.73769,-1.164064,0.508153,-1.110947,1.443475,1.850138,-3.148362,1.524312,0.377928,-4.912692,-5.902859,-0.003035,1.173815,-0.541373,0.629637,-2.368909,-0.950071,-0.818261,4.281393,2.845229,-0.119955,3.832268,-3.961692,0.226283,-0.955053,1.124308,2.625917,1.519938,-2.129061,1.406549,1.334033,2.242887,1.31002,0.100362,0.87113,0.470008,0.76434,0.796779,-3.971591,0.850884,-2.221406,-1.960974,2.391064,0.680781,2.552163,1.499403,0.345512,3.702748,2.211674,1.111685,1.426472,1.958299,1.250604,4.283249,-0.038559,-0.100823,-1.008764,-1.269989,-2.656804,-5.020791,-3.015159,-2.28215,2.290401,0.244077,1.226881,-0.738033,1.599489,0.814958,1.403105,2.017833,-1.16422,-4.413799,3.680405,-2.457209,0.140921,-0.508101,0.200531,1.560908,0.390549,-5.562345,-0.40751,0.63451,-1.706995,1.870242,0.448103,-4.850064,0.589725,3.575182,-0.642276,-2.870897,0.889103,-1.238313,-2.022806,3.395483,2.700136,1.606368,0.013178,-0.008305,2.221977,-2.625729,0.119074,2.594872,-0.665582,-2.677499,2.911167,0.58827,2.068324,0.28931,-1.732401,-1.855979,4.989454,-3.46926,-0.417729,4.211425,0.514243,-3.503962,1.893948,1.205671,-0.909319,-1.182858,-0.730935,-5.992171,4.167815,-3.488443,0.251736,-3.614367,-0.415749,2.499511,3.026293,1.614843,4.418107,-2.376812,3.008441,-1.047759,4.999098,4.707357,-1.442017,4.621405,-0.837028,2.932172,0.581684,2.985506,-3.972432,2.642368,2.25439,2.223835,-3.80631,0.679683,2.76404,1.034327,0.011423,-0.023694,-4.639381,2.828828,4.352351,3.862714,2.847059,4.800442,2.998554,4.402984,1.252549,1.710106,-2.945607,2.169867,0.8758,3.893231,3.693068,-0.874282,6.184972,7.044979,1.881392,1.692688,2.916582,4.923824,4.28992,2.683694,3.356682,3.665959,0.022658,0.361603,4.185932,1.687708,2.979982,1.551616,1.393235,2.385223,2.410361,1.963326,0.204095,6.018193,0.863476,-5.515081,-4.48631,-1.46976,-1.130442,-7.082207,-2.863438,-6.23064,-2.957379,-3.064006,-1.225691
75,0.00883,-0.576935,-0.708976,-0.92042,0.474724,-0.567721,1.856391,1.276151,-3.106219,1.477535,0.562161,-4.265524,-4.901452,0.455285,1.584901,-0.640354,-0.326236,-2.697212,-0.889587,-1.075132,4.241232,2.801274,-1.158737,3.969626,-4.371694,0.09816,-1.300458,0.86189,2.198055,1.726962,-1.356594,1.464723,1.324109,2.172906,0.970603,0.343223,0.961544,1.630248,0.927383,0.786435,-3.149554,0.95137,-2.110393,-1.728955,2.389716,0.050291,2.307126,1.12016,-0.34398,3.313313,2.258235,1.028504,1.371792,1.996259,1.172757,3.844497,-0.209749,-0.099387,-0.73638,-1.258181,-2.602523,-4.294968,-2.717697,-1.932833,2.067374,0.337181,1.436038,-0.885388,1.870421,0.659894,1.489668,2.10392,-2.003868,-4.951606,3.670967,-2.384401,0.062282,-0.299882,-0.300799,1.507928,0.07622,-5.789937,-0.419101,0.180685,-0.997039,2.106843,0.644252,-3.654192,0.906292,3.617347,0.101206,-1.641763,0.531157,-1.625934,-1.149853,3.391885,2.378302,1.953594,0.51252,-0.097842,2.425276,-2.399574,0.139848,2.144382,-0.255154,-2.675191,2.851635,0.082702,2.152143,0.294967,-1.162219,-1.457276,5.049999,-3.077393,-0.230064,4.076541,0.66374,-3.204789,1.536496,1.297271,-0.680058,-1.22411,-0.650456,-5.153516,3.351399,-3.200826,0.476149,-2.863511,-0.720191,2.210042,2.969647,2.221237,3.787043,-2.500518,2.840348,-0.504462,4.701695,4.462077,-1.836344,4.584354,-0.406701,3.121233,0.654489,2.833412,-3.091652,2.627791,2.282168,1.950044,-3.387459,0.663668,2.456239,1.714144,-0.221268,0.013815,-4.689822,2.514249,4.036165,3.53605,2.490708,5.013049,2.764,4.280052,1.673742,1.984501,-2.586364,2.564345,1.336532,3.842433,3.176213,-0.688735,6.156022,6.313058,1.980626,2.322708,2.9079,4.793751,3.988301,3.069858,3.209101,4.016821,0.353322,0.820961,3.71567,1.568861,2.911472,1.783666,1.186012,2.497541,2.317629,1.918689,0.836098,5.779972,1.028383,-5.978014,-3.697205,-1.88537,-1.866407,-5.72102,-2.985361,-6.23119,-2.970141,-2.891749,-1.296651
76,0.034738,-0.552881,-0.678633,-0.459736,0.468835,-1.251764,1.712075,1.547345,-3.14086,1.665266,0.790031,-4.376361,-5.072014,0.28752,1.538285,-0.645761,0.295344,-3.341207,-0.453231,-1.259635,4.026567,2.672117,-1.29185,3.845381,-4.788239,0.033941,-0.89309,0.486094,2.203251,1.987117,-1.892719,1.285663,1.47878,2.248459,1.206068,0.174266,1.132097,1.122757,0.821992,0.702182,-4.35627,0.832066,-2.174498,-2.15359,2.419395,0.437869,2.223012,1.363878,0.709979,3.395687,2.618239,0.968486,0.582469,1.947003,1.206375,3.80357,-0.086113,-0.164035,-0.838549,-0.861259,-2.645182,-4.437985,-2.291779,-2.073631,1.81249,0.573088,1.112702,-0.454595,1.473622,0.820761,1.537952,2.068091,-1.939805,-5.670296,3.755641,-2.75736,0.358214,0.344122,-0.63255,1.4251,0.286836,-6.014903,-0.883202,0.567244,-0.429982,2.033623,0.947222,-3.822718,1.180656,3.641149,-1.346949,-1.634826,0.668537,-2.190473,-1.145933,3.207249,2.803746,1.687824,0.41163,-0.42294,2.133844,-2.595278,0.263386,1.76646,-0.030889,-2.623497,2.349283,0.447293,1.941216,0.168074,-1.439099,-1.454841,5.052446,-3.382164,-0.287487,4.136783,0.746798,-3.996211,1.57444,1.075291,-0.565744,-0.779922,-0.512164,-6.013218,3.760785,-3.171601,-0.008558,-3.509732,-0.588506,2.211583,3.223465,2.049113,3.615875,-2.592257,2.782191,-0.69329,4.813172,4.341,-2.501394,4.988774,-0.352909,3.097674,0.785101,2.5165,-3.171425,2.431645,2.45001,1.7098,-3.249423,0.499786,2.624767,1.636943,-0.062039,0.213343,-4.504513,2.419052,4.178397,3.199687,2.286278,4.956275,3.110306,4.77331,1.674846,1.893306,-2.806253,2.067907,1.118612,3.600879,3.164523,-0.26773,6.114505,6.17721,1.622548,2.265107,3.006886,4.456799,4.283637,3.211707,3.076829,4.289584,0.57949,1.119755,3.46536,1.558805,2.80275,1.681127,1.299242,1.839173,2.547122,2.105575,0.705217,5.545843,1.637815,-5.74125,-3.7035,-1.715588,-2.015885,-5.711069,-3.09731,-5.096142,-3.16308,-2.650056,-2.054148
77,0.016117,-0.842856,-0.434549,-1.378482,0.437447,-0.997553,1.936862,1.411994,-3.158784,1.342104,0.520786,-4.194906,-5.390624,0.183772,1.518999,-0.419579,-0.018155,-2.979513,-0.523508,-1.250932,4.170742,2.811593,-1.91226,3.776821,-4.654516,0.296164,-1.086609,1.24599,2.319189,2.042233,-1.551836,1.394241,1.327645,2.409185,1.410415,0.419812,1.15852,1.139301,0.991527,0.889678,-3.723453,0.937973,-2.216111,-1.6684,2.310134,0.564083,2.271244,1.300902,-0.424255,3.541967,2.659834,0.985741,1.356305,1.787854,1.066934,3.784909,-0.186494,-0.063137,-0.406539,-1.505152,-2.591187,-4.543267,-2.54505,-1.946143,1.792125,0.586138,1.222833,-0.593438,1.881938,0.949323,1.439155,2.263333,-1.733374,-5.189767,3.704179,-2.336781,0.023369,0.159119,-0.358208,1.834738,0.332452,-6.291281,-0.491875,0.349879,-0.9357,2.297158,0.534368,-3.718361,1.125375,3.414053,-0.381438,-1.974369,0.670218,-1.875454,-1.107504,3.173735,2.556862,2.193554,0.344707,-0.113302,2.229921,-2.863144,0.189757,2.236367,-0.371633,-2.659496,2.809846,0.457116,1.850526,0.550024,-1.498606,-1.530417,5.241855,-3.444295,0.030734,3.994646,0.902381,-3.284146,1.553225,1.231307,-0.706459,-0.859675,-0.384682,-6.380436,3.708339,-2.693089,0.331034,-3.736372,-0.640575,2.452662,3.201529,2.138523,4.05358,-2.613116,3.080847,-0.411505,5.21472,4.229596,-2.05757,4.519124,-0.594232,2.831692,0.537344,3.100334,-3.151181,2.644471,2.543982,1.841183,-3.454062,0.711461,2.603108,1.410772,0.121108,0.264978,-4.7021,2.983084,4.568274,3.648698,2.746299,5.045226,2.905826,4.504672,1.653265,2.079811,-2.466865,2.489805,1.01488,3.573428,3.470696,-0.849795,6.522257,6.385003,1.787385,2.386855,2.716289,4.49931,4.318535,2.976441,3.455014,3.892945,0.55735,0.642719,3.830022,1.416844,2.788402,2.302333,1.457336,2.631346,2.558422,1.745011,0.716638,5.654039,0.93382,-5.711975,-4.144153,-1.626159,-1.642958,-6.137544,-3.88132,-6.483044,-2.59708,-2.949667,-1.220349
78,0.01543,-0.953779,-0.707869,-0.564491,0.353142,-0.884786,1.186196,1.775899,-3.152002,1.686358,0.464361,-5.107136,-5.410661,0.03082,1.594974,-0.227127,0.986376,-2.659574,-0.642602,-1.00241,4.111132,2.77679,-0.591603,3.926403,-4.375299,0.311534,-1.356267,1.175478,2.822645,1.982493,-1.903056,1.309118,1.087386,2.165469,1.046953,-0.344993,1.017086,0.745575,0.424612,0.835755,-3.995427,0.981777,-2.15097,-2.037471,2.322105,0.67504,2.241871,1.45292,0.166428,3.307486,2.183632,1.135389,1.326706,2.001684,1.07016,4.212029,-0.561174,-0.194244,-1.247307,-1.217726,-2.623606,-4.325346,-2.548345,-1.926046,2.158715,-0.240355,1.429264,-0.333373,1.557727,0.906887,1.724674,2.197586,-1.308774,-4.769779,3.602466,-2.405267,0.208873,-0.217811,0.342693,1.61436,0.213955,-5.218596,-0.422806,0.482207,-1.174606,1.932945,0.795811,-4.47472,0.776648,3.629028,-0.722016,-2.641857,0.75182,-1.119481,-1.55474,3.141902,2.396825,1.856956,-0.092428,-0.266461,2.17136,-2.573291,-0.181319,2.476256,-0.318834,-2.654804,2.783462,0.182244,2.030078,-0.032719,-1.966427,-1.259756,4.874064,-3.140282,-0.313165,4.130466,0.711029,-3.49031,2.022147,1.119128,-0.594811,-0.964575,-0.65838,-6.027253,4.216908,-2.840352,0.211717,-3.263604,-0.492175,2.67697,3.301658,1.553516,4.219689,-2.674841,3.229863,-0.359237,5.110196,4.618009,-1.922452,4.512844,-0.444084,2.861067,0.79054,2.915394,-4.093439,2.570319,2.179591,1.899462,-3.782224,0.661736,2.95389,1.276547,0.027815,-0.116437,-4.607262,3.001159,4.143508,3.754496,2.860429,4.642617,2.838335,4.529401,1.342499,1.858714,-2.750484,1.88469,1.209823,4.186203,3.546765,-1.077709,6.068547,6.855308,1.695802,1.605617,2.442718,4.662323,4.47769,2.165229,3.381843,3.455149,0.159836,0.183247,4.159805,1.897513,2.509079,1.411484,1.550387,2.422587,2.827625,1.68039,0.810095,6.144121,0.873033,-5.50331,-4.09234,-0.759597,-0.813602,-7.131351,-3.325758,-6.570866,-2.658372,-3.172269,-1.528024
79,0.021728,-0.447529,-0.920631,-0.869226,0.606544,-1.119976,1.634082,1.363291,-3.134065,1.469982,0.791488,-4.476688,-5.03491,0.036339,1.47766,-0.454399,0.323158,-2.9846,-0.276156,-0.848746,4.173762,2.637275,-1.337813,3.892076,-4.468264,0.267622,-0.978463,0.797587,2.273337,1.83445,-1.086368,1.40605,1.439338,2.152642,1.260489,-0.048169,0.792417,1.258728,0.888319,0.761162,-3.46114,0.82816,-2.173564,-2.046808,2.325109,0.524228,2.09815,1.167238,0.095506,3.306266,2.318047,0.945918,1.374843,1.695087,1.144341,4.02918,-0.058799,0.00334,-0.737518,-1.422235,-2.606669,-4.594588,-2.611302,-1.880636,2.006783,0.506683,1.054718,-0.807943,1.697396,0.883602,1.566341,2.187352,-1.882925,-4.87033,3.813876,-2.808994,0.240329,-0.242769,-0.415595,1.659564,0.24537,-5.613729,-0.258938,0.375324,-0.996437,1.90674,0.889625,-3.982655,0.983252,3.502419,-0.226922,-2.30431,0.378076,-1.663676,-1.191175,3.210305,2.556278,1.831542,0.397904,-0.200517,2.303301,-2.541379,0.213171,2.330069,-0.149594,-2.624783,2.662732,0.116457,1.755199,0.147514,-1.118638,-1.521314,4.84054,-3.647158,-0.275652,4.269163,0.817763,-3.629248,1.636856,1.192059,-0.706727,-0.922679,-0.692838,-5.362718,3.725671,-3.005973,0.11277,-3.471873,-0.33002,2.583149,3.290922,1.867216,3.866738,-2.646254,2.686181,-0.425783,4.707035,4.628248,-2.029784,4.802934,-0.234536,2.979815,0.681696,2.545782,-3.237335,2.249651,2.155639,1.635504,-3.542881,0.753163,2.803159,1.660992,-0.041281,0.209184,-4.735986,2.585744,4.22094,3.582843,2.719107,4.95575,2.740928,4.814127,1.489917,1.766445,-2.825664,2.148634,1.278131,3.81611,3.34776,-0.564624,5.973178,6.510126,2.034458,2.01373,2.760919,4.686922,4.373582,2.876195,3.085307,3.849538,0.332596,0.832834,3.789655,1.926509,2.608644,1.564489,1.289422,2.275403,2.495708,1.976688,0.496577,5.694808,0.978022,-5.77358,-3.720152,-1.23896,-1.675829,-6.656977,-2.950067,-5.685587,-2.862273,-2.75101,-2.116776
80,0.01054,-0.913123,-0.606954,-1.202954,0.318628,-0.602209,2.036444,1.086781,-3.058895,1.433172,0.682335,-3.465733,-4.800431,0.366521,1.572467,-0.8201,-0.060839,-2.638551,-0.693444,-1.313612,4.3406,2.665481,-1.534053,3.861646,-4.004543,0.366235,-1.225609,0.934039,2.17386,1.678189,-1.481954,1.630296,1.495384,2.266825,1.095426,0.308262,0.853132,1.181543,0.699717,0.730646,-3.115382,0.962359,-2.150323,-1.895213,2.300675,0.270356,2.241247,1.112016,-0.760114,3.32992,2.09037,1.024775,1.478295,1.86315,0.91739,3.94143,-0.413441,-0.640028,-0.684154,-1.479397,-2.569963,-3.720088,-2.271778,-1.7546,1.957358,0.637054,1.15759,-0.7955,2.024479,0.636683,1.547002,2.283992,-1.756278,-4.598388,3.613373,-2.011349,-0.046509,-0.324309,-0.164743,1.534849,0.147598,-5.363274,-0.379626,0.017012,-1.211034,1.877958,0.410073,-3.612847,0.761392,3.662597,0.273531,-1.875508,0.327068,-1.429779,-1.238816,3.34717,2.679971,2.217876,0.512958,-0.533383,2.210862,-2.513384,0.423602,2.295374,-0.537065,-2.654317,2.998347,0.490458,2.015662,0.049776,-1.507009,-1.402247,5.028626,-3.016428,-0.154845,3.961677,0.743198,-2.76027,1.618898,1.249121,-0.639823,-1.131014,-0.359143,-5.512176,3.564828,-2.726587,0.433728,-2.866722,-0.837083,2.402146,2.540105,2.377751,4.010692,-2.779603,2.948488,-0.474921,4.864544,4.380641,-2.049816,4.496402,-0.871842,2.968822,0.614473,2.918104,-2.74513,2.585835,2.375145,1.960311,-3.279089,0.709132,2.527085,1.756556,-0.031088,0.048797,-4.791529,2.680682,3.972228,3.728588,2.779192,5.228318,2.827522,4.193609,1.785501,2.113328,-2.467235,2.649892,1.426029,3.54543,3.625454,-1.257057,6.54193,6.280633,2.058872,2.344394,2.585429,4.737526,3.754645,2.87684,3.230075,3.725238,0.500661,0.665853,3.914568,1.240376,2.661592,2.177663,1.040641,2.754126,1.878113,1.688842,0.68856,5.825512,0.939403,-6.120849,-3.665053,-2.131254,-1.369688,-5.881,-3.409101,-6.851948,-2.68998,-2.761166,-0.91603
81,0.018008,-1.411357,-0.942465,-0.760811,0.532995,-1.143458,1.483505,1.078301,-3.127233,2.076982,0.477093,-4.727821,-4.651241,0.534509,1.475946,-0.795119,1.089925,-2.255199,-0.494779,-1.114403,4.41521,2.711145,-1.003581,4.027893,-4.493564,0.304431,-2.039662,1.376797,3.024852,1.589076,-2.101078,1.86785,1.202826,2.070213,1.696685,-0.131876,0.817946,0.416785,0.049953,0.706198,-4.587192,1.060776,-2.152956,-2.258729,2.550992,0.860575,2.195339,1.055031,-0.614413,3.434838,2.053075,1.545521,1.730062,1.835482,0.809341,4.639116,-0.321916,-0.587309,-1.142642,-1.236722,-2.684203,-4.491309,-2.671361,-1.928411,2.425275,0.670647,0.596022,0.00979,1.830889,0.704256,1.588596,2.305573,-1.625891,-5.333382,3.792676,-2.492675,-0.035521,0.263966,-0.017223,1.571141,0.131939,-4.930475,0.360329,0.253195,-1.223445,2.060088,0.468195,-4.54853,0.439262,3.667052,-0.421332,-2.539576,0.145404,-1.118816,-1.888417,3.441607,2.76829,1.684332,0.587041,-0.193356,2.077714,-2.138225,0.319214,2.810117,-0.643803,-2.691464,3.104389,0.753818,1.799351,-0.131308,-2.116033,-0.953594,5.035784,-3.863634,-0.566238,4.20081,1.12405,-3.184712,2.062526,1.411853,-0.480207,-0.788889,-0.147474,-6.338509,4.390051,-3.117851,0.563827,-3.389284,-0.647182,2.498336,2.360026,2.107529,4.768196,-2.772309,2.681791,-0.744936,4.86068,5.286155,-1.906896,4.771833,-1.2904,2.961815,0.145549,2.535133,-3.727646,2.337327,2.23335,1.947844,-3.714853,0.248315,2.958697,1.385353,-0.31531,0.425354,-4.873056,3.183809,4.028323,4.477226,3.734478,5.236056,3.072604,4.288214,1.89419,1.977255,-2.292614,1.892473,1.53885,3.899522,3.936091,-1.775562,5.953139,7.418747,2.523517,1.988633,2.838114,5.754097,3.971301,3.038753,3.480134,3.972982,-0.11326,0.878285,4.406639,1.608047,2.823249,1.546526,1.045529,2.369903,1.959362,1.612501,0.126116,6.021636,0.498135,-5.839387,-4.551011,-1.755044,-0.805649,-7.828716,-2.584425,-6.824544,-4.035287,-1.736467,-0.842943
82,0.025377,-1.170271,-0.974716,-0.533564,0.52776,-0.697116,1.642946,1.143863,-3.08659,0.979056,0.701263,-5.614157,-5.699647,0.512162,1.27346,-0.028684,0.423936,-2.120411,-0.389447,-0.788631,4.434522,2.78429,-0.621675,4.077588,-4.581087,0.239434,-0.953276,1.353619,2.871266,1.603487,-1.891474,1.873466,1.224666,2.45932,1.00434,0.353293,0.770821,0.884891,0.923946,0.907934,-4.109469,1.122605,-2.144973,-0.942485,2.302637,0.828517,2.18368,1.20609,-0.683646,3.275127,2.074039,1.48098,1.536914,2.040185,0.864283,4.503428,-0.634025,0.125895,-0.770376,-1.635805,-2.650257,-4.252819,-2.872656,-1.722447,2.428811,-0.110775,0.766142,-1.480816,1.648472,0.870583,1.50235,2.019288,-1.666097,-4.55235,3.683937,-2.340997,0.013293,-0.477151,-0.16054,1.927907,0.078024,-5.498502,-0.104431,0.076441,-1.774233,2.260152,0.691119,-4.678446,0.77009,3.387218,0.060113,-2.311279,0.799986,-0.790647,-1.291803,3.428813,2.285268,1.804411,0.371776,-0.094157,2.071548,-3.233531,-0.039209,2.648931,-0.605074,-2.641653,3.012791,0.67654,2.227666,0.208978,-2.439605,-1.573048,4.80953,-3.646989,-0.736478,4.128203,0.663114,-3.055655,1.586286,1.214263,-0.550701,-1.303175,-0.890378,-6.872933,3.765216,-2.598845,0.875479,-3.319512,-0.609044,2.51481,2.749601,2.033233,4.228599,-2.646549,2.752091,-0.234592,5.016883,4.946852,-1.733106,4.695766,-0.629768,3.035482,0.302876,3.004794,-3.712359,2.32552,2.266519,2.102273,-3.394387,0.605294,2.9229,1.231934,-0.53502,0.230896,-4.568126,2.86494,4.084279,3.94323,3.119044,4.995996,2.831223,4.425746,1.549078,1.936842,-2.831029,1.986799,1.368488,3.940748,3.411902,-0.894394,5.984249,7.329485,2.181612,2.030271,2.720829,5.161269,4.034661,2.722262,3.334143,3.811935,0.120089,0.194051,3.920253,1.611984,2.723452,1.249132,1.311193,2.238986,2.290862,1.542314,0.568682,5.93362,0.913596,-5.744856,-3.684221,-1.307983,-1.207983,-6.893343,-2.84903,-6.745072,-3.138218,-2.533551,-1.523098
83,0.015842,-0.401517,-0.799154,-0.744154,0.663479,-0.678031,1.656204,0.965296,-3.041401,1.725127,0.868708,-4.759942,-4.828878,0.160834,1.699888,-0.296063,-0.210868,-1.953858,-0.328643,-0.537522,4.170623,2.649395,-0.934754,4.065941,-3.862139,0.334173,-0.791931,1.0322,2.493678,1.561259,-0.979374,1.574461,1.292038,1.898312,0.764133,-0.046329,0.919915,1.263571,0.928039,1.138674,-2.928742,1.129684,-2.133337,-1.736648,2.519675,0.353823,2.446152,1.078469,-0.483242,3.150811,2.123044,0.948671,1.795575,1.795049,1.201411,4.096169,-0.234415,-0.230691,-0.629382,-1.28868,-2.64386,-4.40833,-2.932437,-1.780463,2.164496,0.109856,1.180457,-1.020453,1.614107,0.702345,1.452895,2.073843,-1.887986,-4.790932,3.790299,-2.587492,0.21565,-0.397386,0.045458,1.612309,0.085067,-5.400873,0.184121,0.020853,-1.187315,1.879045,0.788091,-3.915681,0.73264,3.667098,0.53695,-2.128867,0.467578,-0.71783,-1.248603,3.336661,2.249601,1.920596,0.106155,0.115044,2.382206,-2.09587,0.168613,2.534318,-0.167007,-2.654235,2.818157,0.020423,2.100797,0.108562,-1.038208,-1.627063,4.782701,-3.38009,-0.439666,4.041929,0.782229,-2.885406,1.921317,1.266363,-0.842046,-0.973273,-0.712219,-4.82486,3.511369,-2.972456,0.47539,-2.440806,-0.481538,2.512582,3.318897,1.588277,3.905655,-2.329675,2.767093,-0.288079,4.551443,4.894006,-1.78718,4.778365,-0.140438,3.020086,0.90109,2.514447,-3.607265,2.633218,2.1021,2.008376,-3.593161,0.800101,2.813597,1.435265,-0.42659,-0.162958,-4.685912,2.600644,4.023862,3.570904,2.788869,4.518366,2.841756,4.528318,1.311969,1.86455,-2.754834,2.147244,1.440117,4.294823,3.176228,-0.591196,5.656742,6.785776,1.952333,1.963715,2.818503,5.054391,4.202268,2.843505,2.974001,3.784102,0.063905,0.540958,3.900756,1.897609,2.754877,1.277306,1.266932,2.437408,2.601699,2.181447,0.688315,5.762994,1.018577,-5.715295,-3.734467,-1.436492,-1.237165,-7.032796,-2.395297,-5.576628,-3.158602,-3.189299,-1.797884
84,0.040608,-0.844672,-0.251695,-1.516047,0.461883,-0.840192,1.984501,1.702644,-3.09023,1.62332,0.547945,-3.371842,-4.609041,0.312601,1.491072,-0.935266,0.168455,-2.501263,-0.826204,-0.967874,4.136169,2.722628,-1.420483,3.783042,-4.31425,0.052596,-0.983491,0.938865,2.50939,1.872954,-1.688547,1.262039,1.439893,2.083807,1.602428,0.524788,1.048478,1.025173,0.676724,0.546937,-3.761002,0.697759,-2.146474,-2.099719,2.368521,0.269921,2.355224,1.471947,0.453765,3.719724,2.167316,0.745898,1.24405,2.011696,1.188597,3.623916,-0.322757,-0.5016,-0.6221,-1.554044,-2.563912,-3.953163,-1.928674,-2.298097,1.648857,1.070573,1.394059,0.061461,1.734609,0.763723,1.480835,2.219899,-1.472264,-5.329286,3.602058,-2.127554,0.215871,0.451288,0.136863,1.799513,0.356067,-5.23843,-0.704301,0.675965,-0.873773,2.013542,0.507883,-3.855746,1.213271,3.400095,-0.615882,-2.016755,0.502528,-1.433744,-1.112926,3.513281,2.82612,1.868825,0.441836,-0.684696,2.238678,-2.361661,0.379811,2.021829,-0.727881,-2.60076,2.742507,0.243248,1.985305,0.162815,-1.19377,-1.276066,5.280343,-2.69885,0.159711,4.025482,0.747504,-3.098247,1.790932,1.165213,-0.746321,-0.399545,-0.154633,-5.653762,3.770441,-2.883574,0.101178,-2.919849,-0.466029,2.185658,2.944599,2.174061,4.052415,-2.782778,2.948629,-1.225051,4.895404,4.119738,-1.677745,4.270252,-0.585622,2.598793,0.643888,3.014857,-3.110805,2.709187,2.214635,1.965116,-3.512221,0.999307,2.133652,1.658266,0.376674,0.360611,-4.673144,2.357054,4.34202,3.616973,2.024891,5.204454,2.572996,4.278684,1.455572,1.649527,-3.03119,2.736525,0.742205,3.760499,3.451212,-0.826564,6.47046,6.242873,1.924549,2.133533,2.893667,4.263553,4.47251,2.838392,3.003477,3.763283,0.676259,0.783934,3.774478,1.087058,2.868343,2.17579,1.405295,2.45167,2.27538,2.124417,0.370519,5.885363,0.818419,-5.515404,-3.314631,-1.878944,-2.408228,-5.857203,-3.421805,-6.013099,-2.280919,-3.191051,-1.298728
85,0.018693,-1.118102,-0.975189,-0.925096,0.610605,-1.425127,1.639767,1.64374,-3.193414,1.446911,0.275066,-4.649029,-5.888886,0.310762,1.005835,-0.80413,0.947433,-3.050939,-1.014347,-1.068533,4.285561,2.728295,-1.198108,3.794842,-4.232967,0.122872,-1.726071,1.107104,2.47386,2.199489,-2.278608,1.79883,1.462056,1.87209,1.086334,-0.160986,1.244132,0.431157,0.791437,0.786371,-4.143888,0.879839,-2.181356,-2.443775,2.604542,0.398105,2.414209,1.330914,-0.253097,3.567973,2.402783,0.835684,1.385259,1.642908,1.204595,4.053444,-0.735604,0.108419,-1.394349,-0.970215,-2.683858,-4.919821,-2.929923,-2.015959,2.274005,-0.325548,1.653083,-0.626228,1.732272,0.769512,1.78075,2.084174,-1.656156,-4.70483,3.442523,-2.341893,0.211512,-0.496849,0.261758,1.844227,0.552317,-5.924933,-0.379718,0.740258,-0.991234,1.875965,0.669407,-4.205006,1.059885,3.368258,-0.36769,-2.697571,1.039841,-1.473267,-1.84071,3.150121,2.403638,1.835002,-0.089499,-0.048792,2.270285,-2.984668,0.229652,2.675701,0.028795,-2.714005,2.624057,0.554121,1.952198,0.430172,-1.726909,-1.611784,5.011003,-3.590096,-0.375101,4.035514,0.770917,-3.138317,1.884001,1.445446,-0.418327,-1.254942,-0.650268,-6.290035,3.951542,-3.078214,-0.073098,-4.320994,-0.24738,2.10653,3.521635,2.159967,4.217864,-1.852429,2.848399,-1.129776,4.686769,4.523618,-1.638087,4.679552,-0.5065,2.9019,0.406849,2.825864,-4.203269,2.72081,2.332467,1.880484,-3.633505,0.343709,2.194829,0.998281,-0.018895,0.068238,-4.884235,2.695166,4.225311,3.893031,2.493269,4.657901,3.014789,4.178507,1.132302,1.757128,-2.754113,2.076461,0.673041,4.102224,3.158504,-0.918518,6.003876,6.68881,2.145433,1.999475,3.215067,4.920564,4.486397,3.121733,3.343009,4.242328,0.123082,0.861082,3.951273,1.602333,3.174253,1.532046,1.438579,1.978526,3.050336,1.981521,0.521475,5.597062,1.09451,-5.509783,-4.425543,-1.488786,-2.252697,-6.483356,-2.574924,-5.357125,-3.35102,-2.995582,-1.339574
86,0.011289,-0.604823,-0.741599,-0.842541,0.382004,-0.766662,1.720957,1.036291,-3.063846,1.43063,0.772044,-4.228307,-4.878707,0.343916,1.780272,-0.575243,-0.314435,-2.719615,-0.301158,-1.075878,4.20664,2.683225,-1.346074,3.921794,-4.9193,0.307889,-0.988368,0.806999,2.073233,1.644212,-1.297247,1.307875,1.252713,2.395804,1.06709,0.172388,0.924869,1.379633,0.976135,0.759705,-3.301118,1.10191,-2.138272,-1.70546,2.260883,0.334718,2.26979,1.016868,-0.207133,3.128281,2.491402,1.261443,1.162446,2.05967,1.23244,4.045671,-0.218141,-0.122742,-0.561155,-1.405424,-2.631903,-4.22788,-2.53125,-1.740224,2.112201,0.474342,0.987942,-1.086803,1.743753,0.809235,1.475636,2.163444,-2.4077,-5.20043,3.847627,-2.620521,0.119926,0.014795,-0.596926,1.625264,-0.053893,-5.880961,-0.443463,0.031368,-0.835051,2.133949,0.857751,-3.496073,0.672332,3.702569,-0.117549,-1.720089,0.324116,-1.827752,-1.03922,3.32915,2.418761,2.004056,0.486401,-0.257592,2.382654,-2.510962,-0.187025,2.027408,-0.277651,-2.62355,2.79146,0.461701,2.047899,0.210517,-1.282413,-1.703291,4.915288,-3.423738,-0.226756,4.155076,0.764052,-3.314905,1.506038,1.018031,-0.769864,-0.905129,-0.786344,-5.425283,3.574802,-3.239512,0.507308,-2.993421,-0.763853,2.471159,2.815643,2.124738,3.697767,-2.988763,2.893941,0.283455,5.167353,4.579865,-2.462116,4.61467,-0.221362,3.331775,0.787706,2.889118,-2.847081,2.417799,2.226326,1.902515,-3.279072,0.735049,3.151304,1.840375,-0.338387,0.036876,-4.692134,2.672213,4.179543,3.333331,2.801234,5.135652,2.956923,4.838258,1.999505,2.340477,-2.623433,2.404796,1.627333,3.769895,3.398666,-0.720692,6.384244,6.496054,1.662399,2.363951,2.381664,4.840217,3.799052,2.688886,3.257277,3.773563,0.333222,0.667124,3.843652,1.821384,2.399008,1.896387,1.022998,2.730909,2.080781,1.70352,1.148908,6.289488,1.096389,-6.69935,-3.559533,-1.525844,-0.891687,-5.895393,-3.600754,-7.089191,-2.914186,-2.970511,-1.346928
87,0.018955,-0.747493,-0.629335,-1.358044,0.397594,-1.115108,1.722272,1.37505,-3.186312,1.388439,0.573944,-4.156416,-5.640772,0.095215,1.581648,-0.640886,0.305362,-3.339351,-0.638428,-1.088727,4.141735,2.63713,-1.739968,3.913224,-4.322577,0.290517,-1.159927,0.915095,2.144647,1.979388,-1.495952,1.538426,1.461349,2.19786,1.082162,-0.109847,1.124983,1.111794,0.848507,1.117389,-3.318672,0.983623,-2.160871,-2.442779,2.480306,0.468406,2.405687,1.191107,-0.434133,3.386708,2.602849,1.05756,1.511203,1.652559,1.285581,3.916393,-0.431463,-0.122536,-0.812808,-1.252733,-2.619604,-4.696736,-3.037977,-2.023451,2.005938,-0.063944,1.245513,-0.979481,1.733064,0.949466,1.635455,2.28418,-1.743193,-4.787124,3.632153,-2.70754,0.13749,-0.477126,-0.321232,1.592993,0.287989,-6.079835,-0.651401,0.597259,-0.762166,1.826021,0.542938,-3.739133,0.996112,3.39973,-0.137535,-2.300674,0.714463,-1.614919,-1.548497,3.047192,2.541543,2.046059,0.145886,0.06363,2.463196,-2.800226,0.115175,2.459336,0.08638,-2.679415,2.669135,0.316018,1.814507,0.316564,-1.236413,-1.759872,5.095234,-3.508184,0.006195,4.118583,0.878948,-3.36903,1.752131,1.266084,-0.788978,-1.231288,-0.30751,-5.696183,3.746589,-2.768403,0.056675,-3.909509,-0.344418,2.47272,3.672864,1.906313,3.878839,-1.981859,2.784863,-0.643415,4.965518,4.424713,-1.944339,4.631145,-0.205677,2.748489,0.484181,2.760021,-3.493028,2.317468,2.420667,1.762516,-3.443129,0.806402,2.551398,1.605466,-0.057392,0.266324,-4.896192,2.989352,4.553611,3.59598,2.562677,4.710928,2.797324,4.652299,1.618213,1.467434,-2.40788,2.032234,1.012236,3.897472,3.279965,-0.879762,6.250037,6.3936,1.906535,2.091518,2.685051,4.48826,4.5553,2.994846,3.385479,4.027064,0.315338,0.935626,3.78619,1.665525,2.644328,1.894741,1.44907,2.288238,3.044659,1.826452,0.860053,5.574113,0.616824,-5.38433,-3.895476,-1.078586,-1.971779,-6.092928,-3.78342,-5.718539,-2.992025,-3.046793,-1.566823
88,0.022925,-0.798269,-0.352868,-0.566858,0.355404,-0.530815,1.702739,1.407844,-3.006213,1.601393,0.793343,-4.647198,-4.354401,0.521381,1.646418,-0.113434,0.275038,-2.002219,-0.604463,-0.911846,4.106084,2.850454,-0.771519,3.976619,-4.358448,0.287989,-0.67575,1.085184,2.808037,1.534225,-1.938224,1.257337,1.109269,2.559817,1.640907,0.651948,0.700514,1.077985,0.594941,0.357876,-3.568395,1.10513,-2.09474,-1.588798,2.31306,0.73874,2.207715,1.320848,0.118815,3.406276,2.114371,1.453987,1.356106,2.22956,1.239402,4.069505,0.080311,-0.304224,-0.667461,-1.355593,-2.539691,-3.428708,-2.080987,-1.725296,2.101734,1.225522,1.049419,-0.22157,1.949097,0.875705,1.5181,2.067259,-1.374479,-5.018064,3.796389,-2.309377,0.241934,0.687727,-0.292685,1.456353,0.088858,-4.776679,-0.647347,0.058398,-1.253288,2.201979,0.663843,-3.888841,0.630796,3.750945,-0.600223,-1.948037,0.466815,-1.1956,-1.160223,3.638341,2.677663,1.901518,0.494341,-0.463552,2.360769,-2.04007,0.024762,2.068435,-0.897857,-2.59941,2.96337,0.513765,2.142748,0.229017,-1.494709,-1.116972,4.987169,-2.820702,-0.206533,4.157336,0.883392,-3.545028,1.700411,1.041104,-0.790984,-0.368202,-0.617243,-5.792939,3.790124,-3.371692,0.897028,-2.401708,-0.591183,2.195532,2.466789,2.16118,3.849924,-3.190592,2.919351,-0.40574,4.956499,4.464874,-1.909666,4.597473,-0.506176,2.968479,0.652526,2.886078,-2.747034,2.721903,2.215503,2.289842,-3.472297,0.915697,2.728798,1.88911,-0.08589,0.186254,-4.494592,2.469505,4.195372,3.605662,2.543436,5.365142,2.752113,4.49887,1.730357,1.898528,-3.057626,2.736173,1.278139,3.683642,3.486809,-0.836779,6.150412,6.594476,1.787046,2.184888,2.91459,4.736487,4.156312,2.858181,3.090925,3.913023,0.560902,0.783555,3.841663,1.236888,2.833469,1.841274,1.221053,2.374812,1.839148,2.154204,0.535191,6.153142,1.106026,-6.185479,-3.362014,-1.983572,-1.771079,-6.103277,-3.123769,-6.470672,-2.693694,-2.848428,-1.428516
89,0.023681,-0.933606,-0.789168,-1.159175,0.470893,-0.944924,1.769601,1.519983,-3.076245,1.353836,0.470945,-4.056793,-5.24698,0.399764,1.35213,-0.743552,0.01028,-2.687121,-0.886987,-0.503591,4.111632,2.544279,-0.467502,3.929111,-3.702661,0.003111,-0.99172,0.763743,2.507638,1.52648,-1.579996,1.716807,1.560156,2.210918,0.992825,0.424908,0.738503,1.336662,0.9209,0.764873,-3.255519,0.858276,-2.159982,-1.646301,2.280251,0.339949,2.199402,1.268292,0.040732,3.452475,2.058001,1.156882,1.770341,1.795907,1.169222,4.146634,-0.377177,-0.351407,-0.780312,-1.355295,-2.564808,-4.123176,-2.556529,-2.234758,2.088704,0.33043,0.740975,-0.886196,1.64847,0.768324,1.575295,2.134039,-1.443759,-4.61702,3.464823,-2.761303,0.174076,-0.423196,0.027465,1.381924,0.270273,-5.205306,-0.741843,0.817148,-1.296211,1.873522,0.41259,-4.24453,0.800021,3.330502,-0.097619,-2.361581,0.580183,-0.965286,-1.766638,3.446465,2.590265,1.676109,0.505302,-0.251607,2.244875,-2.469961,0.53935,2.546207,-0.526564,-2.627819,2.732009,0.374202,1.965851,0.386228,-1.590102,-1.615462,4.878251,-3.080564,-0.481235,4.069255,0.744071,-3.291001,1.906334,1.243359,-0.781644,-1.177388,-0.139277,-5.413082,3.635397,-3.292733,0.30494,-2.993846,-0.462198,2.433405,2.908839,1.582209,4.067051,-2.507704,2.826179,-1.060189,4.597013,4.559821,-1.371591,4.615925,-0.564239,2.821931,0.464171,2.610237,-3.374602,2.409307,1.967448,1.909858,-3.651357,1.098116,2.632719,1.379061,0.104943,0.400098,-4.727934,2.407071,4.054317,3.873153,2.571378,4.949462,2.526441,4.517895,1.160867,1.46758,-2.924541,2.357606,0.931702,3.800211,3.598402,-0.595595,5.980738,6.515437,2.512571,1.685759,3.060622,4.718288,4.279986,2.646647,2.921895,3.481997,0.400419,0.649183,3.999524,1.639419,2.714185,1.667866,1.517603,2.27239,2.345714,1.999756,0.072942,5.945741,0.577501,-5.381269,-3.67136,-1.412097,-1.572791,-7.006614,-2.615458,-5.991048,-2.243928,-3.050305,-1.798616
90,0.009749,-0.566153,-0.804977,-0.76775,0.449032,-0.652383,1.722495,1.706069,-3.056868,1.319531,0.743349,-4.0,-5.098104,0.270878,1.549895,-0.81844,0.174574,-2.32234,-0.92719,-0.897883,4.304357,2.604661,-0.407753,3.926064,-4.278213,-0.049439,-0.971236,1.020526,2.468091,1.629752,-1.573975,1.477324,1.37194,1.930047,0.896303,0.340185,0.885936,0.939291,0.637544,0.589487,-3.380347,0.929204,-2.094071,-2.086626,2.401736,0.14135,2.430237,1.24526,0.13714,3.544002,2.04448,0.711726,1.240238,2.030295,1.361434,4.059675,-0.608951,-0.48712,-0.67329,-1.435292,-2.588192,-4.069675,-2.52283,-2.475112,2.126459,0.303047,1.128653,-0.744183,1.57003,0.569471,1.583297,1.892012,-1.683573,-4.626945,3.523861,-2.629043,0.171674,-0.125975,0.004315,1.740488,0.03374,-4.906743,-0.466264,0.626161,-1.243757,1.877891,0.624949,-4.249243,1.047147,3.420786,-0.217665,-2.243392,0.4288,-1.288242,-1.379734,3.610442,2.804472,1.760466,0.461037,-0.417352,2.299695,-2.573694,0.183875,2.070693,-0.625931,-2.59388,2.844035,-0.104022,2.213193,0.10521,-1.072012,-1.64669,4.942386,-2.820663,-0.653107,4.252113,0.621198,-3.422145,1.795234,0.990715,-1.016433,-0.970857,-0.62341,-5.126523,3.815996,-3.397584,0.289024,-2.664693,-0.609581,2.509732,2.789461,1.680117,3.886141,-2.864376,2.91026,-1.061256,4.505492,4.687836,-1.800418,4.804809,-0.615636,3.25881,1.058058,2.600966,-3.675271,2.513408,1.992034,2.016587,-3.765199,0.693619,2.607586,1.442203,-0.125952,-0.26722,-4.693509,2.063046,3.724231,3.600517,2.443987,5.120487,2.779019,4.581832,1.31163,1.817351,-3.121183,2.460844,1.35178,4.064685,3.474609,-0.686331,5.854429,6.645898,2.052154,1.90673,2.879202,4.904022,3.93644,2.876343,2.810789,3.765082,0.177932,0.558056,4.032238,1.547871,2.779069,1.32886,1.09881,2.334379,2.057568,2.178854,0.19277,6.120689,1.303143,-5.910865,-3.441941,-1.970171,-1.050537,-6.806901,-2.222218,-6.04992,-2.7498,-2.857971,-1.759183
91,0.021811,-0.954599,-0.648799,-1.33375,0.33477,-0.905656,1.977165,1.475789,-3.115991,1.921096,0.538737,-3.514383,-4.239807,0.499315,1.315315,-1.20058,0.225427,-2.714899,-1.191748,-1.074923,4.152815,2.763526,-1.539244,3.739519,-4.164963,-0.229115,-1.833606,0.970302,2.477076,1.979938,-2.030508,1.509023,1.461177,1.950613,1.403142,0.378758,0.939336,0.890554,0.480775,0.514923,-4.018031,0.664972,-2.139059,-1.995338,2.406389,0.261651,2.35065,1.058998,0.213132,3.695363,2.343755,0.726479,1.230731,1.80776,1.192998,3.793911,-0.172671,-0.427317,-0.819816,-1.180297,-2.56679,-4.135537,-2.291159,-2.410974,1.865427,0.768644,1.389289,0.223533,1.725166,0.514993,1.43328,2.18835,-1.332427,-5.130978,3.568913,-2.375654,-0.146138,0.154678,-0.202968,1.749795,0.159101,-5.018301,-0.197099,0.530155,-0.768418,1.920663,0.47321,-3.966527,0.860375,3.576328,-0.439824,-1.863285,0.171631,-1.319455,-1.482391,3.347284,2.605169,1.92434,0.619584,-0.284019,2.22652,-1.927367,0.36931,1.677934,-0.591297,-2.653368,2.602443,0.568981,1.984545,0.374838,-1.360473,-1.034943,5.198095,-2.826839,-0.344076,4.076444,0.87893,-3.180359,1.831646,1.295283,-0.720937,-0.5144,-0.279913,-5.746004,3.735993,-2.819509,0.146585,-3.239767,-0.602087,2.129471,2.823124,2.161202,4.142521,-2.498873,2.966997,-1.181754,4.62746,4.333127,-1.734274,4.267995,-0.792775,2.8336,0.577763,2.781056,-3.135725,2.846779,2.366619,1.943625,-3.49166,0.565121,2.114648,1.505805,0.158797,0.374422,-4.696581,2.463778,3.999933,3.727729,2.218637,5.014523,2.973752,4.041925,1.473523,1.987925,-2.638836,2.70939,0.983768,3.796881,3.595937,-1.021201,6.249324,6.27866,2.087686,2.186048,3.034806,4.597958,4.149407,3.017414,3.054765,3.951476,0.482052,0.820657,3.908209,1.114229,3.005724,2.127097,1.167091,2.316159,2.221456,2.091864,0.195104,5.656184,1.147512,-5.507458,-3.917115,-2.28002,-1.870398,-5.970535,-3.095369,-5.865911,-2.777527,-3.177209,-0.976823
92,0.009512,-1.198025,-0.603069,-1.26575,0.299617,-0.864972,1.916933,1.058647,-3.07328,1.33794,0.606652,-4.178914,-4.939159,0.677586,1.406848,-0.77972,0.040231,-2.887951,-0.627544,-0.827129,4.286988,2.674031,-1.751547,3.950008,-4.267929,0.21436,-1.011348,0.864797,2.524734,1.798407,-1.872582,1.698654,1.348239,2.40022,1.32876,0.274155,0.815,0.805327,0.831716,0.756289,-3.506518,0.983176,-2.133245,-1.909828,2.423304,0.604762,2.085956,1.09426,-0.496335,3.430436,2.190103,1.406809,1.670847,1.746079,0.968599,4.150799,-0.410742,-0.345247,-0.885385,-1.43311,-2.59646,-3.658201,-2.481191,-1.732918,2.014968,0.39365,0.643215,-0.962789,1.792586,0.899524,1.450073,2.20888,-1.497463,-4.766735,3.597971,-2.397383,0.144632,-0.083501,-0.648786,1.529888,0.225277,-5.283318,-0.815398,0.307329,-1.060597,2.005417,0.462477,-4.066335,0.567331,3.282104,-0.270269,-2.051154,0.333515,-1.06706,-1.610919,3.402786,2.595525,2.02091,0.399707,-0.156112,2.257097,-2.455324,0.298247,2.424635,-0.614066,-2.644292,2.828019,0.560234,1.818903,0.327327,-1.679825,-1.408469,4.979899,-3.122451,-0.199215,3.996099,0.927827,-3.016423,1.76972,1.234408,-0.601611,-0.961448,-0.200495,-5.870777,3.470055,-2.602132,0.505401,-3.342969,-0.471227,2.467583,2.693475,2.171919,3.983178,-2.365364,2.772802,-0.578804,4.730892,4.532462,-1.685277,4.496212,-0.515215,2.778907,0.291527,2.774363,-3.048925,2.265812,2.323078,2.091205,-3.321121,0.907565,2.597691,1.69753,-0.140597,0.423632,-4.726581,2.652372,4.05863,3.960548,2.744897,5.090878,2.620195,4.353544,1.672482,1.697196,-2.548853,2.333409,1.220869,3.794415,3.537403,-1.176949,6.201121,6.580572,2.306698,2.063116,2.646315,4.650174,4.003133,2.726836,3.190682,3.661395,0.520923,0.670792,3.736996,1.329674,2.689988,1.879626,1.19301,2.389447,2.178178,1.612139,0.607607,5.783795,0.569235,-5.751731,-3.458524,-1.793588,-1.555411,-6.206943,-3.229001,-6.611659,-2.730337,-2.7195,-1.268762
93,0.029853,-1.169692,-0.845632,-1.201977,0.345196,-0.868174,1.830695,0.972519,-3.074705,1.504076,0.639235,-4.330812,-4.920973,0.438122,1.374686,-0.641659,0.536922,-2.623307,-0.42749,-0.838935,4.414968,2.87383,-1.487163,4.022463,-4.034004,0.489594,-1.157462,1.378629,2.646926,1.761424,-1.532919,1.664335,1.206976,2.179992,1.34287,-0.043487,0.730959,0.460858,0.732631,0.959555,-3.309383,1.209272,-2.149279,-1.712274,2.426301,0.703187,2.268511,0.912406,-0.939917,3.317848,1.979468,1.217767,1.775358,1.825334,0.950035,4.268869,-0.380258,-0.086125,-1.069192,-1.477138,-2.615487,-3.965243,-2.61817,-1.388217,2.295162,0.221436,1.225845,-0.920342,2.015095,0.914314,1.509003,2.276756,-1.376762,-4.131863,3.737903,-1.910866,0.149228,-0.586146,-0.005717,1.820954,0.238886,-5.263966,-0.048891,-0.056063,-1.312217,1.865926,0.70625,-4.227787,0.294645,3.692457,0.402117,-2.892842,0.288421,-0.955029,-1.405438,3.199361,2.298998,2.075375,0.250911,0.060189,2.390246,-2.446297,0.007534,2.61852,-0.405722,-2.61301,3.014016,0.726613,1.926079,0.308454,-1.792191,-1.107227,4.803236,-3.202352,-0.217915,4.052619,0.763721,-2.493684,1.791425,1.291203,-0.51175,-1.160486,-0.772849,-5.715876,3.705513,-2.843062,0.607318,-3.159893,-0.36094,2.551955,2.985824,2.009382,4.148298,-2.132582,2.921227,-0.250316,4.679865,4.914912,-1.550868,4.806107,-0.485797,2.847219,0.386021,2.772161,-3.606387,2.660973,2.397729,2.070675,-3.512223,0.671239,2.534489,1.410344,-0.373077,0.112456,-4.826049,3.055706,4.172774,4.134748,3.110889,4.88747,2.754913,4.139463,1.394611,1.854384,-2.474755,2.373616,1.264242,3.776812,3.651377,-1.24509,5.954166,6.70089,2.355288,2.000105,2.86024,4.91886,4.132743,2.86358,3.327808,3.808987,0.375781,0.504198,4.266451,1.491614,2.893964,1.593514,1.466755,2.427337,2.389853,1.772257,0.51496,5.628965,0.752218,-5.303367,-4.300325,-1.657808,-1.47848,-6.813269,-2.818755,-6.3516,-2.997742,-2.848041,-1.329548
94,0.012805,-0.807799,-0.638839,-1.116794,0.590196,-0.779915,1.692757,1.40894,-3.152461,2.162632,0.385029,-4.332986,-4.475288,0.405896,1.451076,-0.871588,0.100064,-2.304879,-0.759856,-0.839352,4.209835,2.721306,-0.836006,3.894604,-4.611209,0.054743,-1.666149,1.137795,2.610951,1.752945,-1.518945,1.564319,1.192765,2.15973,1.351661,0.011469,1.001933,1.218283,0.337419,0.996328,-3.572408,0.74469,-2.177967,-1.574035,2.561019,0.394493,2.234364,1.094912,0.338294,3.501326,2.229554,1.307936,1.661134,2.012057,1.15375,4.088225,-0.002718,-0.374069,-0.756494,-1.496485,-2.68183,-4.413994,-2.590762,-2.349796,2.068893,0.489197,1.004498,0.088077,1.644042,0.653392,1.357574,2.220364,-1.719043,-5.82046,3.864216,-2.503046,-0.128908,0.340491,0.003052,1.527487,0.148347,-5.526921,0.04422,0.431871,-1.064861,2.175771,0.455129,-4.194709,0.691645,3.804264,-0.299986,-1.822451,0.225034,-1.419585,-1.210401,3.600056,2.556967,1.847049,0.385179,0.109673,2.421412,-1.868929,0.233261,2.219352,-0.674993,-2.700469,2.904812,0.397146,1.924268,0.173328,-1.559402,-0.956817,5.103616,-3.321205,-0.297116,4.28001,0.679249,-3.253989,2.061818,1.298158,-0.797389,-0.62685,-0.282443,-5.578462,3.842935,-3.346154,0.573245,-2.863973,-0.500547,2.302822,2.705269,1.902747,4.395023,-2.915164,2.718497,-0.659442,4.871101,4.730118,-2.091456,4.537776,-0.686509,3.013238,0.657328,2.734036,-3.253503,2.692418,1.993395,1.775088,-3.576439,0.373833,2.858437,1.417431,0.054833,0.542706,-4.625295,2.632449,4.128407,3.686669,2.878704,5.069371,2.904736,4.396919,1.76449,2.021607,-2.483356,2.333489,1.34882,4.006497,3.567465,-0.990429,6.073938,6.762787,2.011846,2.11243,2.747924,5.345978,4.109896,2.872691,3.285664,3.831863,0.024501,0.772632,4.023108,1.675359,2.753939,1.678115,1.123464,2.713822,2.073671,1.860138,0.400095,6.137793,0.838965,-6.137099,-3.971994,-1.613567,-1.140138,-6.889063,-2.961407,-6.631984,-3.120781,-2.71042,-1.102716
95,0.012252,-0.402113,-0.650871,-1.067362,0.562199,-0.620406,1.941543,1.067368,-3.014182,1.702353,0.708128,-4.131404,-4.359493,0.420189,1.510719,-0.785397,-0.584763,-2.576925,-0.64916,-0.666149,4.077336,2.763267,-1.045588,3.943727,-4.329926,0.058009,-0.830691,0.887345,2.251166,1.626568,-1.165002,1.349001,1.203863,2.075212,0.936163,0.385584,0.865596,1.387929,1.008899,0.78147,-3.154882,1.037174,-2.092926,-1.53795,2.407661,0.124554,2.376439,1.02143,-0.045468,3.223196,2.216167,0.979607,1.408696,1.880988,1.274705,3.811904,-0.13796,-0.19965,-0.761183,-1.478559,-2.556417,-3.965059,-2.555264,-1.899163,2.047207,0.255658,1.150555,-0.784822,1.628902,0.665229,1.400054,2.044149,-1.819373,-4.943037,3.728204,-2.462458,-0.0613,-0.120893,-0.555118,1.617035,-0.040228,-5.231684,-0.260834,0.282038,-1.101528,2.064559,0.707832,-3.853766,0.708889,3.623921,0.018663,-1.59893,0.321947,-1.202627,-0.872603,3.389547,2.267589,1.839506,0.377763,0.02438,2.40372,-1.90811,-0.162858,1.994756,-0.3921,-2.585377,2.636807,0.189582,2.169796,0.255839,-1.117892,-1.586511,4.850613,-2.840282,-0.216633,4.05645,0.750876,-3.079327,1.639851,1.114258,-0.925788,-0.787102,-0.605504,-4.789173,3.095989,-2.991775,0.609008,-2.663034,-0.546674,2.134089,2.905104,1.992288,3.614166,-2.619733,2.638097,-0.292981,4.531228,4.625035,-1.88095,4.702303,-0.009773,3.065013,0.797195,2.547619,-3.102567,2.716664,1.937544,1.982613,-3.283271,0.831418,2.611773,1.630117,-0.300164,0.268175,-4.561403,2.194277,3.970278,3.198571,2.326269,4.854455,2.756131,4.540003,1.482358,1.979689,-2.758264,2.579877,1.341108,4.069271,2.947168,-0.217309,5.890802,6.351023,1.931403,2.216879,2.828536,4.827376,3.990671,3.020387,2.937502,3.953559,0.230209,0.798032,3.547544,1.652556,2.705134,1.566947,1.080268,2.52296,2.225327,2.201194,0.676076,5.881502,1.290447,-6.324707,-3.326279,-1.430367,-1.774541,-6.160468,-2.555147,-5.587083,-2.926636,-3.095323,-2.061242
96,0.041399,-0.761427,-0.81253,-0.799967,0.475691,-0.984305,1.800935,1.033898,-3.074997,1.762475,0.649803,-4.527349,-4.602703,0.768218,1.27305,-0.663293,-0.130036,-2.624445,-0.898492,-0.517983,4.184248,2.749098,-1.005718,4.009149,-3.874128,-0.099615,-1.145565,0.864291,2.642599,1.744817,-1.655677,1.841725,1.417454,1.981476,1.026367,0.329429,0.862293,1.235055,0.846652,0.920432,-3.27179,0.963744,-2.106013,-1.730474,2.590605,0.257912,2.181071,1.092609,-0.240915,3.396998,2.164144,1.02245,2.032479,1.521228,1.214088,4.075421,-0.167024,-0.194204,-1.10695,-1.163928,-2.602831,-4.059276,-2.657759,-2.082323,2.17943,0.457022,0.696402,-0.729369,1.702096,0.616934,1.456491,2.147709,-1.395114,-4.811548,3.620554,-2.639206,0.275262,-0.199041,-0.176379,1.591198,0.214717,-5.253445,-0.21146,0.131473,-1.02868,1.822599,0.618004,-4.223672,0.473951,3.509593,0.067204,-2.216156,0.299731,-0.614905,-1.675703,3.290849,2.432857,1.713838,0.509881,0.129524,2.252412,-2.012535,0.403693,2.463706,-0.306683,-2.700038,2.643462,0.142785,1.779947,0.455229,-1.541133,-1.296374,4.785425,-3.400234,-0.592001,3.966477,0.897474,-2.913102,2.04016,1.433775,-0.627721,-0.826237,-0.423219,-5.226183,3.520829,-2.844375,0.278483,-2.940348,-0.369987,2.284784,2.958883,1.931724,4.145909,-1.869952,2.684716,-0.946326,4.319463,4.805765,-1.405075,4.65003,-0.339964,2.735099,0.342958,2.620654,-3.30531,2.579454,2.241622,1.873235,-3.465039,0.839841,2.328635,1.440165,-0.230562,0.463971,-4.743113,2.436729,3.890304,4.035411,2.516629,4.793858,2.648635,4.117018,1.324051,1.563543,-2.690513,2.236823,1.121404,4.069531,3.586382,-0.85076,5.655619,6.688446,2.366074,1.851775,3.26527,5.04613,4.259133,3.003205,2.885443,3.8726,0.419197,0.802149,4.003128,1.221849,3.022317,1.548796,1.362459,2.123008,2.352335,2.136818,0.231975,5.589907,0.768574,-5.069276,-3.683996,-1.854038,-2.149703,-6.757631,-2.488834,-5.476088,-3.03938,-2.990815,-1.562043
97,0.012313,-0.886068,-1.203266,-0.733967,0.512171,-1.131159,1.445126,1.191366,-3.168964,1.980892,0.686635,-4.58987,-4.515231,0.233855,1.419374,-0.869431,0.547585,-2.369448,-0.508767,-0.885664,4.321361,2.610768,-1.162328,4.039773,-4.498737,0.112466,-1.984423,1.072696,2.810472,1.972674,-1.393148,1.851943,1.279224,1.820174,0.775834,-0.315904,0.922241,0.817048,0.464892,0.966332,-4.010119,0.824756,-2.144838,-1.891114,2.602405,0.272127,2.193307,0.896939,-0.310342,3.257763,2.101131,0.931159,1.535615,1.658146,1.010514,4.301131,-0.770911,-0.441328,-0.914792,-1.260663,-2.715689,-4.498188,-2.69392,-2.196411,2.198485,-0.023767,1.026174,-0.297431,1.741352,0.529632,1.641201,2.150157,-1.721575,-5.228738,3.733412,-2.527895,0.083212,-0.416972,0.158718,1.662147,0.007403,-5.244472,0.320324,0.117076,-1.078014,1.709264,0.815834,-4.586515,0.745399,3.633978,0.01649,-2.10206,0.254793,-1.199393,-1.313648,3.19585,2.424478,1.800383,0.341053,-0.006679,2.299614,-2.2465,0.273704,2.567808,-0.317131,-2.736121,2.789102,0.310839,1.969121,0.0384,-1.874713,-1.253363,4.88923,-3.594465,-0.928837,4.234986,0.778481,-2.930778,2.047765,1.52555,-0.524997,-0.982051,-0.516426,-5.626369,4.056035,-3.03322,0.357873,-3.170469,-0.428923,2.487357,3.476557,1.849943,3.931496,-2.189636,2.947797,-0.660975,4.473579,5.003552,-1.76467,4.946192,-0.283216,3.034272,0.848765,2.581622,-3.897392,2.588495,2.169749,1.82558,-3.496339,0.496525,2.642831,1.55816,-0.420559,-0.005017,-4.903649,2.550874,3.717271,3.816955,2.611958,4.716929,2.925478,4.265893,1.407896,1.893375,-2.512824,2.026689,1.714791,4.3459,3.316525,-1.254555,5.518204,6.936994,2.281469,1.954704,2.822999,5.021484,4.29648,2.821495,2.929839,3.85732,0.29309,0.560529,3.975808,1.555947,2.761512,1.41126,1.254001,2.087873,2.847301,1.879578,0.64594,5.746465,1.16691,-5.355827,-3.498791,-1.339014,-1.527478,-6.64637,-2.547982,-5.741266,-3.325525,-3.370896,-2.050994
98,0.022302,-0.913987,-0.266626,-1.170363,0.093436,-0.77114,1.990875,1.466624,-3.13049,2.093906,0.558794,-3.714098,-4.297687,0.201856,1.590034,-0.862057,0.263731,-2.118317,-1.128996,-1.593091,4.398055,2.857006,-1.485169,3.749298,-3.887011,0.016823,-1.603132,1.141884,2.829243,1.809483,-1.811466,1.362572,1.405428,2.163077,1.59073,0.250709,1.012307,0.701076,0.392894,0.429117,-3.803964,0.627183,-2.136625,-1.499882,2.374703,0.422408,2.128694,1.214009,-0.43416,3.899635,2.044259,0.985652,1.553234,1.838293,0.717365,3.916078,0.104079,-1.008685,-0.147491,-1.400405,-2.589577,-3.91086,-2.038054,-2.579496,1.630125,1.493474,1.317639,0.637606,2.296146,0.444317,1.222628,2.192638,-1.299973,-5.728631,3.553712,-1.953295,-0.186143,0.405047,-0.010622,1.390021,0.44715,-4.927087,0.012824,0.02932,-1.031775,1.896831,0.240602,-4.273419,0.644419,3.746364,-0.275495,-1.79278,0.319882,-1.412862,-1.460812,3.594736,3.17981,2.337165,0.513158,-0.353739,2.200978,-1.781538,0.573183,2.194581,-0.826113,-2.692427,3.186243,0.273111,1.971558,-0.08888,-1.394718,-1.211538,5.514142,-2.815779,-0.464878,4.053099,0.897342,-3.069385,2.008343,1.557125,-0.736298,-0.315746,-0.099208,-5.496022,4.190956,-3.123329,0.663995,-2.377633,-0.902047,2.312265,2.408585,2.520696,4.407722,-3.076309,2.963763,-1.398361,4.90424,4.317383,-1.646244,4.319346,-1.421359,2.762399,0.498846,3.059977,-2.684413,2.805747,2.530598,1.933194,-3.636374,0.275908,2.190988,1.707457,0.253874,0.234695,-4.595908,2.69808,3.951377,4.013162,2.735481,5.50621,2.794301,3.62823,2.099058,2.01294,-2.41724,2.857884,1.278761,3.445969,3.667427,-1.770661,6.544157,6.599105,2.006038,2.524806,2.906577,5.036444,4.124476,2.953144,3.424848,3.778542,0.495028,0.819967,4.058028,0.607929,3.027386,2.332793,1.143319,2.694455,1.743764,1.862386,0.538489,5.812269,0.939433,-5.67957,-3.934821,-2.427712,-1.764557,-5.924269,-3.436191,-7.14587,-2.962337,-2.560455,-0.233088
99,0.027179,-0.971822,-1.257838,-1.10046,0.521683,-1.209294,1.509417,0.959115,-3.129053,1.744486,0.785994,-4.526915,-4.769099,0.553642,1.110476,-0.963232,0.47946,-2.724859,-0.610179,-0.511168,4.152077,2.569337,-1.228674,4.174458,-4.569397,-0.175676,-1.606088,0.944679,2.775419,2.252493,-1.74284,1.845683,1.234305,2.036459,0.720752,-0.060552,0.976691,0.46825,0.708511,1.050192,-4.224048,1.102141,-2.190054,-2.001427,2.714455,0.261166,2.296566,0.73434,-0.006429,3.18317,2.439482,1.006256,1.415299,1.641563,1.607806,4.330076,-0.688267,0.156871,-1.45916,-1.192292,-2.704595,-4.318784,-2.861356,-1.946354,2.474583,-0.504267,0.655062,-0.687491,1.373626,0.8895,1.814976,2.083789,-1.431029,-4.493195,3.950486,-2.844223,0.180076,-0.580843,-0.259466,1.711409,-0.149299,-5.406491,-0.119939,0.366447,-0.816522,1.652825,1.024391,-4.361172,0.632143,3.406854,-0.218123,-2.37773,0.112021,-0.841253,-1.614797,2.89841,2.087028,1.632756,0.12804,0.357513,2.593017,-2.134943,-0.067711,2.174303,-0.135616,-2.624294,2.307361,0.59967,1.969967,0.811976,-1.746207,-1.420214,4.634776,-3.386879,-0.671055,4.334566,1.001269,-2.941508,2.010588,1.108075,-0.582325,-1.229529,-0.8501,-5.639874,3.784285,-2.719205,0.219347,-3.707716,-0.04013,2.391659,3.63725,1.865047,3.794533,-1.578256,2.577815,-0.56404,4.434911,5.086546,-1.917724,4.892117,0.287143,3.176388,0.596316,2.373212,-3.987772,2.224285,2.146407,1.872855,-3.468909,0.555433,2.773745,1.708292,-0.594258,0.34503,-5.056165,2.548739,3.733956,3.7519,2.29634,4.626493,2.878366,4.675167,1.36249,1.564939,-2.578979,1.703463,1.568532,4.435133,3.178241,-0.87366,5.320551,6.911557,2.16239,1.803473,2.735033,4.907126,4.304918,3.013225,3.037992,4.265471,0.139465,0.827801,3.595689,1.678423,2.703503,0.902624,1.099115,1.794723,2.989866,2.043908,0.795225,5.732246,1.021178,-5.625927,-3.226521,-1.206388,-1.860311,-6.515399,-2.659353,-5.201088,-3.678224,-3.031104,-2.417918
100,0.010681,-0.642184,-0.738523,-1.00925,0.593234,-0.459591,1.855269,0.968331,-3.125474,1.919034,0.57795,-4.108478,-4.51293,0.382582,1.78343,-0.637739,-0.300047,-2.213761,-0.668722,-0.937687,4.375689,2.632822,-0.920035,4.008981,-4.329314,0.103718,-1.575375,1.15398,2.567971,1.460107,-1.089002,1.73129,1.259691,2.14924,1.187581,0.243074,0.886907,1.54265,0.522934,0.925076,-3.380057,1.005917,-2.187981,-1.543344,2.459277,0.396564,2.181334,0.933638,-0.617956,3.332016,2.177121,1.231338,1.859229,1.842862,1.024102,4.27103,-0.128168,-0.530183,-0.369113,-1.62527,-2.581473,-4.299593,-2.453149,-2.227339,2.147404,0.742479,0.628324,-0.571495,1.854559,0.693058,1.405524,2.217469,-1.868496,-5.234343,3.789192,-2.813989,-0.281445,0.02924,0.005436,1.527597,0.023921,-5.452771,0.170453,0.290673,-1.229789,2.271296,0.254094,-4.128391,0.673692,3.627129,0.205056,-1.882324,-0.004132,-1.020257,-1.432981,3.610396,2.706427,2.097865,0.691555,-0.149104,2.344836,-1.925683,0.384456,2.410799,-0.665256,-2.694203,3.216852,-0.036879,1.93598,0.130999,-1.105936,-1.381687,5.008901,-3.470229,-0.349121,4.255891,1.001276,-3.203378,1.951931,1.210113,-0.809455,-0.847014,-0.204636,-5.280478,3.848173,-2.977838,0.644353,-2.480696,-0.9074,2.615699,2.335452,1.736276,4.328122,-3.264611,2.857648,-0.515417,4.901308,4.884128,-2.098513,4.461219,-0.945287,3.208358,0.73085,2.630337,-3.079003,2.571563,2.099332,2.077819,-3.854574,0.657854,3.09285,1.672915,-0.280522,0.210538,-4.796342,2.761825,3.776479,3.778918,3.175494,5.248502,3.099872,4.499751,1.797966,2.238227,-2.361939,2.342594,1.692837,4.036929,3.742683,-1.134972,5.99546,7.020629,2.319719,2.143286,2.685272,5.664938,3.600796,2.887921,3.236082,3.732796,-0.003572,0.567439,4.188097,1.647902,2.675021,1.7967,0.834799,2.995987,1.65418,1.940306,0.220817,6.302049,0.8163,-6.357529,-3.911886,-2.026745,-0.450373,-7.33029,-2.685687,-6.895891,-3.257256,-2.636561,-0.907363
101,0.00962,-0.859631,-0.860041,-1.02145,0.56617,-0.986525,1.801195,1.300217,-3.076207,1.55464,0.772746,-4.770403,-4.942914,0.396906,1.26044,-0.655546,0.125554,-2.021995,-0.598804,-0.694683,4.332362,2.844292,-1.026435,4.011843,-4.279815,0.439156,-1.014868,1.130419,2.434994,1.632644,-1.44056,1.578289,1.146102,2.019678,1.275056,0.355014,0.851421,0.658772,0.957073,0.9043,-3.256681,0.896246,-2.160098,-2.151237,2.678313,0.487273,2.362522,1.112597,-0.568805,3.34512,2.138905,0.948266,1.773654,1.869865,1.23269,4.013915,-0.040847,0.065155,-0.924791,-1.184444,-2.646987,-4.41609,-2.972352,-1.67162,2.249146,0.526328,1.319675,-1.111149,1.934255,0.824663,1.49195,2.243685,-1.729904,-4.73895,3.953494,-2.175796,0.196948,0.036571,-0.273669,1.858714,0.143974,-5.233772,0.055355,-0.134628,-1.392694,1.863042,0.815734,-4.196938,0.482683,3.50139,0.343441,-2.305096,0.594394,-1.152471,-1.486062,3.615753,2.423646,1.775941,0.299709,0.393072,2.600142,-2.328771,0.11983,2.463448,-0.363576,-2.652571,3.018964,0.441926,1.970117,0.42102,-1.234675,-1.425645,4.900866,-3.489838,-0.282974,3.979296,0.504426,-2.860309,1.648136,1.412883,-0.60136,-1.011626,-0.809987,-5.281194,3.360843,-2.923335,0.600248,-2.873777,-0.170341,2.154259,2.805293,2.19365,3.905604,-2.294665,2.48015,-0.51385,4.558455,5.031744,-1.715187,4.913538,-0.478376,3.19582,0.449662,2.523977,-3.381229,2.604909,2.20903,2.116255,-3.376258,0.414429,2.523856,1.355088,-0.543475,0.144356,-4.75178,2.578057,4.173687,3.676543,2.932501,4.949043,2.769064,4.283095,1.509774,1.909244,-2.746912,2.450222,1.220211,3.892776,2.989075,-0.769038,5.910271,6.829472,2.119234,2.10887,3.105784,5.195421,3.821513,3.384226,3.184422,4.15804,0.090355,0.822501,3.688258,1.505382,3.018656,1.387199,1.04366,2.38173,2.07279,2.054986,0.350907,5.737895,1.119172,-5.997764,-3.965336,-2.010133,-1.474777,-6.405399,-2.148482,-5.817902,-3.654258,-2.166646,-1.380644
102,0.015207,-0.642075,-1.143376,-0.524725,0.302958,-0.821717,1.746269,1.156256,-3.090067,1.710255,0.766118,-4.566021,-5.087903,0.291951,1.497156,-0.529704,0.19334,-2.344057,-0.676354,-1.089877,4.276604,2.768506,-0.849376,3.986677,-3.810471,-0.052984,-1.687875,0.816841,2.56628,1.93336,-1.571772,1.747094,1.528041,1.708503,0.403712,-0.279079,1.075485,1.045919,0.733443,1.115706,-3.355133,0.935814,-2.097383,-1.886016,2.569928,0.217845,2.265678,1.119009,-0.216401,3.359761,2.148957,0.70325,1.359757,1.771059,1.11092,4.124069,-0.44565,-0.092581,-0.842073,-1.077781,-2.643325,-4.329336,-2.743761,-2.205229,2.115253,-0.34084,1.194596,-0.985609,1.676671,0.418698,1.50521,1.898703,-1.673769,-5.103401,3.653871,-2.474546,0.246682,-0.633722,0.218326,1.689868,0.28174,-5.627748,0.088232,-0.168151,-1.130975,1.490386,0.923828,-4.226893,0.839,3.808889,0.082188,-1.789956,0.482525,-1.177826,-1.369339,3.125791,2.335633,1.947574,0.171764,0.093192,2.41052,-2.318031,-0.050504,2.193429,-0.317587,-2.669907,2.760248,-0.072534,2.220787,0.222172,-1.355799,-1.554843,4.941635,-3.136253,-0.884483,4.080595,0.588266,-2.981981,1.854589,1.358618,-0.670271,-1.387996,-0.89598,-5.330512,3.767869,-2.652114,0.378628,-3.05274,-0.58205,2.403649,3.203132,1.783811,4.140095,-2.185786,3.022985,-0.617279,4.453166,4.793541,-1.792766,4.81991,-0.498441,2.972141,0.862674,2.686268,-3.791715,2.889954,2.329195,1.906997,-3.55081,0.262965,2.440152,1.073915,-0.174662,-0.490087,-4.712495,2.579054,3.664502,3.832337,2.67554,4.487567,2.965125,4.003891,1.284849,2.09356,-2.547119,2.263802,1.321851,4.311,3.410555,-0.905001,5.830729,6.664351,1.861154,1.897589,3.122256,5.229327,4.160383,2.834125,3.249911,3.947652,0.178041,0.523028,4.146668,1.454227,3.091568,1.306384,1.265385,2.499397,2.477023,2.084199,0.688705,5.668092,1.350778,-5.48386,-4.372334,-1.865237,-1.184448,-6.650032,-2.233493,-6.054208,-3.361862,-3.305193,-1.141265
103,0.025288,-0.891336,-0.564223,-1.089198,0.414165,-0.576343,2.305752,1.282315,-3.039145,0.788493,0.717978,-3.664313,-5.529849,0.595727,1.579862,-0.511436,-0.26389,-2.790438,-0.854842,-0.930865,4.448301,2.914073,-1.071891,3.719865,-3.352312,0.26758,-0.393378,1.065109,2.18727,1.411875,-1.662584,1.729884,1.795046,2.051456,1.07954,0.808277,0.851418,1.39656,1.221545,0.833463,-2.7738,1.36428,-2.114026,-1.858324,2.184833,0.311999,2.488108,1.531871,-0.662335,3.565165,2.132888,0.822763,1.4921,1.907429,0.963641,3.853341,-0.461821,-0.077914,-0.752368,-1.444521,-2.470098,-3.776548,-2.518419,-1.751191,2.115239,0.308058,1.489366,-1.549184,1.967428,0.650955,1.420652,2.060607,-1.328626,-3.732762,3.320071,-2.078693,0.205009,-0.625699,0.077627,1.966685,0.558111,-5.511715,-0.625344,0.194149,-1.464578,2.095728,0.356815,-3.720837,0.982651,3.443951,0.381965,-2.410877,0.858344,-1.022672,-1.214375,3.390628,2.64399,2.080348,0.627141,-0.3262,1.984099,-3.088676,0.498623,2.245693,-0.31562,-2.614685,2.898581,0.311636,2.124454,0.271264,-1.160004,-1.68698,4.952066,-2.75865,-0.096402,3.74181,0.505497,-2.737832,1.489293,1.182122,-0.865728,-1.16757,-0.456176,-5.57128,3.291077,-2.68593,0.314182,-2.933502,-0.932271,2.392169,2.763248,1.949119,3.83838,-2.257739,3.243319,-0.928575,4.609022,4.197642,-1.380661,4.40886,-0.978322,2.830132,0.498519,3.104396,-3.25075,2.921451,2.547482,2.232532,-3.40514,0.885523,2.102792,1.122533,-0.085739,-0.25832,-4.641732,2.628868,4.174795,3.605943,2.397348,4.904274,2.923803,3.941286,1.101388,1.956284,-2.870996,2.815793,0.729765,3.38712,3.539992,-0.584015,6.389198,6.115841,1.934052,2.182998,3.181458,4.673337,3.687214,3.129739,3.202774,3.697148,0.611194,0.484116,4.091662,1.017045,3.11018,2.029023,1.277095,2.462125,2.012773,1.891103,0.180462,5.436318,1.141752,-5.247925,-4.254785,-2.719559,-1.725933,-5.545695,-3.064599,-6.125231,-2.455776,-3.210031,-0.69242
104,0.015057,-0.463438,-1.023335,-1.008342,0.524098,-1.089141,1.964809,1.360132,-3.066432,1.258855,0.70931,-4.362362,-5.10261,0.578148,1.116555,-0.867224,0.085445,-2.838898,-0.940133,-0.815813,4.227172,2.591632,-1.273828,4.076479,-4.522392,-0.245408,-0.971313,0.757309,2.23889,1.776514,-1.55317,1.752455,1.378644,2.056745,1.031265,0.535777,0.690255,1.185921,0.944079,0.899269,-3.545512,0.816714,-2.093616,-1.864341,2.626532,0.111921,2.156398,1.021192,-0.141819,3.232411,2.354344,0.839534,1.200606,1.908268,1.412547,3.992136,-0.287498,-0.057179,-1.073116,-1.248875,-2.633067,-4.088871,-2.744958,-2.228712,2.17027,0.412175,0.716458,-1.166804,1.671043,0.671201,1.647184,2.086681,-1.760985,-4.88768,3.817085,-2.550042,0.115865,-0.438741,-0.464952,1.649431,-0.169429,-5.612622,-0.449671,0.372493,-1.068674,1.933112,0.831531,-4.078791,0.951862,3.387321,-0.073466,-2.023304,0.301103,-1.450394,-1.235734,3.573292,2.46356,1.599618,0.564125,-0.217248,2.446024,-2.629193,0.098386,2.048235,-0.492277,-2.653432,2.567116,0.26067,2.104791,0.323731,-1.568308,-1.602654,4.766851,-3.283767,-0.52497,4.221248,0.717676,-3.32662,1.432667,1.111056,-0.744333,-1.411609,-0.802354,-5.516103,3.392987,-2.690303,0.343944,-3.168993,-0.240076,2.181688,2.947641,2.192024,3.777606,-2.634087,2.579684,-0.639579,4.617742,4.714351,-2.156971,4.797357,-0.2178,3.163535,0.636516,2.419677,-3.158985,2.430921,2.107138,1.943033,-3.230329,0.521501,2.546428,1.743921,-0.33302,0.510247,-4.785738,2.258338,4.018237,3.447687,2.296931,5.022331,2.817404,4.578135,1.543554,1.842317,-2.955232,2.40959,1.207394,3.910358,2.883767,-0.343796,5.912394,6.43633,2.143854,2.199461,3.078964,4.856932,4.042326,3.242606,3.049624,4.070953,0.391604,1.014501,3.421992,1.438727,2.767816,1.375434,1.043383,2.121934,2.252997,2.108526,0.39934,5.745131,1.301519,-6.145605,-3.391885,-1.708867,-2.020757,-6.044023,-2.598385,-5.411263,-3.313669,-2.586866,-1.889436
105,0.015109,-0.622787,-0.947632,-0.707353,0.3469,-0.941537,1.468687,1.010292,-3.045387,1.692923,0.920874,-4.233831,-4.429438,0.323187,1.478579,-0.625713,0.345976,-2.558236,-0.138515,-0.898645,4.170208,2.593167,-1.72037,4.081682,-4.693572,0.303861,-1.366434,0.926567,2.407042,1.943627,-1.345027,1.694404,1.24305,2.163565,1.0232,0.064695,0.60327,0.857296,0.608863,0.722381,-3.43504,1.028224,-2.138385,-2.057158,2.290074,0.492351,2.109019,0.939046,-0.302134,3.064482,2.011683,1.078161,1.307083,1.655407,1.259333,4.22422,-0.318954,-0.133315,-0.914833,-1.489544,-2.653675,-3.818254,-2.548855,-1.358831,2.226686,0.477769,0.826509,-0.618719,1.789479,0.879191,1.682266,2.244988,-1.938692,-4.554327,4.035031,-2.53076,0.103536,-0.209378,-0.433517,1.61264,-0.154355,-4.860884,-0.018689,-0.281844,-1.057433,1.684573,0.832647,-3.540734,0.675703,3.758306,0.022856,-2.096495,-0.051524,-1.501682,-0.981696,2.915345,2.222232,2.044898,0.480162,-0.026904,2.390839,-2.15873,0.061982,2.228345,-0.14847,-2.583056,2.656339,0.389667,1.764824,0.296123,-1.289059,-1.134097,4.674423,-3.59254,-0.260201,4.326998,1.036258,-3.118017,1.64821,1.268458,-0.596813,-0.910024,-0.716902,-5.687102,3.744632,-2.646905,0.295061,-3.125143,-0.397602,2.44034,3.286574,2.183333,3.718418,-2.254598,2.71908,-0.219918,4.593745,4.70079,-2.095699,4.779366,-0.080544,2.979492,0.740622,2.510373,-3.028183,2.459893,2.505462,1.827708,-3.516792,0.585547,2.54142,2.162728,-0.401519,0.116607,-4.792211,2.737805,3.970647,3.643456,2.525701,4.833345,3.014426,4.409503,1.679276,1.997951,-2.574147,2.197927,1.613759,4.038577,3.358339,-1.280018,5.795038,6.379502,1.762666,2.242347,2.77888,4.720096,4.212783,3.131911,3.228566,4.230307,0.438613,0.951007,3.880936,1.490693,2.869361,1.604468,0.958252,2.162597,2.580962,2.047235,0.77684,5.458276,1.235184,-5.749253,-3.480053,-1.943336,-1.970329,-5.643548,-3.401284,-5.808205,-3.504105,-3.145373,-1.648273
106,0.010088,-1.039273,-0.572285,-1.132622,0.310964,-0.99193,2.057839,1.344756,-3.137349,1.947793,0.394433,-4.367466,-5.146746,0.753396,1.238208,-0.677414,0.285478,-2.436475,-1.040707,-1.079426,4.334741,2.989358,-1.531777,3.881825,-3.805133,0.315312,-1.371708,1.400327,2.658771,1.791966,-1.847412,1.761883,1.359313,1.955105,1.379002,0.163684,1.202878,0.756335,0.780641,0.939122,-3.294541,0.997354,-2.130305,-2.243806,2.826538,0.313361,2.410109,1.16117,-0.935275,3.623318,2.237403,1.024212,1.931093,1.67803,0.947628,3.905884,-0.156192,-0.18324,-1.128964,-0.786475,-2.645282,-4.346802,-3.034665,-1.911762,2.123028,0.297212,1.8554,-0.552622,2.147766,0.682098,1.438543,2.278414,-1.491662,-5.210605,3.424689,-1.826462,0.48285,0.138925,0.121821,1.83206,0.760025,-5.720644,-0.23034,-0.002763,-1.010361,1.866107,0.643124,-4.059134,0.622695,3.660178,0.339769,-2.286272,0.938008,-1.216738,-1.83111,3.288793,2.512283,1.992757,0.154522,0.2735,2.395914,-2.169006,0.089743,2.654554,-0.242031,-2.750252,3.080374,0.491689,1.923466,0.462869,-1.562525,-1.044186,5.244565,-3.007906,-0.21594,3.741516,0.625505,-2.54729,1.929457,1.63765,-0.491695,-1.159522,-0.586045,-5.434875,3.677717,-3.006515,0.485809,-3.178251,-0.249959,2.014323,2.868627,2.381009,4.290633,-1.941727,2.848717,-1.012009,4.732143,4.668543,-1.550712,4.759096,-1.092064,2.951905,0.201941,2.794453,-3.580518,2.96668,2.505795,2.053933,-3.255418,-0.142324,2.199966,0.848857,-0.276503,0.257945,-4.752829,2.934194,4.243674,4.006915,3.101361,4.875814,2.978439,3.624156,1.507471,1.892542,-2.257933,2.464956,0.870865,3.685,3.190764,-1.192544,6.187169,6.671787,2.114003,2.273484,3.31037,5.243654,3.914635,3.381678,3.469848,4.140687,0.171926,0.890051,3.909464,1.063907,3.244289,1.858009,1.308634,2.382754,2.325967,1.806742,0.405425,5.564249,0.995608,-5.542122,-4.822244,-2.284233,-1.64363,-6.069593,-2.749442,-6.088524,-3.737946,-2.247314,-0.503156
107,0.016879,-1.060167,-0.653975,-0.755516,0.503064,-1.352436,1.475678,1.467865,-3.132606,1.75258,0.525578,-5.277347,-5.276562,0.370343,1.495371,-0.412812,0.59387,-2.055602,-0.514418,-1.033507,4.113287,2.763268,-0.785484,3.938184,-4.15869,0.342947,-1.203515,0.94033,2.731775,1.807915,-1.902729,1.409318,1.231086,2.231208,1.374126,-0.050985,0.777803,0.846172,0.835554,0.943947,-4.300405,0.979659,-2.163159,-2.075741,2.416398,0.756868,2.053044,1.482659,0.071939,3.246252,2.443381,1.283439,1.609662,1.994456,1.015674,4.202035,0.04102,-0.217797,-1.240567,-0.979426,-2.671454,-4.578518,-2.890001,-1.936889,2.100486,0.340327,1.092075,-0.648236,1.569459,0.908631,1.538904,2.280279,-1.282718,-5.141577,3.779973,-2.404263,0.264214,0.003477,-0.079703,1.607977,0.278441,-5.537683,-0.160932,0.303787,-1.113903,1.95468,0.963266,-4.472382,0.406204,3.709708,-0.448884,-2.393547,0.673125,-1.033678,-1.678434,3.335371,2.381562,1.66712,0.124655,-0.061506,2.170183,-2.158447,0.023142,2.443002,-0.376166,-2.681463,2.834549,0.629785,1.893982,0.119215,-1.96555,-1.252936,4.903159,-3.71011,-0.040171,3.965972,0.898666,-3.344222,1.857966,1.311991,-0.526033,-1.218084,-0.702881,-5.972335,3.976641,-2.607983,0.367429,-3.001869,-0.367599,2.385706,3.033397,1.810651,4.287511,-2.523221,2.781516,-0.333354,4.912643,5.078727,-1.976482,4.782827,-0.573831,3.086422,0.333903,2.55696,-3.572918,2.79077,2.087385,2.178726,-3.458705,0.337947,2.921666,1.022027,-0.235136,0.128914,-4.703275,2.911759,4.182493,3.691425,3.124375,4.712062,3.032088,4.367914,1.367875,2.163504,-2.702766,2.201841,1.081409,4.172493,3.373864,-0.80446,5.902268,7.008374,2.116829,1.740365,2.954789,5.294412,4.086365,2.832716,3.316523,3.776055,0.070364,0.494456,3.853186,1.826513,2.851356,1.492965,1.349235,2.409245,2.405199,1.834589,0.435642,5.971879,1.109503,-5.977878,-4.373224,-1.218203,-0.953639,-7.085877,-2.291911,-6.345258,-3.456618,-2.790756,-1.491554
108,0.012598,-0.625076,-0.907045,-1.081971,0.682747,-0.785241,1.587626,1.382879,-3.12535,1.63011,0.780754,-4.529371,-4.776263,0.016553,1.540136,-0.576177,0.395344,-2.579342,-0.588406,-0.771692,4.208079,2.608973,-0.671556,3.994568,-4.110411,0.19479,-1.222849,1.062213,2.513017,1.800669,-1.103601,1.495412,1.26463,2.113621,1.079845,-0.083693,0.704574,0.928918,0.735627,0.86353,-3.465244,0.796013,-2.193955,-1.740435,2.423957,0.636981,2.114355,1.149485,-0.146774,3.376179,2.033752,0.938055,1.598105,1.727079,1.175338,4.123338,-0.24509,-0.190764,-0.551452,-1.523937,-2.609324,-4.502319,-2.610625,-2.039719,2.046402,0.460963,0.950327,-0.574507,1.633857,0.769079,1.511971,2.079952,-1.266143,-4.548534,3.771956,-2.805372,-0.008109,-0.496456,-0.075335,1.512404,0.034806,-5.305573,-0.256988,0.581652,-1.236985,1.922675,0.609327,-4.519453,0.714124,3.462677,0.032316,-2.469053,0.341347,-0.973267,-1.362413,3.603683,2.681881,1.866582,0.396161,0.043002,2.453306,-2.331039,0.350563,2.612826,-0.376644,-2.674844,2.924804,0.117544,1.872634,0.167909,-1.357424,-1.449015,4.780893,-3.324972,-0.422269,4.324803,0.687756,-3.314138,1.894058,1.390689,-0.690255,-0.868235,-0.527482,-5.406357,3.76072,-3.101074,0.367124,-2.927184,-0.359765,2.757679,2.944699,1.450158,4.067471,-2.536564,3.060343,-0.849367,4.624316,4.822846,-1.656826,4.692428,-0.548273,3.089186,0.8752,2.712217,-3.476847,2.541207,2.158182,2.129108,-3.701844,0.867513,2.891288,1.507648,-0.06073,-0.023332,-4.753586,2.513173,3.86369,3.72245,2.652027,4.946066,2.961809,4.508362,1.334703,1.974845,-2.721049,2.227323,1.491527,4.033139,3.753164,-1.030066,5.860279,6.797434,2.14676,1.768848,2.681207,4.939856,4.011227,2.57003,2.97221,3.481236,0.18887,0.388294,4.092288,1.812771,2.768598,1.634224,1.10401,2.496669,2.136858,2.000153,0.130198,6.0061,0.949066,-5.541574,-3.604507,-1.761348,-0.892284,-6.978196,-2.710442,-6.188818,-2.746058,-3.345369,-1.614263
109,0.018357,-0.671356,-0.670404,-0.938842,0.350643,-0.796218,1.892339,1.380079,-3.130644,1.918385,0.611393,-4.013224,-5.01896,0.244363,1.579645,-0.694707,-0.211638,-3.017427,-0.775779,-1.266426,4.113009,2.753494,-1.451806,3.782332,-4.197007,0.208785,-1.371243,0.815727,2.054184,1.920508,-1.38389,1.418122,1.540573,2.054938,0.958035,-0.048891,1.201822,1.383148,0.769894,1.045318,-3.013036,0.842608,-2.167874,-2.187987,2.423747,0.170387,2.362526,1.306688,-0.170504,3.49415,2.400684,0.871296,1.387018,1.748607,1.122764,3.848673,-0.044063,-0.239445,-0.698311,-0.971676,-2.684842,-4.620397,-2.776044,-1.993003,1.858468,0.161205,1.447237,-0.713107,1.739659,0.61226,1.317788,2.160399,-1.97761,-5.361092,3.657669,-2.423383,0.177372,-0.006969,-0.349836,1.558379,0.565545,-6.201508,-0.377966,0.276674,-0.803117,1.878567,0.679325,-3.677307,0.943715,3.860384,-0.197346,-1.715952,0.60108,-1.962103,-1.405353,3.159694,2.590931,2.05205,0.343394,0.131196,2.332355,-2.147195,0.180446,2.078354,-0.064695,-2.719235,2.674321,0.024203,1.809257,0.303977,-1.097527,-1.289209,5.161783,-3.178646,-0.250405,4.001371,0.683088,-3.219471,1.846439,1.357542,-0.723932,-1.128341,-0.512073,-5.266375,3.531665,-3.146135,0.199641,-3.266595,-0.67455,2.509647,3.184807,1.853366,4.080185,-2.485269,2.95785,-0.330826,4.83146,4.396409,-2.103076,4.579463,-0.460452,2.955026,0.71314,2.866698,-3.266293,2.747714,2.275523,1.62238,-3.474335,0.469147,2.625135,1.304414,0.189565,-0.025389,-4.704512,2.70783,4.188173,3.701454,2.685935,4.847997,2.829228,4.367759,1.583524,2.169238,-2.45339,2.480925,1.087941,3.911251,3.604568,-0.811857,6.432024,6.285488,1.763597,2.093026,2.753428,4.828451,4.212317,2.6878,3.202028,3.678164,0.231111,0.677807,4.028697,1.763726,2.725232,1.935445,1.371019,2.815788,2.376425,1.779771,0.800526,5.927308,0.976971,-5.8295,-4.186068,-1.530089,-1.302152,-6.307191,-3.26905,-6.675699,-2.695556,-3.245772,-1.033046
110,0.017164,-0.943923,-0.750974,-1.156669,0.413433,-0.623931,1.935666,1.392274,-3.115982,1.644447,0.533779,-3.983915,-4.961836,0.543779,1.516888,-0.70265,-0.073858,-2.091199,-1.06812,-1.111898,4.440064,2.773129,-0.978317,3.995943,-4.018184,0.069649,-1.321928,1.200564,2.591296,1.639767,-1.653472,1.63927,1.287096,1.984077,1.047161,0.421361,1.040105,1.032768,0.533635,0.819652,-3.35014,0.933528,-2.20465,-2.006616,2.610114,0.044975,2.421417,1.191058,-0.653539,3.582005,2.190144,0.807734,1.648934,1.997435,1.186375,4.128043,-0.423867,-0.413201,-0.774968,-1.138124,-2.596778,-4.136365,-2.639406,-2.241652,2.17485,0.191446,1.218523,-0.722433,1.846033,0.619025,1.48317,2.144299,-1.655277,-4.893397,3.664988,-2.048834,0.043686,0.086839,0.203,1.704879,0.294303,-5.556239,-0.130539,0.13253,-1.332192,1.954218,0.44259,-4.13464,0.678891,3.452029,0.239556,-2.093477,0.543733,-1.166592,-1.793936,3.546703,2.620821,2.004721,0.349521,-0.155858,2.431008,-2.169689,0.478767,2.308124,-0.732645,-2.683222,3.139589,-0.052241,2.180649,0.337524,-1.311594,-1.43786,5.163635,-2.915763,-0.579129,3.921425,0.77104,-2.854659,1.952401,1.256674,-0.828831,-1.104654,-0.545177,-5.153217,3.791465,-2.885489,0.464704,-2.567451,-0.671461,2.170204,2.571964,2.254869,4.480294,-2.524576,2.795177,-1.191502,4.498015,4.720395,-1.593703,4.523895,-0.915562,2.938648,0.556446,2.877257,-3.461589,2.925047,2.167457,1.965574,-3.799133,0.501259,2.145677,1.166123,0.060459,-0.107851,-4.837873,2.412948,3.873296,4.262259,2.915171,5.236577,2.657723,3.950647,1.319459,1.965181,-2.78285,2.756375,1.004645,3.980444,3.744249,-1.080918,6.068959,6.751231,2.356474,2.194584,3.340835,5.36662,3.925026,3.200353,3.158654,4.078632,0.279115,0.733022,4.364197,1.055908,3.282183,1.72671,1.327269,2.683647,1.876942,2.278012,0.157891,5.898574,0.948398,-5.672309,-4.399731,-2.525359,-1.714075,-7.099471,-2.071758,-6.239815,-3.154655,-2.657164,-0.617124
111,0.007765,-0.658233,-0.786204,-1.358766,0.270689,-0.814971,1.743516,1.197826,-3.091656,1.086377,0.733513,-3.656904,-5.382656,0.298569,1.509623,-0.813535,0.06759,-3.152516,-0.882562,-0.876443,4.195833,2.499249,-1.327537,3.829705,-4.351029,-0.215608,-1.061678,0.553946,2.03494,2.149334,-1.621779,1.603372,1.662599,2.27043,0.814115,0.045076,0.900563,1.558109,0.962212,0.89759,-3.265865,1.038851,-2.10857,-1.557592,2.263367,0.176226,2.031451,1.096821,0.237529,3.222496,2.543833,1.014905,1.140801,1.95649,1.273474,3.897982,-0.623684,-0.011529,-0.93946,-1.36408,-2.605298,-3.716558,-2.56063,-2.033317,1.944423,0.063649,1.089709,-1.03822,1.635636,0.748962,1.613327,1.954666,-1.606509,-4.264182,3.498009,-2.698542,0.208221,-0.995729,-0.127173,1.520345,0.134102,-5.665797,-0.954897,0.742735,-0.685413,1.856394,0.825041,-3.656127,1.052567,3.438741,-0.077401,-1.90672,0.64599,-1.251849,-1.094922,3.161567,2.419816,1.961574,0.374037,-0.596743,2.300745,-2.941809,0.187198,2.069014,-0.290106,-2.638736,2.505007,0.42716,2.072319,0.134094,-1.488532,-1.588131,4.796833,-2.855214,-0.235238,4.141036,0.778346,-3.15878,1.568455,0.992814,-0.503028,-1.432159,-0.580211,-5.688575,3.638637,-2.601168,-0.028616,-3.211249,-0.482842,2.385403,3.295482,1.7593,3.804464,-2.300257,2.87405,-0.751806,4.620226,4.528472,-1.922077,4.655389,-0.222849,3.000195,0.656116,2.610528,-3.408289,2.470659,2.049099,1.747027,-3.434373,0.93332,2.530814,1.368569,0.110557,0.061503,-4.892877,2.324126,3.93328,3.695322,2.179626,4.814047,2.689887,4.564575,1.203948,1.765917,-2.846073,2.341837,1.018467,3.87078,3.489382,-0.384901,6.120005,6.20064,2.127691,1.836684,2.851542,4.664346,4.18249,2.68539,2.895211,3.675695,0.592111,0.694327,3.847323,1.637487,2.715563,1.708414,1.391636,2.258443,2.593926,1.966792,0.56768,5.790508,0.935432,-5.621804,-3.557897,-1.483112,-1.710677,-6.387724,-2.734474,-5.910106,-2.477486,-3.232659,-1.834713
112,0.022633,-0.710597,-0.697788,-1.232208,0.869564,-0.797858,1.533539,0.819112,-3.059342,1.654498,0.928262,-4.377616,-4.166782,0.470247,1.719946,-0.471088,-0.225451,-2.840207,0.026866,-0.471017,4.009459,2.553487,-1.610095,4.136127,-5.086286,0.280072,-0.971443,0.799582,2.30244,1.780427,-1.24297,1.417945,1.104532,2.690215,1.462396,0.231431,0.783331,1.645982,0.816685,0.852278,-3.433835,1.027726,-2.141747,-1.136808,2.411915,0.56881,2.029163,0.74178,0.108349,2.993305,2.481519,1.728027,1.54573,1.947286,1.465024,4.146356,-0.072804,0.02242,-0.53615,-1.41924,-2.632138,-4.214559,-2.452317,-1.438421,2.115487,0.629948,0.583892,-0.512039,1.469329,1.196705,1.550664,2.231795,-2.056037,-5.177961,3.958896,-3.176173,0.167968,0.244055,-0.910383,1.341053,-0.252038,-5.759457,-0.527525,0.468213,-0.541337,2.526304,0.755571,-3.562441,0.648788,3.510505,-0.382805,-1.654107,0.070849,-1.312476,-1.022738,3.218756,2.290462,1.722841,0.68616,0.015178,2.544591,-2.174352,0.303153,2.325418,-0.162899,-2.615701,2.571876,1.056674,1.787824,0.404109,-1.610765,-1.001026,4.805386,-3.745874,0.028232,4.410994,1.308599,-3.595325,1.71229,1.01476,-0.594675,-0.441172,-0.183651,-5.851252,3.348078,-3.159209,0.541639,-3.303969,-0.415807,2.480449,3.062634,1.869608,3.46453,-2.60409,2.659367,0.030926,4.977286,4.754507,-2.150013,4.795104,0.290899,3.049646,0.575932,2.436046,-2.743467,2.003417,2.128213,1.84316,-3.396431,1.300054,3.127575,2.48563,-0.358724,0.76982,-4.830283,2.753441,4.425728,3.41236,2.615041,5.126155,2.762243,5.247745,2.027359,1.529701,-2.461822,1.91572,1.801114,3.832816,3.39028,-0.718645,5.879218,6.52071,2.122834,2.023291,2.41464,4.476444,4.274141,2.991746,3.17037,4.000331,0.4616,1.196361,3.538403,1.942877,2.320781,1.855483,1.049539,2.190838,2.564317,1.892545,0.684283,5.855827,0.541824,-6.201609,-2.985855,-1.044459,-1.806448,-6.194853,-3.731738,-5.958988,-2.87635,-2.793434,-2.46756
113,0.010559,-0.800702,-0.869897,-0.095927,0.412069,-1.158758,1.527597,1.312059,-3.100733,1.879287,0.734317,-5.068844,-4.841589,0.485133,1.390163,-0.573527,0.818745,-2.298654,-0.880623,-1.269171,4.275296,2.886651,-0.755129,3.955947,-4.188396,0.009941,-1.435567,1.078237,2.756233,1.765406,-2.444446,1.462705,1.287042,1.829969,1.089455,0.0583,1.088188,0.239384,0.695007,0.768293,-4.402025,1.018527,-2.080801,-2.463631,2.651009,0.49699,2.525698,1.158093,-0.03713,3.381872,2.189305,0.946979,1.097022,1.847477,1.227895,4.088975,-0.243314,-0.280209,-1.188958,-0.75568,-2.646188,-4.335994,-2.970827,-1.928874,2.344326,0.539461,1.491101,-0.386846,1.853406,0.498098,1.690092,2.026499,-1.307382,-5.167696,3.687169,-2.270122,0.241906,-0.199165,-0.143572,1.776995,0.105679,-4.939275,0.114034,-0.115224,-0.852051,1.645314,0.933903,-4.092794,0.701692,3.955167,-0.349921,-2.115865,0.695653,-1.10361,-1.537946,3.326868,2.535775,1.730847,0.205649,0.023147,2.329818,-2.120167,-0.107977,2.109069,0.002962,-2.636635,2.681803,0.611495,2.311266,0.195613,-1.479248,-1.415889,5.005788,-3.398426,-0.720508,4.04731,0.774229,-3.148471,1.70825,1.376015,-0.715708,-0.961006,-0.984511,-5.926238,3.905324,-3.170942,0.51386,-3.203322,-0.513808,2.085044,3.010112,2.292218,4.099296,-2.409741,2.766651,-0.450499,4.660572,4.855652,-2.023842,4.870644,-0.504102,3.194285,0.659546,2.579609,-3.736069,2.891503,2.242353,2.042766,-3.320948,0.07615,2.533437,1.222423,-0.427422,-0.305852,-4.671449,2.698403,3.9339,3.699998,2.798981,4.800063,3.070914,4.151347,1.623724,2.16019,-2.796742,2.358393,1.357341,4.085386,3.122038,-0.945045,5.981896,6.832263,1.917021,2.155263,3.153723,5.097767,4.172204,3.172045,3.250355,4.166238,0.080163,0.90628,3.924533,1.412413,3.032782,1.370001,1.238445,2.135055,2.463009,2.139164,0.814578,5.822443,1.513126,-5.888036,-4.269294,-1.776131,-1.417818,-6.414132,-2.166953,-5.97155,-3.687758,-2.709675,-1.140361
114,0.01814,-1.003983,-0.653128,-0.981343,0.292153,-0.508689,1.761866,1.27222,-3.112156,1.555212,0.609416,-4.551508,-5.244113,0.409093,1.551641,-0.570566,0.249649,-2.326478,-0.727209,-0.937693,4.459285,2.78591,-0.709205,4.035005,-4.468553,0.241301,-0.670958,1.178133,2.69017,1.550832,-1.680216,1.684108,1.2999,2.373607,1.309016,0.152058,0.73574,0.962969,0.606017,0.942494,-3.58362,1.16253,-2.146872,-1.427796,2.288562,0.58314,2.324154,1.04571,-0.275584,3.418679,1.96498,1.573096,1.572106,2.087615,1.134964,4.46988,-0.382166,-0.2038,-0.832731,-1.771527,-2.670037,-3.961439,-2.703066,-1.902013,2.35955,0.407765,0.859159,-0.991194,1.724393,0.805225,1.405965,2.108381,-1.401424,-4.269744,3.715141,-2.36186,-0.060688,-0.535029,-0.006728,1.622722,0.229953,-5.284561,-0.392969,0.276153,-1.606167,2.066837,0.523248,-4.272602,0.537814,3.753304,-0.037508,-2.473294,0.476478,-0.929835,-1.287169,3.640149,2.590835,1.968472,0.484304,-0.192699,2.227607,-2.684894,0.210916,2.455339,-0.766482,-2.649492,3.066994,0.526221,2.137452,0.134734,-2.048122,-1.425765,4.890394,-3.21332,-0.343256,4.313797,0.667109,-3.01257,1.794067,1.214352,-0.802698,-1.163912,-0.669985,-5.948717,3.963853,-3.466367,0.883276,-2.936635,-0.524011,2.583014,2.633973,1.85389,4.007514,-2.931172,3.049521,-0.612454,4.861319,4.663423,-1.812419,4.49544,-0.652681,2.967867,0.701892,2.946064,-3.349901,2.546882,2.271257,2.261617,-3.678485,0.930954,2.815007,1.862627,-0.21267,0.01835,-4.588901,2.783386,4.056366,3.771863,2.738689,5.04885,2.804261,4.407709,1.755286,1.622057,-2.727194,2.171809,1.452275,3.754225,3.648386,-0.986723,6.029547,6.7823,1.955862,1.954376,2.693234,4.995059,3.959862,2.824768,3.336448,3.739464,0.355796,0.48111,4.139799,1.488951,2.834852,1.509686,1.135878,2.37166,2.056733,1.816365,0.471013,5.956729,0.834028,-5.773843,-3.441294,-1.886655,-1.40502,-6.472272,-3.22593,-6.700579,-2.687227,-2.825713,-1.261371
115,0.01654,-0.601685,-1.293139,-0.526736,0.173731,-1.340614,1.445722,1.022829,-3.10685,1.382069,0.91921,-4.934574,-5.279139,0.213473,1.072944,-0.484155,0.770319,-3.263668,-0.540936,-0.521186,4.187769,2.681669,-0.832617,4.117616,-3.993317,-0.079519,-0.833645,0.534123,2.425082,2.138666,-1.211605,1.601981,1.422753,1.890676,0.57367,-0.308637,0.648019,0.545628,0.919164,1.0383,-3.897389,0.890476,-2.154015,-2.050709,2.505169,0.452631,2.149076,1.023302,0.214129,3.249496,2.027811,0.725107,1.507082,1.389871,1.329546,4.233451,-0.387508,0.307649,-1.473042,-1.259721,-2.681368,-4.269543,-2.759104,-1.926227,2.235466,-0.103604,0.61156,-1.320953,1.566503,0.818646,1.573388,2.08853,-1.168729,-3.789083,3.765816,-2.767364,0.406907,-0.98793,-0.237302,1.602018,0.023095,-5.277919,-0.448683,0.077699,-1.04198,1.191276,1.282141,-4.459678,0.403366,3.407312,-0.269929,-2.97102,0.282208,-0.840909,-1.48385,2.692314,2.271634,1.596838,0.243501,-0.028885,2.288192,-2.542201,-0.143537,2.428483,-0.05336,-2.578331,2.310079,-0.186968,1.674683,0.258217,-1.724882,-1.658738,4.450243,-3.528334,-0.792937,4.253816,0.706452,-3.042456,1.881814,1.342239,-0.475055,-1.418566,-1.085005,-5.118293,3.806281,-2.654079,-0.227243,-3.453905,0.174128,2.770924,3.804492,1.481427,3.892351,-1.316182,3.042743,-0.704582,4.194174,4.777681,-1.551684,4.682712,0.041709,2.499979,0.674811,2.540416,-3.769394,2.329159,2.626204,1.858116,-3.620139,0.76179,2.391201,1.687748,-0.407492,-0.174869,-4.70052,2.711787,3.596998,3.927502,2.2205,4.073236,2.785793,4.104704,1.038242,1.444614,-2.823634,1.600867,1.229957,4.240774,3.565336,-1.010532,5.179089,6.566303,1.692878,1.477423,3.002231,4.531164,4.658097,2.559668,2.984059,3.582995,0.320292,0.352773,4.138945,1.492179,2.989196,0.939256,1.412977,1.818536,3.129856,2.158151,0.641276,5.189144,0.91405,-4.148543,-3.769008,-1.439726,-1.966632,-6.494224,-2.939328,-5.19681,-3.150288,-3.81484,-1.687989
116,0.017622,-0.638291,-1.301675,-0.575722,0.718121,-1.372811,1.287971,1.317061,-3.178288,2.222666,0.696218,-4.88758,-4.364734,0.19487,1.204382,-0.869262,0.5488,-2.597293,-0.605512,-0.631711,4.052362,2.577061,-1.113998,4.146391,-4.344466,-0.100218,-1.7722,0.790632,2.663189,2.291071,-1.565253,1.637315,1.194049,1.811106,0.730445,-0.433257,1.042281,0.702137,0.713591,1.034495,-4.132492,0.874702,-2.149314,-2.182899,2.856293,0.136036,2.169718,0.69425,0.273518,3.132465,2.359872,0.782697,1.650744,1.644781,1.509404,4.042619,-0.538673,0.076366,-1.317027,-0.73559,-2.70639,-4.934969,-2.944285,-2.056863,2.100149,-0.170727,1.117507,-0.306018,1.443541,0.786392,1.897507,2.197017,-1.556463,-5.311431,3.818388,-2.717241,0.207993,-0.151949,-0.176819,1.548415,0.008093,-5.308202,0.240538,0.283285,-0.474377,1.46595,1.220124,-4.409334,0.725133,3.534954,-0.185845,-2.183096,0.32106,-1.026732,-1.458837,3.102523,2.192683,1.65692,-0.046521,0.375152,2.573229,-1.77566,0.236309,2.437952,0.24819,-2.669055,2.359714,0.357505,2.003864,0.35976,-1.64541,-1.354459,4.776293,-3.735778,-0.637726,4.332546,0.95057,-3.29145,2.099739,1.409135,-0.442751,-0.917382,-0.737964,-5.026954,3.724035,-2.977164,0.198982,-3.252712,0.148333,2.220178,3.76579,1.755935,3.896494,-1.693305,2.575892,-0.667049,4.341647,5.006058,-1.964709,4.819635,0.251594,3.041079,0.770305,2.18133,-3.831073,2.323543,2.131197,1.751875,-3.434511,0.320131,2.653241,1.578688,-0.44115,0.032281,-4.919092,2.546033,3.734959,3.530661,2.374335,4.256102,2.970346,4.488275,1.321644,1.637157,-2.519963,1.606136,1.590593,4.576409,2.882228,-0.886325,5.186583,6.849031,1.987148,1.809658,2.956793,4.952221,4.47456,3.147241,3.024523,4.252238,-0.061282,1.008828,3.620485,1.73801,2.736589,0.950653,1.115265,1.891109,3.120726,2.275661,0.768287,5.614635,1.20658,-5.33699,-3.591215,-1.173036,-1.866459,-6.636261,-2.4128,-4.592978,-4.117271,-3.091428,-2.061248
117,0.013629,-0.266705,-1.17905,-0.219142,0.640243,-1.188908,1.279983,1.227666,-3.085802,2.304571,0.833864,-4.666687,-4.318046,0.274256,1.447574,-0.607706,0.633275,-2.581997,-0.570772,-0.547838,3.974668,2.577693,-0.682847,4.080161,-4.218686,-0.022023,-1.854471,0.929191,2.710026,1.983052,-1.493779,1.705522,1.238435,1.720827,0.833905,-0.271851,1.002716,0.942081,0.428846,0.955693,-3.776635,0.949383,-2.125017,-2.28116,2.636475,0.334108,2.159559,1.01516,0.351866,3.139052,2.138727,0.719029,1.532499,1.676953,1.397384,4.10538,-0.207556,-0.190909,-1.28213,-0.830806,-2.684555,-4.593389,-2.863271,-2.007654,2.172369,0.07821,1.220758,-0.164728,1.460424,0.586564,1.559984,2.049033,-1.68599,-5.233095,3.783888,-2.934817,0.355114,-0.102646,0.142944,1.555271,0.06337,-5.116869,0.185878,0.312738,-0.701301,1.654811,0.968757,-4.134721,0.873491,3.766971,-0.29339,-2.170203,0.168526,-1.183434,-1.397288,3.024415,2.409563,1.533619,0.254719,0.22599,2.246165,-1.616572,0.109835,2.363655,0.111103,-2.651787,2.516045,0.152439,1.830186,0.150406,-1.108572,-0.993162,4.713637,-3.448107,-0.507048,4.273537,0.717617,-3.461451,2.093784,1.3024,-0.624648,-0.873324,-0.711743,-5.176949,3.887098,-3.088666,-0.005925,-3.149736,-0.283774,2.538771,3.653054,1.442868,4.218806,-1.889814,2.618483,-0.797041,4.381181,5.1213,-1.95352,4.96938,-0.169018,2.937654,0.771955,2.168214,-3.992323,2.406638,2.089837,1.627286,-3.645669,0.285193,2.765368,1.18127,-0.247133,0.171873,-4.840241,2.685176,3.844017,3.898465,2.707894,4.315296,2.89113,4.490797,1.244811,1.644936,-2.586767,1.604927,1.336252,4.478825,3.346144,-0.856588,5.235107,6.878432,1.994682,1.672999,2.902205,5.159583,4.54702,2.877774,2.964358,3.904998,-0.142233,0.814103,3.933651,1.941308,2.67884,0.913369,1.26177,2.061756,2.911534,2.205465,0.378058,5.576819,1.021875,-5.082248,-4.036437,-0.999958,-1.311993,-7.419512,-2.207368,-4.875088,-3.85869,-2.721617,-2.041998
118,0.013698,-0.796227,-0.653233,-1.188026,0.546696,-0.989571,1.852005,1.492533,-3.123166,1.394943,0.565329,-4.195639,-5.537455,0.475376,1.317356,-0.512116,0.287552,-2.944513,-0.716942,-0.675777,4.0751,2.715304,-1.016524,3.787063,-4.211839,0.187021,-0.62158,0.965469,2.243805,1.917904,-1.614714,1.511264,1.464767,2.140294,1.026703,0.207313,1.024441,1.08402,1.031346,0.891857,-3.457271,1.006476,-2.193657,-2.12796,2.493531,0.333657,2.412647,1.376214,0.153377,3.427011,2.41096,0.837002,1.51898,1.753747,1.279887,3.731562,-0.302692,0.104896,-1.16968,-1.211957,-2.64058,-4.402834,-2.832546,-2.047029,2.066187,0.09468,1.466326,-1.023976,1.546037,0.856059,1.489744,2.136346,-1.437057,-4.392241,3.616717,-2.477049,0.338328,-0.400686,-0.035875,1.856588,0.425325,-5.70639,-0.609201,0.654269,-1.026651,1.958819,0.751892,-4.090971,0.950344,3.316232,-0.205699,-2.487047,0.938632,-1.272192,-1.421282,3.194083,2.415074,1.805601,0.107145,-0.135043,2.270496,-2.701808,0.093635,2.283214,-0.126756,-2.643309,2.546595,0.417178,1.876462,0.360466,-1.380683,-1.542195,4.823681,-3.102072,-0.117856,3.924784,0.706106,-3.095422,1.782175,1.155477,-0.84562,-1.129875,-0.783112,-5.614311,3.629061,-2.773938,0.028598,-3.347423,-0.150126,2.318486,3.444763,1.942176,3.852136,-1.999974,2.959046,-0.928626,4.713431,4.23513,-1.670603,4.51155,-0.253007,2.788668,0.616669,2.885885,-3.479748,2.67171,2.315157,1.963717,-3.473277,0.781681,2.386337,1.264468,0.01324,0.069244,-4.701906,2.570357,4.406075,3.50453,2.398801,4.624781,2.785116,4.361901,1.171829,1.632889,-2.935261,2.275849,0.749874,3.887036,3.333992,-0.481454,6.085093,6.259634,1.77417,2.043479,2.902327,4.44909,4.321745,2.902258,3.201327,3.810199,0.364496,0.744742,3.799545,1.557983,2.917407,1.687929,1.456481,2.188564,2.807418,2.012762,0.625167,5.520383,1.056698,-5.407637,-4.004158,-1.59779,-1.907728,-5.961798,-3.199557,-5.668209,-2.615995,-3.28103,-1.345026
119,0.01171,-0.6754,-0.905122,-0.493116,0.764394,-0.850539,1.160034,1.298867,-3.118361,1.956366,0.84768,-4.935057,-4.440944,0.135376,1.60014,-0.349668,0.76094,-2.267585,-0.295158,-0.543655,4.118254,2.58942,-0.621733,4.08719,-4.611539,0.208708,-1.360872,1.28556,2.909037,1.575664,-1.542918,1.55304,1.036293,2.079504,1.168415,-0.077863,0.735057,0.642625,0.364457,0.765024,-3.931517,0.920682,-2.155501,-2.108589,2.465108,0.717955,2.371261,1.016971,0.168883,3.215624,2.049982,1.192942,1.734109,1.758165,1.349889,4.404172,-0.276899,-0.398816,-0.860089,-1.355048,-2.669477,-4.464901,-2.752486,-2.115953,2.336508,0.409689,0.757557,-0.258927,1.386208,0.746573,1.642946,2.261519,-1.504629,-4.781228,3.911532,-3.15937,0.029482,0.125789,-0.078962,1.620201,-0.2401,-4.722313,0.256112,0.441647,-1.240853,1.901859,0.635946,-4.464365,0.798568,3.517374,-0.238688,-2.54837,0.031067,-0.761025,-1.71841,3.255316,2.576608,1.746658,0.381395,-0.145431,2.218373,-2.109812,0.163588,2.640187,-0.212521,-2.600847,2.742069,0.402553,1.922088,0.013616,-1.438587,-1.25601,4.730299,-3.760803,-0.585365,4.419804,1.054736,-3.618067,2.058745,1.022306,-1.100626,-0.337715,-0.456156,-5.830154,4.136293,-3.12004,0.405577,-2.980311,-0.359647,2.714232,3.024896,1.544278,4.134527,-2.630758,2.746926,-0.662779,4.810587,5.044419,-1.767543,4.708766,-0.448987,3.105229,0.790239,2.537809,-3.708923,2.126385,2.027104,1.88836,-3.827413,0.836964,3.201562,1.658274,-0.350472,0.240611,-4.767951,2.729424,4.075712,3.789605,3.015161,4.984871,2.891088,4.797261,1.57839,1.679692,-2.841873,1.781125,1.696663,4.217738,3.71856,-1.263386,5.654993,7.224449,2.15027,1.748845,2.466459,5.080689,4.234035,2.635171,3.058819,3.685288,-0.017184,0.545276,4.125481,1.912823,2.434576,1.350188,1.051312,2.214467,2.365805,1.985722,0.27755,6.142932,0.722429,-5.767934,-3.435731,-1.062649,-0.707028,-7.558268,-2.770344,-6.132635,-3.180737,-2.685799,-1.920174
120,0.010501,-0.735666,-0.827252,-0.88037,0.545036,-0.705151,1.730664,0.77907,-3.092944,1.824774,0.712746,-4.515521,-4.750847,0.477668,1.259559,-0.432062,-0.11408,-2.437593,-0.131705,-0.554066,4.240405,2.750495,-0.923258,3.985016,-4.627715,0.436186,-0.913764,1.2107,2.487712,1.663165,-1.072978,1.63972,1.181511,2.072827,0.9441,0.084442,1.020139,1.046361,0.688565,1.036356,-3.258818,1.07325,-2.149101,-1.222519,2.456628,0.403937,2.532111,0.860616,-0.064682,3.31292,1.99419,1.280154,1.818558,1.642447,1.22251,4.274957,-0.194542,0.116457,-0.882842,-1.746667,-2.675497,-4.459273,-2.666167,-1.643874,2.264549,-0.002408,0.895872,-0.721961,1.721247,0.875946,1.337691,2.143988,-2.073141,-4.730174,3.939094,-2.519313,0.102246,-0.173597,-0.103414,1.734524,0.272859,-5.496867,0.141635,-0.0645,-1.200296,2.016928,0.755609,-3.908885,0.451811,3.673497,0.177728,-2.234873,0.397745,-1.078995,-1.090475,2.997148,2.202529,1.906705,0.335258,0.113739,2.411054,-2.357352,-0.013543,2.520279,-0.18143,-2.641339,2.821894,0.485889,1.833673,0.354076,-1.705074,-1.454706,4.762754,-3.791764,-0.382253,4.144937,0.862316,-2.71824,1.987187,1.377133,-0.632522,-0.652993,-0.645981,-5.249345,3.603723,-3.393413,0.572589,-3.153919,-0.344618,2.444257,3.190886,1.811997,3.857855,-2.097797,2.601643,-0.445871,4.658157,4.903068,-1.679809,4.968827,-0.125339,2.842243,0.634372,2.630461,-3.354079,2.311202,2.215689,1.679788,-3.584947,0.86408,2.799478,1.653758,-0.455867,0.452641,-4.711741,2.782061,4.260252,3.887573,3.020061,4.853458,2.69805,4.423166,1.61458,1.508294,-2.500323,1.955325,1.630739,3.9029,3.412604,-0.89295,5.689897,6.784944,2.082195,1.991323,2.719222,4.976964,4.348052,3.093602,3.127879,4.019883,0.297584,0.799631,3.999564,1.707273,2.749089,1.482179,1.374504,2.176434,2.547545,1.998574,0.713144,5.528175,0.656605,-5.41054,-3.614899,-1.292445,-1.682426,-6.872299,-2.963212,-5.760291,-3.139469,-2.513719,-1.976726
121,0.016287,-0.789421,-0.834815,-1.067499,0.475536,-1.131917,1.974364,1.095906,-3.12728,1.183663,0.567878,-4.995444,-5.916469,0.648647,1.22777,-0.351514,0.249443,-2.741171,-0.717341,-0.666212,4.323689,2.845,-1.415124,3.914858,-4.031783,0.203128,-0.604389,0.968686,2.145648,1.705413,-1.860837,1.847921,1.453426,2.05811,1.212999,0.111557,0.98822,0.999071,1.108412,1.470121,-3.471331,1.300677,-2.152502,-2.084421,2.654508,0.484308,2.57728,1.16757,-0.484522,3.369399,2.636072,1.101953,1.594993,1.876783,1.184605,4.054395,-0.134585,0.529824,-1.206026,-1.200947,-2.674401,-4.776487,-3.569849,-1.743134,2.356817,-0.260899,1.404771,-1.702018,1.578926,0.814859,1.253142,1.949978,-1.661253,-4.367771,3.757465,-2.220342,0.307167,-0.918465,-0.162491,1.967699,0.303067,-6.227021,-0.295545,0.290574,-1.077976,1.985843,0.810259,-3.809166,0.66204,3.436868,0.210075,-2.484302,0.968998,-1.186333,-1.502352,3.220455,2.118607,1.711076,0.075967,0.342317,2.317014,-2.931517,-0.16239,2.337818,-0.108156,-2.691406,2.618904,0.422749,1.988955,0.322658,-1.574885,-1.762978,4.811082,-3.564675,-0.116054,3.873774,0.575611,-2.812165,1.595045,1.30691,-0.567213,-1.669077,-1.045743,-5.863816,3.437562,-2.755536,0.26057,-3.73016,-0.187683,2.25035,3.406871,1.742679,3.793988,-1.908882,2.766872,-0.191017,4.674565,4.732226,-1.723421,4.798038,-0.18955,3.022181,0.453456,2.708162,-3.790281,2.722855,2.217817,2.155708,-3.350358,0.734867,2.584139,0.993036,-0.523784,0.063208,-4.793792,2.82303,4.499495,3.474938,2.720267,4.378608,3.09342,4.609565,1.282972,1.766483,-2.549397,2.200087,0.9072,3.922554,2.975223,-0.110204,6.033379,6.615003,2.030818,1.970748,3.049691,4.96435,4.138656,3.246026,3.329157,4.087891,0.228725,0.794714,3.72667,1.947696,2.873865,1.573326,1.402402,2.236107,2.773166,1.949513,0.602396,5.539884,1.05862,-5.941285,-4.334452,-1.439669,-1.600132,-6.342719,-2.755287,-5.45501,-3.152481,-3.101448,-1.800567
122,0.038624,-1.080704,-0.704627,-1.369195,0.577316,-0.640007,1.812885,1.010667,-3.096537,1.383466,0.734039,-4.262605,-4.729454,0.42441,1.670764,-0.539134,-0.261403,-2.216504,-0.405531,-0.591317,4.224706,2.599566,-1.162867,4.174763,-4.274309,0.348216,-0.957892,1.114368,2.693506,1.624767,-1.19424,1.702082,1.104682,2.469973,1.336501,0.295091,0.68441,1.24372,0.87268,0.793065,-3.36087,1.232968,-2.16609,-1.534568,2.417442,0.688716,2.062996,0.830611,-0.823643,3.270604,2.183282,1.625206,1.940986,1.8445,1.195202,4.382679,-0.330828,-0.298475,-0.555737,-1.587819,-2.610157,-4.037241,-2.606359,-1.704061,2.256706,0.455678,0.590151,-1.132788,1.70252,1.07128,1.636114,2.342916,-1.791676,-4.720624,3.734176,-2.786985,0.064681,0.015194,-0.46184,1.443627,0.030992,-5.495129,-0.494655,0.490078,-1.169149,2.145326,0.569243,-3.968431,0.460812,3.350137,0.233359,-2.249322,0.178908,-0.885265,-1.655327,3.594203,2.464694,2.060545,0.450564,-0.082993,2.455356,-2.322627,0.325349,2.729638,-0.600154,-2.655611,3.078301,0.567033,1.917241,0.492953,-1.550679,-1.497819,4.882097,-3.320418,-0.168658,4.279651,1.03798,-3.14926,1.877575,0.971924,-0.668662,-0.856195,-0.327016,-5.308625,3.622052,-3.261849,0.903502,-2.799111,-0.412396,2.576473,2.698738,1.970491,3.711566,-2.596786,2.811625,-0.334573,4.911106,4.735316,-1.815829,4.585876,-0.142937,3.141944,0.523851,2.78265,-2.879704,2.139202,2.141601,2.221437,-3.64282,1.292746,3.107237,2.217988,-0.467547,0.355105,-4.908802,2.643543,4.074264,3.705112,2.795614,5.351036,2.663464,4.811555,1.820449,1.702506,-2.585581,2.286178,1.686816,3.882164,3.583455,-1.110427,6.050808,6.869165,2.384137,2.128849,2.455395,4.830089,3.955811,2.735739,3.100537,3.712184,0.447369,0.712412,3.815908,1.699061,2.598588,1.818963,1.091618,2.432837,2.157214,1.901448,0.700037,6.18633,0.490165,-6.327234,-2.913968,-1.553316,-1.242285,-6.52352,-3.323083,-6.74205,-2.684383,-2.882597,-1.888332
123,0.010485,-0.853458,-0.730155,-1.285037,0.155671,-0.972117,1.926809,1.346436,-3.094774,1.579652,0.497616,-4.182355,-4.994054,0.661059,1.178969,-0.70432,0.618262,-3.107626,-1.367725,-0.95171,4.238399,2.815508,-1.614348,3.944462,-3.979918,-0.156436,-1.299855,1.073562,2.543594,2.099407,-1.99113,1.767269,1.341032,2.241059,1.298693,0.322122,0.976064,0.896189,0.648232,0.998251,-3.638126,0.932253,-2.1501,-2.315902,2.746875,0.298241,2.006825,1.145125,-0.539536,3.502975,2.46754,1.074099,1.813725,1.704463,1.151962,3.898656,-0.121793,-0.129894,-1.203748,-1.018361,-2.626334,-3.704111,-2.794932,-2.217328,2.016137,0.491415,0.954413,-0.774798,1.882729,0.698413,1.46887,2.1934,-0.98487,-4.827152,3.564153,-2.294368,0.149879,-0.381447,-0.18034,1.683283,0.285475,-5.63753,-0.623919,0.358249,-0.927498,1.91609,0.56669,-4.164627,0.760544,3.36103,-0.295574,-2.342996,0.494881,-1.271248,-1.849432,3.274097,2.551159,1.882797,0.348463,0.110036,2.354565,-2.259093,0.239218,2.380671,-0.677502,-2.700575,2.732953,0.244891,1.749137,0.502491,-1.480232,-1.107441,5.007295,-2.695712,-0.223589,4.009247,0.69789,-3.000903,1.760542,1.28768,-0.561072,-1.509005,-0.522396,-5.903224,3.735768,-2.486177,0.298655,-3.552565,-0.195523,2.133534,3.029776,2.310004,4.244693,-2.004876,2.69867,-1.267866,4.58252,4.382778,-1.777651,4.410906,-0.653804,2.468333,0.130978,2.782719,-3.087372,2.500888,2.421156,1.822608,-3.365643,0.338493,1.927472,1.474832,-0.006189,0.568747,-4.875741,2.80163,4.29216,3.931856,2.395445,4.946118,2.679303,3.963775,1.628388,1.435001,-2.513274,2.256536,0.747714,3.637187,3.250383,-1.111142,6.095343,6.308966,1.975832,2.083927,3.168832,4.76531,4.395872,3.266978,3.408357,4.023421,0.379325,1.088072,3.75295,0.855491,2.949963,1.767614,1.279926,2.155848,2.45644,1.924754,0.233425,5.397348,0.702648,-4.866866,-3.948217,-1.959832,-2.717876,-6.055296,-3.456644,-5.418666,-3.324961,-2.381279,-0.730364
124,0.011039,-0.707075,-0.778879,-0.931974,0.163775,-0.892126,1.805493,0.9224,-3.135811,1.817433,0.857924,-4.100191,-4.350367,0.345132,1.407938,-0.81104,-0.194499,-2.417981,-0.590562,-1.103592,4.477851,2.766262,-1.865026,4.032419,-4.167841,0.227997,-1.104281,0.88951,2.524148,1.746487,-1.387947,1.637143,1.411993,2.17233,1.263714,0.167827,0.770981,0.973703,0.741044,0.697565,-3.333551,1.147445,-2.099808,-1.694481,2.466251,0.374578,2.239685,0.680894,-0.709696,3.405586,2.089735,1.189911,1.547743,1.731959,1.199391,4.208867,-0.309222,-0.343187,-0.529939,-1.34255,-2.592108,-3.894109,-2.4533,-1.820486,2.149244,0.849654,0.903977,-0.632162,2.064269,0.74467,1.441232,2.06612,-1.54372,-4.62217,3.733135,-2.349971,0.136181,-0.110701,-0.504387,1.557825,0.13007,-5.20358,-0.261945,-0.199986,-1.064444,1.837454,0.698865,-3.988658,0.419198,3.610256,-0.010862,-2.021832,0.197383,-1.289477,-1.295958,3.271121,2.635963,2.153268,0.493713,-0.011834,2.386941,-2.092555,0.175167,2.225882,-0.527835,-2.635402,2.945587,0.38393,1.981986,0.201143,-1.453692,-1.348242,5.035384,-3.210871,-0.458625,4.208863,1.063776,-2.995538,1.798825,1.405428,-0.557326,-0.800787,-0.46516,-5.354281,3.701853,-3.002105,0.675494,-2.920114,-0.618116,2.488741,2.77715,2.201929,3.820428,-2.468019,2.901141,-0.520156,4.522936,4.632367,-1.843066,4.71213,-0.459794,2.926718,0.688808,2.644898,-2.984551,2.538013,2.348862,2.054607,-3.489528,0.827347,2.445995,2.032582,-0.375049,0.086751,-4.872332,2.607959,3.838197,3.858356,2.612301,5.051487,2.822732,4.251912,1.900642,1.801676,-2.443712,2.518437,1.607666,3.815755,3.485063,-1.234636,6.00305,6.511357,2.204177,2.247298,2.864169,4.836391,3.994304,3.111422,3.093369,3.985301,0.519188,0.855484,4.007761,1.216787,2.853034,1.932175,1.10264,2.368361,2.138629,2.008584,0.74405,5.695308,0.971292,-5.880179,-3.377465,-2.087689,-1.818327,-5.968895,-3.085037,-6.269392,-3.059823,-2.998041,-1.435309
125,0.011688,-1.135856,-0.662247,-0.768244,0.346722,-1.028692,1.151261,1.431561,-3.13008,1.544156,0.648432,-4.915918,-5.064232,0.018976,1.512048,-0.276078,0.806443,-2.396001,-0.553837,-0.590927,4.100192,2.739117,-0.815379,3.878497,-4.205796,0.394047,-1.394623,0.973694,2.748897,1.956503,-1.913836,1.421321,1.207613,2.392289,1.274981,-0.190081,0.863418,0.758958,0.622967,0.693734,-3.87832,0.878873,-2.170681,-1.903518,2.205019,0.760402,2.083704,1.272584,0.076612,3.29191,2.279245,1.375608,1.753428,1.757477,1.106144,4.196921,-0.351642,-0.130507,-0.914334,-1.174256,-2.610619,-4.455056,-2.752637,-1.819128,2.122519,0.375675,1.4229,-0.352248,1.730879,0.935529,1.691023,2.305841,-1.443045,-4.619067,3.613711,-2.679741,0.185376,-0.289053,0.194875,1.540716,0.065788,-4.950063,-0.248679,0.27997,-1.098796,1.785947,0.752511,-4.108887,0.53331,3.540342,-0.259873,-2.441723,0.707181,-0.885725,-1.721951,3.075974,2.521678,1.86119,0.196297,-0.151711,2.245576,-2.559322,0.193118,2.723601,-0.188367,-2.633013,2.788798,0.81337,1.82354,0.184392,-1.764981,-1.392221,4.903353,-3.694043,-0.426099,4.1187,0.693584,-3.285859,1.979978,1.345269,-0.618879,-0.568741,-0.390218,-6.193106,4.107267,-3.100672,0.227264,-3.381227,-0.349259,2.324517,3.311391,1.845027,4.336474,-2.031747,2.733247,-0.813997,4.847613,4.795912,-1.695544,4.602567,-0.6064,2.75185,0.342116,2.703983,-3.617666,2.357752,2.426975,1.720348,-3.542549,0.354361,2.684674,1.25981,-0.05189,0.160437,-4.643853,3.091243,4.308778,3.974238,3.095947,4.60069,2.759082,4.189292,1.485162,1.52949,-2.60884,1.680621,1.200759,3.871573,3.515074,-1.328193,5.672109,6.821479,1.790751,1.843589,2.817606,4.910413,4.51445,2.854447,3.445097,3.867649,0.07808,0.725767,4.11123,1.711597,2.881043,1.403178,1.443707,2.008953,2.870113,1.839445,0.577605,5.447,0.553158,-4.89759,-4.298514,-1.053245,-1.687612,-6.924143,-3.079206,-5.868005,-3.43867,-2.532975,-1.162029
126,0.023854,-0.814833,-0.690407,-1.46357,0.426215,-0.823636,1.862333,1.391795,-3.065217,0.946788,0.591128,-4.19168,-5.433955,0.385692,1.454433,-0.720344,-0.006152,-3.205169,-0.799334,-0.597963,4.228674,2.756593,-1.123174,3.966309,-4.028422,-0.055745,-0.599224,0.844999,2.080629,1.622108,-1.538763,1.53665,1.388151,2.134611,1.032643,0.318355,0.7297,1.155529,1.124812,0.908207,-3.407522,0.908719,-2.102211,-1.634209,2.32016,0.405539,2.368962,1.289246,-0.230639,3.328422,2.273538,0.979791,1.396669,1.780248,1.12659,3.924544,-0.269991,0.00506,-0.958058,-1.47491,-2.543522,-4.118601,-2.743617,-1.900699,2.070372,0.129693,1.158791,-1.484195,1.70622,0.865091,1.419817,2.104006,-1.559942,-4.094309,3.535701,-2.417281,0.022609,-0.909123,-0.493127,1.611585,0.048449,-5.519359,-0.75093,0.721127,-1.274668,2.020898,0.494784,-4.132698,0.766839,3.356696,-0.064931,-2.291546,0.625205,-1.049695,-1.38825,3.250982,2.294421,1.80985,0.422209,-0.311669,2.173272,-2.786333,0.080153,2.335418,-0.219035,-2.610611,2.598999,0.32245,1.9742,0.176629,-1.449549,-1.72087,4.783571,-3.001929,-0.172348,4.032346,0.629102,-3.21439,1.424107,1.053183,-0.861413,-1.324583,-0.475682,-5.47307,3.226483,-2.886402,0.225719,-3.430011,-0.390402,2.185733,3.128028,1.915487,3.615553,-2.185011,2.726342,-0.684522,4.558486,4.374366,-1.357289,4.56552,-0.117557,2.979024,0.567158,2.756154,-3.32913,2.510543,2.122982,2.101616,-3.392989,1.104873,2.353813,1.658742,-0.197253,0.058186,-4.621003,2.277513,4.163006,3.267763,2.093071,4.812372,2.733172,4.515968,1.286404,1.614204,-3.008967,2.444348,0.898638,3.816355,3.129117,-0.316539,6.121782,6.290201,2.090101,1.998179,2.925296,4.318606,4.162878,2.8387,2.992576,3.76809,0.424869,0.747558,3.656397,1.655351,2.816172,1.674863,1.249352,2.116465,2.522142,2.085688,0.56711,5.713264,0.960354,-5.840306,-3.276385,-1.570638,-2.023193,-5.813109,-2.940035,-5.518043,-2.409425,-3.285764,-1.945093
127,0.011173,-0.62051,-0.133783,-1.346415,0.675402,-0.792276,1.816707,1.651356,-3.057477,1.692716,0.344242,-3.63171,-4.712896,0.07316,1.551071,-0.813834,-0.498777,-2.544446,-0.910883,-0.637229,3.89789,2.66731,-1.157744,3.660827,-3.721364,0.149218,-1.350659,0.898685,2.12123,1.741456,-1.547442,1.163263,1.423025,1.988779,1.355029,0.272384,1.120976,1.376589,0.890469,0.609517,-3.104943,0.679196,-2.113617,-1.827516,2.232201,0.286829,2.481735,1.337193,0.268422,3.640448,2.198795,0.917592,1.595315,1.652692,1.157745,3.575273,0.074149,-0.524492,-0.415094,-1.209727,-2.510426,-4.591072,-2.357676,-2.099245,1.610137,0.599711,1.68559,0.057034,1.769687,0.772596,1.427799,2.269304,-1.832077,-5.204685,3.439859,-2.585425,0.029002,0.37759,-0.058106,1.361696,0.531539,-5.179276,-0.482034,0.837908,-0.921402,1.974594,0.22367,-3.530084,0.890664,3.514998,-0.147024,-1.735731,0.762339,-1.311111,-1.539672,3.442882,2.749835,2.060296,0.200177,-0.15439,2.280215,-2.153817,0.727064,2.407577,0.004517,-2.617097,2.747486,0.344026,1.786929,0.240072,-0.846631,-1.643257,5.12036,-3.078838,0.157083,3.946283,0.951655,-3.459193,2.024399,1.396812,-0.807258,-0.077521,0.240782,-4.878355,3.331624,-3.30732,0.046175,-2.706038,-0.655983,2.170687,2.829753,1.845124,4.033994,-2.535935,2.906759,-0.891124,4.729088,4.092078,-1.429079,4.14771,-0.441298,2.900851,0.713799,2.985968,-3.000894,2.785077,1.935973,2.052901,-3.703771,1.143754,2.519234,1.376861,0.578141,0.043362,-4.695157,2.16568,4.167132,3.508279,2.364873,5.017191,2.62762,4.475808,1.298034,1.865572,-2.697062,2.797023,0.861526,3.875176,3.636716,-0.709731,6.500442,6.306109,2.186411,2.102644,2.688864,4.680413,4.235224,2.652324,2.921759,3.606297,0.379141,0.824939,3.88275,1.760744,2.730081,2.287912,1.341942,2.732463,2.163706,2.180582,0.443231,6.077508,0.716898,-6.186994,-3.5486,-1.842266,-1.60817,-6.484847,-2.979788,-6.305668,-2.049447,-3.493074,-1.244556
128,0.019213,-0.140947,-0.76269,-1.045403,0.410849,-0.541571,1.784256,1.002864,-3.003557,1.490701,1.030208,-3.921216,-4.704579,0.19922,1.936329,-0.745332,-0.395011,-2.472556,-0.187959,-0.951475,4.146251,2.594706,-1.327278,4.01852,-5.007421,0.261019,-0.914811,0.592326,1.73991,1.657906,-0.845952,1.281906,1.258028,2.268926,0.857668,0.003324,0.86027,1.707139,0.866513,0.904018,-2.860691,1.036184,-2.128786,-1.848597,2.319907,0.135697,2.223649,0.97383,-0.014758,3.012782,2.335393,1.08914,0.847521,2.206032,1.350844,3.829687,-0.060553,-0.051798,-0.468515,-1.511587,-2.643447,-4.053264,-2.745332,-1.602035,2.0153,0.394152,1.140196,-1.145621,1.612648,0.728565,1.409496,2.045046,-2.70585,-5.318138,4.037188,-2.610598,0.172743,-0.155124,-0.547357,1.485483,-0.160158,-5.664056,-0.376364,-0.0102,-0.794136,1.94322,1.033123,-3.175748,1.013458,3.848625,0.164819,-1.323725,0.259559,-2.162935,-0.524593,3.380975,2.297423,1.978609,0.530484,-0.244057,2.563652,-2.364288,-0.319852,1.806194,-0.233346,-2.580379,2.72695,0.214296,2.115694,0.094907,-0.760344,-1.49102,4.834207,-3.297957,0.012439,4.200896,0.520465,-3.324873,1.28986,1.031096,-0.718216,-1.251732,-0.931581,-4.87299,3.264961,-3.183429,0.480419,-2.519696,-0.533973,2.376228,2.988034,1.923323,3.562548,-3.200537,2.789901,0.555358,5.013147,4.545979,-2.789737,4.64397,0.201357,3.37198,1.190991,2.585646,-2.64109,2.556267,2.017127,1.896279,-3.318903,0.771104,3.173934,2.02979,-0.144073,-0.084483,-4.64796,2.372887,4.17751,3.029445,2.601286,4.908976,3.037908,5.052538,1.850485,2.369184,-2.662694,2.534253,1.740214,3.993062,3.170113,-0.346421,6.213688,6.203936,1.566444,2.395819,2.387222,4.811236,3.850853,2.870983,3.105455,3.772463,0.302772,0.885007,3.649276,2.090864,2.384715,1.784486,0.889829,2.892956,2.135665,1.97699,1.116922,6.196745,1.217627,-6.961565,-3.269308,-1.444036,-1.076796,-6.09286,-3.18812,-6.33423,-2.82309,-3.273092,-1.788962
129,0.01681,-0.015361,-0.996645,-0.615157,0.661918,-0.742801,1.385072,1.269446,-3.108042,2.349123,0.821981,-4.274067,-4.279406,-0.029917,1.582035,-0.737696,-0.20034,-2.549556,-0.581967,-0.600075,3.971217,2.545028,-0.588909,4.007364,-4.845111,-0.040823,-1.367977,0.813264,2.379205,1.798029,-0.957441,1.305768,1.199241,2.143216,0.801975,-0.139125,0.954774,1.37254,0.718175,0.789132,-3.585128,0.828159,-2.184266,-1.713305,2.370557,0.224348,2.277077,0.909794,0.786394,3.204404,2.131003,0.986143,1.265463,1.878936,1.487681,4.089075,-0.11595,-0.150439,-0.619375,-1.314174,-2.674893,-4.674241,-2.568217,-2.222651,2.079254,0.423382,1.001851,-0.13514,1.480091,0.655145,1.444621,2.063045,-1.888908,-5.450459,3.915425,-3.105246,0.092406,0.238464,-0.254453,1.43692,-0.048836,-5.447263,-0.158923,0.513942,-0.80516,1.863469,0.810228,-4.156367,0.850148,3.844949,-0.418947,-1.781692,0.192103,-1.585664,-0.997656,3.351524,2.574418,1.804821,0.446666,0.075945,2.436186,-1.652095,0.101332,2.050695,-0.074643,-2.660963,2.638501,0.022395,2.00087,0.221171,-0.973031,-1.453861,4.83221,-3.378842,-0.496255,4.51836,0.829256,-3.638583,2.033279,1.145768,-0.837974,-0.491343,-0.754118,-4.736041,3.815248,-3.720261,0.338938,-2.661308,-0.387782,2.398474,2.957587,1.791062,3.892907,-2.776509,2.619144,-0.489297,4.535743,4.712479,-2.348217,4.638308,-0.104307,3.279495,1.109064,2.521286,-3.107621,2.556782,2.006788,1.738631,-3.812833,0.62242,2.984918,1.900166,-0.04401,0.013499,-4.633698,2.214022,3.715627,3.397905,2.391387,4.951601,2.864421,4.676631,1.752431,1.89815,-2.803103,2.150856,1.617198,4.119486,3.465741,-0.644306,5.631269,6.592445,1.788895,1.989675,2.806771,5.090915,4.088944,2.969889,2.92988,3.961272,0.164711,0.862455,3.883648,1.918771,2.743145,1.316929,0.97722,2.384056,2.096835,2.449653,0.621669,6.044127,1.359476,-6.120264,-3.153266,-1.80483,-1.464516,-6.579808,-2.459727,-5.759391,-3.21134,-2.898046,-1.701238
130,0.014269,-0.523542,-0.490296,-1.098019,0.455462,-0.912729,1.837987,1.502291,-3.110833,1.323568,0.574311,-4.451465,-5.944742,0.240041,1.580791,-0.427223,0.373199,-3.072246,-0.532313,-1.142299,4.00301,2.830265,-1.26985,3.688261,-4.357862,0.200232,-0.489018,1.108112,2.03643,1.943201,-1.798783,1.357795,1.428738,2.061665,1.061666,-0.004927,1.242774,0.913889,1.005936,1.353099,-3.521814,1.216594,-2.112577,-2.123914,2.439638,0.475851,2.557986,1.343585,0.290613,3.377444,2.648303,0.877942,0.828635,2.02203,1.277351,3.665032,-0.310272,0.230051,-1.012762,-1.265915,-2.61921,-4.635552,-3.146533,-1.773299,1.92951,-0.204488,1.924053,-0.984358,1.488887,0.823544,1.443818,2.002628,-1.688935,-4.982337,3.716892,-2.11045,0.324223,-0.639314,0.101157,2.055146,0.410912,-6.237674,-0.550613,0.407114,-0.720526,1.970648,0.981122,-3.450034,1.286631,3.768318,-0.213494,-1.991161,1.102687,-1.69693,-0.790957,3.154398,2.313365,2.010705,-0.111133,0.145528,2.332633,-3.148575,-0.344942,1.945154,0.162144,-2.620957,2.470478,0.504189,2.110463,0.345137,-1.408359,-1.669483,4.925908,-3.132439,0.172738,4.031561,0.429127,-3.078871,1.523582,1.157445,-0.763561,-1.257153,-1.015822,-6.143324,3.562386,-2.822484,0.191169,-3.594227,-0.309589,2.372076,3.751695,1.604279,3.871267,-2.24104,3.109695,-0.077616,4.816179,4.395197,-2.083567,4.648094,0.088819,2.927264,0.941755,2.93712,-4.094745,3.051973,2.151202,1.928006,-3.428539,0.767694,2.509919,0.827356,0.160372,-0.331063,-4.608568,2.693506,4.528965,3.307274,2.369778,4.370354,3.030514,4.677629,1.050143,2.038978,-2.650397,2.491258,0.702075,4.059287,3.24744,0.002612,6.272104,6.23864,1.606339,1.929901,2.79691,4.468075,4.484385,2.825649,3.259155,3.828628,0.405735,0.558767,3.936597,1.956283,2.783993,1.744521,1.697442,2.484425,3.01006,2.021552,0.848132,5.690001,1.289813,-5.771096,-4.346747,-1.112185,-1.519896,-6.393064,-2.978462,-5.668227,-2.403427,-3.77124,-1.846145
131,0.012775,-0.369267,-0.787013,-0.405441,0.893102,-1.205253,1.220355,1.52764,-3.070315,2.039912,0.685895,-5.036367,-4.1674,0.263533,1.596436,-0.370133,0.182791,-2.162838,-0.300366,-0.336163,3.787864,2.619255,-0.539072,4.117345,-4.533835,0.159281,-1.1396,1.044985,2.787978,1.652436,-1.347342,1.300272,0.937958,2.277146,1.513483,0.32025,0.7351,1.452169,0.69885,0.633604,-3.993339,0.919362,-2.13123,-1.777063,2.351725,0.631624,2.120687,1.23036,0.558933,3.115161,2.254311,1.189164,1.58493,1.950775,1.476012,4.075829,0.197097,-0.173764,-0.834983,-1.306616,-2.62206,-4.629571,-2.661438,-1.913695,2.117599,0.903899,0.888028,-0.004212,1.443617,1.01967,1.599158,2.268265,-1.827534,-5.724132,3.922441,-3.206617,0.289547,0.751321,-0.304115,1.564429,-0.224482,-5.150933,-0.116402,0.433242,-0.791607,2.231583,0.726896,-3.978557,0.766572,3.655364,-0.647286,-2.158736,0.0842,-1.311361,-1.278047,3.429004,2.404881,1.367187,0.561448,0.093028,2.277097,-1.600681,0.084301,2.346739,-0.294984,-2.658049,2.644178,0.255404,1.784618,0.432994,-1.352921,-1.031516,4.725009,-3.72556,-0.299241,4.326434,0.922862,-3.869143,1.920695,0.993199,-0.814425,-0.28075,-0.402814,-5.310601,3.799244,-3.59976,0.417417,-2.743071,-0.26691,2.354666,2.839007,1.789846,3.86846,-3.064541,2.464944,-0.210329,4.849273,4.856052,-2.184748,4.697466,-0.018449,3.170359,0.698723,2.427906,-3.212177,2.263613,1.74912,1.868305,-3.668209,0.847402,3.198072,1.893856,-0.22348,0.512892,-4.686382,2.468405,4.182272,3.354049,2.613549,5.044168,2.635256,5.017735,1.771092,1.686804,-2.876773,1.998613,1.43578,4.154519,3.191863,-0.497163,5.638389,6.863801,1.978422,1.847454,2.762512,4.866226,4.342009,2.927837,2.938651,3.951949,0.194347,1.020998,3.583761,1.998264,2.410219,1.282935,1.156043,2.278132,2.323386,2.218359,0.445702,6.186902,0.978777,-6.290007,-3.161092,-1.042467,-1.419699,-6.741563,-2.74014,-5.892688,-3.10392,-2.446688,-2.219521
132,0.013705,-1.202759,-1.24351,-0.842733,0.170045,-1.158353,1.836182,1.326243,-3.165916,1.500659,0.821916,-4.444678,-5.295935,0.559952,1.372838,-0.883062,1.318621,-2.536982,-0.73323,-1.541302,4.63872,2.718091,-1.43056,3.842713,-3.626009,0.16806,-1.813107,1.096667,2.683255,2.087188,-2.068701,2.137395,1.756482,1.601748,0.989024,-0.288014,0.831912,0.212228,0.423897,1.070856,-3.956067,1.236832,-2.160761,-2.729935,2.709798,0.559351,2.223721,1.257088,-0.931538,3.525538,2.084464,0.718725,1.391233,1.714761,0.888969,4.340922,-0.782343,-0.172176,-1.324471,-0.871576,-2.678113,-4.15215,-2.702249,-1.960342,2.318381,-0.027972,1.236679,-0.940865,1.875879,0.477965,1.646598,1.840681,-1.041827,-4.210227,3.640319,-1.892569,0.265229,-0.936505,0.429831,1.87333,0.529956,-5.323242,-0.000999,0.099456,-1.272039,1.531569,0.926539,-4.651034,0.72892,3.619722,0.006733,-2.698869,0.632731,-1.071984,-1.711691,3.222165,2.547273,1.878208,0.217361,-0.228593,2.268385,-2.794468,0.080716,2.456177,-0.464711,-2.711345,2.93709,0.141781,1.98227,0.034757,-1.727803,-1.213214,4.905392,-3.121576,-0.670867,3.99439,0.770243,-2.637517,1.890609,1.496557,-0.218573,-1.603605,-0.787982,-6.292642,4.224058,-2.376422,0.150012,-3.462996,-0.452692,2.490848,3.534857,1.897664,4.191667,-1.83437,3.118495,-1.073374,4.25537,4.823352,-1.645609,4.96134,-0.799591,2.649597,0.554849,2.535412,-3.985577,2.944395,2.612841,1.877207,-3.62225,0.261235,1.93433,1.03334,-0.378467,-0.40753,-4.962993,2.847194,3.802672,4.336067,2.576598,4.413975,3.053854,3.768783,1.017209,1.828399,-2.798784,2.243869,1.06177,4.007833,3.621247,-1.441901,5.743078,6.646634,2.160386,1.777662,3.376047,4.92733,4.418684,3.091375,3.211968,3.953788,0.355476,0.486305,4.394215,0.977324,3.15713,1.34697,1.482203,1.989595,2.752324,1.889116,0.276086,5.24083,1.281897,-4.401262,-4.634509,-1.947952,-1.906044,-6.589887,-2.493675,-5.450176,-3.401703,-3.211224,-1.077468
133,0.0146,-0.670253,-0.995951,-0.858311,0.314531,-1.618786,1.47986,1.453172,-3.067978,1.429767,0.705962,-4.43025,-4.749447,0.326678,1.183002,-0.900926,0.676818,-3.726248,-0.780296,-0.822823,3.877674,2.557404,-1.346002,3.863537,-4.433352,-0.073946,-1.167184,0.462215,2.169759,2.335433,-1.770319,1.413514,1.227356,2.376346,1.232799,0.167146,0.638657,0.77748,0.842741,0.763953,-4.145531,0.69972,-2.149536,-2.118048,2.312348,0.54141,1.678218,1.275895,0.406699,3.160006,2.369906,0.833367,1.104736,1.86597,1.217504,3.806971,-0.025712,-0.053021,-1.539852,-1.109262,-2.619133,-3.966157,-2.542875,-1.863215,1.835508,0.613179,0.70514,-0.679204,1.493811,0.917883,1.630283,2.213451,-1.148291,-4.6252,3.756847,-2.75846,0.289874,-0.301443,-0.807329,1.59198,-0.138077,-5.32572,-0.892533,0.535974,-0.648054,1.677014,1.023721,-4.199691,0.569921,3.473094,-0.890767,-2.168715,0.196475,-1.584972,-1.39945,3.073774,2.533008,1.410169,0.45802,-0.039498,2.216876,-2.375229,0.114851,2.046066,-0.33596,-2.620149,2.336113,0.428624,1.548386,0.440288,-1.847492,-1.154693,4.578605,-3.318493,-0.188719,4.200828,0.669238,-3.653394,1.549275,1.130584,-0.513593,-1.26878,-0.62558,-6.092661,3.457183,-2.701215,-0.171366,-3.660681,-0.160934,2.247779,3.435271,1.97547,3.647338,-2.060977,2.714744,-0.6281,4.627571,4.44444,-2.140003,4.652861,0.094083,2.677157,0.484717,2.441837,-3.044875,2.482591,2.451536,1.897773,-3.161065,0.634652,2.459716,1.897425,-0.074026,0.569061,-4.701468,2.635632,4.223151,3.331025,2.078129,4.607123,2.909384,4.527193,1.506512,1.611256,-2.747585,1.989911,0.989004,3.828588,3.023525,-0.621925,5.643266,6.040798,1.699748,1.899948,2.894323,4.240877,4.485153,3.0066,3.197834,3.852659,0.493612,1.074103,3.424413,1.435591,2.699531,1.541524,1.249424,1.856,2.821227,2.066183,0.557712,5.324263,1.170464,-5.23182,-3.461742,-1.414455,-2.510833,-5.686813,-3.438213,-4.878695,-3.09649,-3.175609,-1.991352
134,0.030962,-0.875562,-0.399592,-1.283016,0.633282,-0.621048,1.870678,1.384061,-3.131978,1.800205,0.46194,-3.921801,-4.809072,0.308623,1.566125,-0.83109,-0.318545,-2.57078,-0.758473,-1.079913,4.269381,2.760873,-1.626143,3.921552,-4.40536,0.201334,-1.189187,1.215138,2.475001,1.648144,-1.707323,1.341642,1.281929,2.045786,1.292445,0.384189,1.248736,0.911151,0.598287,0.785498,-3.310637,0.789239,-2.121859,-1.92439,2.469067,0.26615,2.596693,1.143422,-0.432451,3.672871,2.177925,1.034793,1.568448,1.811212,1.238659,3.965247,-0.30612,-0.5132,-0.537079,-1.290475,-2.579484,-4.400644,-2.696366,-2.058313,1.931654,0.2755,1.388793,-0.390123,1.766877,0.721792,1.341476,2.247789,-1.918696,-5.442161,3.582096,-2.215699,0.037376,0.435389,-0.362817,1.70265,0.378579,-5.780944,-0.361599,0.296289,-1.125441,2.177037,0.246653,-3.841589,0.950432,3.477602,-0.254257,-1.767422,0.532534,-1.475057,-1.511975,3.503294,2.696742,2.15382,0.243771,-0.012991,2.30503,-2.228082,0.376715,2.338327,-0.426014,-2.669763,3.018375,0.419416,2.076288,0.271497,-1.233123,-1.52062,5.401907,-3.195318,-0.148436,4.015878,0.930134,-3.196864,1.885726,1.246666,-0.950213,-0.498604,-0.089169,-5.479287,3.481734,-3.078921,0.656128,-3.36063,-0.756007,2.213473,2.578086,2.226737,4.154827,-2.828203,2.783571,-0.711897,4.960073,4.444034,-1.877204,4.46397,-0.715798,3.009437,0.576205,2.962614,-3.294345,2.61613,2.163245,1.887813,-3.481827,0.632706,2.561338,1.487689,0.036736,0.158725,-4.723253,2.582336,4.189337,3.729351,2.932225,5.309995,2.691758,4.398389,1.765031,1.952045,-2.434061,2.625876,1.242675,3.80771,3.533489,-0.999854,6.464395,6.550404,2.122076,2.355522,2.674437,4.978216,3.83431,3.065809,3.274665,3.970475,0.226944,0.838546,3.950515,1.396593,2.769848,2.110846,1.163677,2.807091,2.042297,1.776603,0.578016,6.07137,0.782278,-6.279763,-4.001606,-1.904264,-1.332783,-6.358136,-3.209757,-6.725202,-2.887412,-2.420937,-0.932103
135,0.016536,-0.600464,-0.694699,-0.998325,0.502032,-0.751773,1.543295,1.130937,-3.167512,2.052058,0.737237,-4.023358,-4.556606,0.199253,1.730808,-0.590527,0.348669,-2.423204,-0.347051,-0.931889,4.239455,2.593521,-1.59103,3.966719,-4.478759,0.35538,-1.755198,1.477925,2.715636,1.794226,-1.072048,1.740296,1.265267,2.025697,1.391497,-0.081621,1.086044,1.068997,0.295457,0.89432,-3.620481,1.023201,-2.200741,-2.334347,2.497925,0.630867,2.316842,1.048275,-0.490331,3.51889,2.118644,0.947402,1.704611,1.718379,1.010371,4.146315,-0.310033,-0.511687,-0.449314,-1.556431,-2.672228,-4.561001,-2.660586,-2.064127,1.986292,0.697985,1.178468,-0.028704,1.750832,0.708854,1.415616,2.261298,-1.859459,-5.583745,3.875383,-2.709065,0.083909,0.608772,0.164938,1.815147,0.231816,-5.443758,-0.008258,0.1998,-1.022473,2.095376,0.355979,-3.91172,1.180732,3.573238,0.0491,-2.178709,0.101041,-1.641996,-1.259469,3.392873,2.870652,2.08831,0.544975,0.016819,2.256315,-2.265949,0.223633,2.647592,-0.377812,-2.716093,3.143994,-0.052745,1.638504,0.039381,-0.936195,-1.138065,5.179904,-3.385059,-0.111291,4.290779,0.829803,-3.151946,2.109008,1.349108,-0.734369,-0.451076,-0.27071,-5.584375,4.206105,-2.884246,0.222219,-3.030457,-0.570524,2.657703,3.054379,1.973597,4.398927,-2.721147,2.992251,-0.750937,4.904792,4.525988,-2.247737,4.475152,-0.790682,2.65769,0.728636,2.868014,-3.227661,2.635339,2.56873,1.763448,-3.891522,0.555154,2.520776,1.686707,0.017724,0.126207,-4.908999,3.043858,4.281137,4.057206,3.045038,5.009823,2.948324,4.296476,1.762838,1.927516,-2.395659,2.250623,1.242154,3.965107,3.871458,-1.634078,6.17116,6.663721,1.949471,2.299598,2.773996,5.069456,4.31623,3.036229,3.398923,3.860722,0.286307,0.740098,4.373513,1.385573,2.840775,1.994712,1.22586,2.710088,2.313466,1.96894,0.407063,5.763319,0.707804,-5.355824,-4.247816,-1.801358,-1.521858,-6.94005,-3.409952,-6.365344,-3.125669,-2.854352,-0.787232
136,0.00582,-0.758908,-0.954617,-0.899669,-0.04547,-0.972591,1.59802,1.482746,-3.187147,1.250439,0.827104,-5.157674,-6.321043,0.296077,1.44954,-0.241286,1.093498,-2.678937,-0.552314,-1.126798,4.603273,2.783324,-1.01563,3.937893,-4.289031,0.401332,-0.649954,1.307273,2.602149,1.817337,-1.812664,1.783875,1.528645,2.341558,1.081908,-0.128807,0.853169,0.118621,0.694299,1.332295,-3.630606,1.155992,-2.239835,-2.344692,2.496675,0.843308,2.541265,1.269185,-0.71565,3.600096,2.291707,1.002727,1.851681,1.774301,1.006677,4.297214,-0.393191,-0.050785,-0.819052,-1.344674,-2.709085,-4.517747,-3.324916,-2.071114,2.217974,0.305309,1.146201,-1.516709,1.791503,0.734254,1.258456,1.994902,-1.052897,-3.745124,3.77185,-2.254574,0.298477,-1.231868,0.253899,1.947493,0.252822,-5.642993,-0.589349,0.053959,-1.66613,1.721848,0.666363,-4.940424,0.747833,3.443331,-0.04273,-3.253459,0.77777,-1.114984,-1.721303,3.280852,2.722489,2.076978,0.147045,-0.066889,2.263308,-3.287792,-0.330114,2.686402,-0.570895,-2.722818,3.166745,0.258883,1.891625,0.083145,-1.619569,-1.627353,4.889745,-3.378536,-0.476696,4.112183,0.514745,-2.858768,1.780374,1.367644,-0.825255,-1.765,-1.046159,-6.82588,4.371412,-2.329321,0.07865,-3.83325,-0.283533,2.751192,3.360372,1.882209,4.097049,-2.3497,3.063117,-0.605256,5.105803,4.480176,-1.650523,4.642043,-0.7348,2.713978,0.562945,3.081308,-3.844583,2.509631,2.520143,2.131016,-3.611758,0.89366,2.581135,1.499552,-0.299967,-0.028902,-4.711297,3.130274,4.636713,3.798815,2.86285,4.80684,2.922926,4.45547,1.512281,1.397623,-2.679945,2.199713,1.059902,3.684414,3.420238,-1.146998,6.4216,6.802293,1.902938,1.901263,2.690648,4.473926,4.407303,2.753721,3.511045,3.714663,0.473815,0.269285,4.21834,1.502976,2.734444,1.842792,1.467275,2.264086,2.654724,1.770807,0.54113,5.700782,0.784431,-5.360777,-4.068943,-1.418,-1.441499,-6.440458,-3.740771,-6.373554,-2.695197,-2.990365,-1.372779
137,0.020537,-0.638905,-0.644763,-0.916444,0.526304,-0.984222,1.653042,1.399022,-3.056295,1.406788,0.789531,-4.268958,-4.527122,0.442002,1.604141,-0.685959,0.077792,-2.565963,-0.616121,-0.721112,4.149905,2.685978,-1.031249,3.928567,-4.17741,0.168709,-0.751485,0.9067,2.50537,1.527358,-1.567351,1.377414,1.324478,2.304902,1.360629,0.538085,0.666828,0.939055,0.912882,0.496676,-3.540954,0.871728,-2.124213,-1.870298,2.355596,0.421923,2.285209,1.191511,-0.052518,3.346639,2.156031,0.995143,1.400185,1.843647,1.258954,3.937163,-0.17269,-0.500642,-0.658092,-1.226361,-2.565607,-3.950759,-2.316154,-1.946814,2.060143,1.022489,1.037494,-0.478721,1.75741,0.706002,1.588547,2.213103,-1.558437,-4.668188,3.604512,-2.752977,0.265464,0.059814,-0.562798,1.426568,-0.083125,-4.965996,-0.610298,0.312979,-1.143146,2.026121,0.592645,-3.926535,0.683673,3.499232,-0.258701,-1.997218,0.347479,-1.142266,-1.41599,3.480481,2.742829,1.693196,0.616716,-0.27676,2.255218,-2.388155,0.442427,2.341195,-0.472362,-2.604484,2.797299,0.616195,1.974501,0.272773,-1.389339,-1.293972,4.864636,-3.153895,-0.46847,4.130576,0.747134,-3.459015,1.664331,1.235627,-0.896889,-0.48265,-0.392127,-5.657544,3.553556,-3.355514,0.411893,-2.8826,-0.570943,2.323014,2.659724,2.136835,3.911402,-2.725357,2.801471,-0.618789,4.902063,4.483935,-1.97069,4.537965,-0.588168,2.985027,0.568867,2.631126,-2.844357,2.335164,2.392138,2.093175,-3.340933,0.770655,2.707191,1.867853,-0.196818,0.217161,-4.592727,2.645831,4.148556,3.53838,2.696047,5.067309,2.815773,4.488226,1.705062,1.770999,-2.785509,2.300998,1.349129,3.647253,3.332202,-0.898007,6.123032,6.425582,1.91014,2.229041,2.811429,4.670007,4.049946,2.948276,3.200264,3.771252,0.283852,0.904881,3.787242,1.442576,2.70626,1.777351,1.087769,2.317118,2.144017,1.96945,0.478085,5.79005,0.881059,-5.889821,-3.459339,-1.80367,-1.496881,-6.025846,-3.249348,-6.260379,-2.860755,-2.596862,-1.242565
138,0.016428,-0.58558,-0.651212,-1.035963,0.253653,-0.812655,2.115835,1.35734,-3.098684,1.735596,0.459108,-3.940719,-5.308804,0.597292,1.44331,-0.714019,-0.3065,-3.080707,-1.003723,-0.985494,4.173148,2.731393,-1.223054,3.788747,-4.211726,-0.100767,-0.838799,0.818064,2.282792,1.82142,-1.532733,1.665202,1.6365,2.22825,0.962861,0.267822,1.135225,1.59753,0.85101,1.121238,-2.948653,1.004839,-2.131227,-1.422308,2.49574,0.047925,2.302507,1.136416,-0.183892,3.527342,2.475565,0.969637,1.480471,1.840187,1.031283,3.776645,-0.230098,-0.244932,-0.786965,-1.209758,-2.623239,-4.091771,-2.854717,-2.303069,1.869365,0.095706,1.165635,-0.786721,1.783595,0.519585,1.227142,2.013865,-1.816316,-5.185369,3.438568,-2.33975,0.24012,-0.257476,-0.207093,1.533935,0.521896,-6.032339,-0.637945,0.434936,-1.009238,2.006452,0.611731,-3.962511,0.92445,3.639511,-0.08406,-1.77703,0.748606,-1.665618,-1.020041,3.311255,2.577767,1.967537,0.282494,0.003257,2.215975,-2.532462,0.154265,2.064164,-0.498818,-2.693341,2.649411,0.280383,1.990586,0.236849,-1.500999,-1.334873,5.059242,-2.716404,-0.447055,3.9152,0.546244,-3.130533,1.791711,1.288711,-0.838798,-1.398868,-0.572318,-5.438496,3.512597,-2.957796,0.37411,-3.143378,-0.60177,2.213458,3.120059,1.920786,3.77476,-2.309188,2.885345,-0.75589,4.523538,4.515263,-1.764192,4.763436,-0.415189,2.916716,0.635815,2.809445,-3.523663,2.681119,2.191053,1.719829,-3.384897,0.628218,2.397729,1.132962,-0.062458,0.221992,-4.544523,2.38252,4.004746,3.534528,2.404731,4.82815,2.74089,4.252151,1.385912,1.679802,-2.520248,2.44112,0.973532,3.824574,3.258644,-0.3178,6.237144,6.246489,1.918545,2.047078,3.011753,4.774385,4.096449,2.938531,3.063488,3.921799,0.509665,0.681447,3.714449,1.467749,2.909307,1.709325,1.36274,2.322245,2.419827,1.887254,0.586383,5.630072,1.106826,-5.686986,-4.005013,-1.828094,-1.766349,-6.076533,-2.658179,-5.834091,-2.730251,-2.767345,-1.571548
139,0.018915,-1.254641,-0.257528,-0.892091,0.612746,-0.686692,1.842897,1.292222,-3.057225,1.36816,0.652686,-5.185968,-4.99357,0.603224,1.558324,-0.083985,0.363155,-2.308913,-0.389436,-1.183453,4.180635,2.887326,-1.2158,3.888783,-4.643571,0.257275,-0.753734,1.183881,2.634379,1.626378,-2.340518,1.313458,1.184304,2.641534,1.693573,0.576254,0.905458,1.023855,0.784621,0.820783,-4.026618,0.783558,-2.109561,-0.988043,2.23712,0.830182,2.239412,1.408353,-0.160218,3.398702,2.344692,1.611815,1.327791,2.193018,0.950629,3.973519,0.062963,-0.139488,-0.56572,-1.484493,-2.540263,-4.095965,-2.510863,-1.63711,1.956038,0.745905,1.135851,-0.487157,1.682285,0.920496,1.399463,2.157906,-1.484062,-5.1347,3.719197,-2.227674,-0.053889,0.0773,-0.551263,1.543525,0.160348,-5.413435,-0.446382,0.155693,-1.116522,2.556019,0.512697,-4.110398,0.745553,3.653013,-0.513416,-1.680104,0.822363,-0.99127,-0.993183,3.51521,2.46255,1.904029,0.502814,-0.280432,2.12709,-2.701048,0.180185,2.246933,-0.459601,-2.650919,2.783676,1.22517,2.173791,0.237046,-2.333709,-1.15091,5.116174,-3.612007,-0.143313,3.912312,0.852912,-3.394275,1.39899,1.303477,-0.739418,-0.544427,-0.355303,-7.114729,3.467621,-2.693902,0.93552,-3.248309,-0.719894,2.103888,2.358829,2.3025,3.994018,-3.083797,2.775176,-0.152349,5.143556,4.634666,-1.637033,4.412718,-0.539227,3.156973,0.356715,3.021348,-3.062978,2.685657,2.107162,2.313748,-3.155588,0.903978,2.844032,1.622014,-0.047027,0.397578,-4.462727,2.556022,4.287092,3.487053,2.900084,5.324841,2.812152,4.515222,1.815715,2.096005,-2.600995,2.755436,1.38807,3.829646,3.389791,-0.775801,6.396039,6.921075,2.194002,2.267693,2.59749,4.907473,3.871756,2.829012,3.340706,3.797759,0.450499,0.693581,3.655828,1.436393,2.695442,2.114695,1.15006,2.501764,1.972367,1.720024,0.603014,6.175552,1.022848,-6.687087,-3.410498,-1.637152,-1.249166,-6.322136,-3.082063,-7.02918,-2.690381,-2.704389,-1.465308
140,0.015582,-0.668865,-0.413475,-1.495451,0.643909,-0.660719,1.890319,1.24824,-3.08932,1.595887,0.583206,-4.327882,-4.764961,0.424703,1.724536,-0.523615,-0.430772,-2.149605,-0.406653,-0.759126,4.395895,2.735458,-1.680031,3.991805,-4.538332,0.347376,-1.000746,1.388683,2.5771,1.355252,-1.156189,1.629164,1.220588,2.317117,1.658223,0.552602,0.862429,1.359015,0.722328,0.828803,-3.050487,1.066939,-2.117486,-1.689446,2.374601,0.534978,2.306578,1.111558,-0.991837,3.505678,2.211124,1.332413,2.007651,1.901574,0.965452,4.105468,0.031582,-0.386054,-0.247126,-1.709506,-2.570469,-4.449986,-2.968571,-1.907457,2.053105,0.950922,1.139345,-0.640868,1.914024,0.811288,1.335861,2.307062,-2.214586,-5.573137,3.807212,-2.313683,-0.144017,0.401067,-0.383044,1.813109,0.113325,-5.485378,0.026914,0.260296,-1.417885,2.481518,0.205348,-3.888446,0.928122,3.38626,0.347676,-1.904192,0.320165,-1.391862,-1.222925,3.714299,2.635198,2.068099,0.599191,0.116917,2.271462,-2.318023,0.15054,2.741821,-0.608551,-2.671608,3.211026,0.230215,1.89585,0.048538,-0.963406,-1.364905,5.311333,-3.415955,-0.022811,4.121681,0.900452,-3.279789,1.661266,1.310513,-1.05231,-0.748886,-0.18724,-5.547802,3.557135,-3.046513,0.950459,-2.972171,-0.723688,2.359093,2.388877,2.114233,4.223122,-3.091944,2.538875,-0.710612,4.814003,4.802844,-1.803297,4.691023,-0.931448,2.939377,0.393498,2.605955,-2.929522,2.523713,2.114787,1.979649,-3.540561,0.608216,2.692177,1.472273,-0.212463,0.498216,-4.692633,2.772926,4.404247,3.847856,3.347306,5.441364,2.782201,4.504269,1.743546,1.963563,-2.540303,2.670363,1.309611,3.714495,3.378185,-0.897906,6.080369,6.810147,2.36767,2.488815,2.965942,5.331527,3.772902,3.384685,3.30488,4.00051,0.058143,0.988153,4.008962,1.412072,2.863488,1.922352,1.00842,2.780288,1.704548,1.94763,-0.031188,5.897812,0.658293,-6.104666,-4.165862,-2.140428,-1.154487,-7.075265,-2.694592,-6.246501,-3.28349,-1.815579,-1.074842
141,0.028561,-0.997939,-0.185432,-1.317419,0.367913,-0.455237,2.021563,1.487691,-3.034125,1.6581,0.533982,-3.197908,-4.748926,0.403777,1.548471,-1.022406,-0.156669,-2.828068,-0.474758,-0.944543,4.146417,2.789891,-1.528464,3.539471,-4.084294,0.223986,-1.159932,0.8864,2.263258,1.593054,-1.763555,1.354681,1.722137,2.000011,1.402651,0.190098,1.135128,1.016758,0.710082,0.677413,-3.205727,0.728548,-2.132766,-1.865937,2.122247,0.501158,2.501265,1.489698,0.144599,3.707611,1.988912,1.089338,1.31644,1.653445,0.846426,3.761756,-0.164042,-0.53951,-0.604236,-1.524909,-2.530912,-3.790702,-1.910434,-2.032929,1.765191,0.601709,1.276854,-0.188168,1.739634,0.608761,1.340828,2.216836,-1.730565,-5.048084,3.416573,-2.302417,0.162049,0.20606,-0.225833,1.594377,0.731456,-5.252507,-0.594467,0.59737,-1.15887,2.061653,0.334426,-3.75766,1.172932,3.600245,-0.470376,-1.800478,0.689671,-1.309519,-1.269551,3.300985,2.845085,2.112387,0.509375,-0.403369,2.01581,-2.451904,0.476997,2.199827,-0.367279,-2.574539,2.662453,0.638133,1.883337,0.03997,-1.234459,-1.350918,5.232935,-2.841386,0.027441,3.883407,0.716057,-3.174957,1.755871,1.34205,-0.856193,-0.30413,0.102916,-5.717226,3.378722,-2.821032,0.344624,-3.18771,-0.828702,2.40233,2.630785,1.915474,4.181333,-2.599303,2.995924,-0.810976,4.757975,4.177652,-1.51898,4.408236,-0.878842,2.823674,0.538139,2.88951,-3.191857,2.661311,2.199945,1.798683,-3.526328,0.868889,2.48701,1.125072,0.44044,0.107974,-4.569642,2.522363,4.116342,3.850225,2.682949,5.072678,2.681217,4.179222,1.366799,2.010816,-2.526344,2.655958,0.942059,3.610882,3.906638,-0.962692,6.53834,6.26381,2.163105,1.972135,2.678542,4.709562,3.999392,2.656467,3.143638,3.495939,0.489069,0.630723,4.119538,1.48367,2.702739,2.25383,1.413041,2.705545,2.146218,1.640815,0.28527,5.829292,0.750027,-5.581098,-4.011304,-1.934817,-1.204095,-6.456347,-2.986908,-6.636643,-2.286333,-2.867051,-0.913682
142,0.010853,-1.202368,-0.829215,-0.77705,0.562805,-0.963366,1.722967,1.319089,-3.096499,1.421716,0.68561,-4.663997,-5.227213,0.455889,1.65936,-0.246301,0.635577,-2.351615,-0.227315,-0.97989,4.297782,2.731928,-1.118043,3.848462,-4.182385,0.452689,-1.054165,1.185484,2.656948,1.578334,-1.578219,1.724335,1.405907,2.263351,1.287387,0.107214,0.714682,0.979276,0.659918,0.93525,-3.412162,1.086986,-2.146363,-1.595334,2.250206,0.78339,2.018411,1.312991,-0.54096,3.31464,2.134226,1.135295,1.576281,2.031372,0.869452,4.211437,-0.37084,-0.222277,-0.823902,-1.282929,-2.614496,-4.338248,-2.57335,-1.851691,2.229102,0.424855,1.23769,-0.879275,1.784902,0.774759,1.424901,2.123845,-1.589851,-4.713187,3.577094,-2.396513,0.367196,0.025479,0.079583,1.753395,0.391435,-5.52123,-0.090854,0.058424,-1.326767,2.089005,0.769942,-4.342123,0.672491,3.721483,0.145766,-2.440778,0.53202,-1.196052,-1.41682,3.343635,2.531826,1.845654,0.43237,-0.286078,2.079137,-2.793437,0.169837,2.471699,-0.415793,-2.650591,2.962251,0.739517,1.974345,0.124804,-1.993022,-0.940675,4.911041,-3.647341,-0.426613,3.958011,0.588109,-3.039968,1.716389,1.233948,-0.773246,-0.858404,-0.760428,-6.328218,3.931713,-2.900609,0.501985,-3.04997,-0.585899,2.62855,2.902092,1.838862,4.047205,-2.57585,3.200706,-0.107696,4.818768,4.718799,-1.734639,4.585472,-0.601397,2.99671,0.51968,3.085177,-3.585562,2.646808,2.409751,2.171982,-3.516306,0.908235,2.743596,1.397238,-0.252328,-0.14907,-4.676341,2.767917,4.085344,3.925965,2.841241,4.909728,2.875076,4.325329,1.349657,2.118983,-2.651261,2.51411,1.223346,3.81504,3.785817,-1.152912,6.110294,6.822962,2.144778,1.998068,2.829781,4.822294,4.195301,2.56295,3.11729,3.537033,0.587742,0.154685,4.24578,1.564066,2.743045,1.750498,1.484498,2.401641,2.313866,1.65395,0.54202,5.934138,1.070671,-5.58849,-3.852424,-1.456817,-1.161658,-6.593205,-2.977315,-6.870237,-2.564533,-3.377051,-1.579202
143,0.026851,-0.917672,-0.793817,-0.976553,0.510408,-0.954648,1.904801,1.504057,-3.164792,1.402104,0.635164,-4.303686,-5.235359,0.55836,1.547534,-0.606474,0.253441,-2.465191,-0.562761,-0.991666,4.452367,2.755657,-0.847324,3.731841,-4.231309,0.296592,-1.08836,1.341995,2.732438,1.43435,-1.669501,1.782857,1.582616,2.164783,1.548107,0.549351,0.806781,0.910814,0.639263,0.819495,-3.669836,1.122642,-2.204306,-2.006835,2.382672,0.670097,2.301224,1.412994,-0.438233,3.700952,2.320122,0.989107,1.633121,1.922515,0.934054,4.162508,-0.393587,-0.466665,-0.677463,-1.312043,-2.612732,-4.330875,-2.481222,-2.35158,2.164411,0.780701,1.043875,-0.612046,1.729097,0.585656,1.30026,2.078997,-1.383825,-4.78631,3.561141,-2.56519,0.223539,0.037143,0.372868,1.929309,0.371624,-5.651619,-0.336515,0.547055,-1.563453,2.335854,0.384003,-4.599339,0.913635,3.398857,-0.253786,-2.652265,0.418898,-1.368223,-1.558293,3.573583,2.991291,1.754524,0.711099,-0.318732,2.022589,-2.828474,0.43182,2.458124,-0.889235,-2.736636,3.163381,0.426022,1.87966,0.133286,-1.464041,-1.181648,5.039514,-3.14385,-0.370109,4.038591,0.660436,-3.183249,1.929692,1.245732,-0.909947,-0.829124,-0.367927,-6.374903,4.191327,-2.996914,0.19947,-3.206573,-0.904648,2.773682,2.797266,1.668328,4.367859,-2.98376,3.304112,-0.839166,4.940085,4.654885,-1.750406,4.554425,-1.171952,2.847214,0.50772,3.09136,-3.605374,2.689503,2.246506,2.006272,-3.860612,0.899632,2.649749,1.164511,0.063574,0.212067,-4.772899,2.831997,4.302975,4.042142,2.873415,5.230017,2.934613,4.470931,1.220084,1.895413,-2.77778,2.543099,0.926815,3.565843,4.000813,-0.918965,6.467983,6.767961,2.322292,1.860346,2.989758,4.926289,4.203315,2.765039,3.111106,3.425967,0.501258,0.308756,4.44487,1.407615,2.751467,2.059567,1.53471,2.567012,2.11159,1.774546,-0.193442,6.067618,0.745424,-5.412648,-4.32451,-1.791341,-1.092671,-7.216291,-3.062318,-6.863101,-2.225099,-3.19232,-1.342284
144,0.0193,-0.615646,-0.95181,-1.133623,0.170716,-1.235274,1.697559,1.642799,-3.08392,1.381244,0.800582,-3.69506,-4.9297,0.135733,1.341756,-1.198915,0.579203,-3.007248,-0.9504,-0.958193,4.162427,2.575386,-1.278278,3.879839,-3.788752,-0.042036,-1.441132,0.710474,2.362248,2.135383,-1.789094,1.542221,1.587679,1.936929,1.148147,0.136625,0.779137,0.498511,0.913995,0.62853,-3.884642,0.89769,-2.175403,-2.812152,2.333668,0.407224,2.124705,1.268418,-0.186119,3.469797,2.210264,0.542255,1.198969,1.608139,1.315005,3.860561,-0.508388,-0.3333,-1.136467,-1.05208,-2.582555,-3.923364,-2.546699,-2.070539,1.910988,0.565385,1.166947,-0.778043,1.611934,0.70285,1.718136,2.194031,-1.099241,-4.16945,3.601887,-2.463605,0.19897,-0.661602,-0.081814,1.766843,0.133258,-4.98811,-0.604443,0.553551,-0.995647,1.419152,0.843649,-4.16186,0.956366,3.2868,-0.295494,-2.491154,0.364665,-1.230846,-1.56682,3.309153,2.734234,1.777521,0.310172,-0.280052,2.286092,-2.440712,0.435164,2.222433,-0.435691,-2.596586,2.675508,0.15523,1.818657,0.407001,-1.069886,-1.523402,4.864903,-2.835513,-0.198611,4.083283,0.698317,-3.164048,1.700349,1.198876,-0.592339,-1.303475,-0.467344,-5.569476,3.75466,-2.49973,-0.171836,-3.322822,-0.334218,2.513486,3.498137,1.889649,3.882461,-2.336548,2.875563,-0.96049,4.703893,4.339815,-1.885336,4.609702,-0.366886,2.671547,0.563386,2.571067,-3.417448,2.244179,2.233822,1.693653,-3.42411,0.749957,2.392867,1.581269,0.019525,0.364214,-4.809456,2.647694,4.161351,3.674532,2.244714,4.755686,2.595427,4.53146,1.34211,1.400167,-2.815971,2.228742,0.930802,3.648597,3.188903,-0.859549,6.07445,6.126353,1.963141,1.844204,2.764983,4.162317,4.526601,2.758676,3.040858,3.639536,0.40927,0.704279,3.696014,1.371418,2.484287,1.627036,1.487437,2.083701,2.728087,1.827863,0.431873,5.679163,0.772373,-5.04079,-3.749008,-1.26167,-1.890372,-6.181568,-3.467513,-5.512502,-2.699353,-2.806335,-1.735466
145,0.019676,-1.115636,-0.620826,-0.881997,0.480897,-0.704873,2.08995,1.043314,-3.153237,1.639696,0.517845,-4.21148,-5.165236,0.363906,1.576543,-0.333428,-0.313285,-2.365894,-0.239992,-1.231883,4.310249,2.838714,-1.70832,3.814072,-4.259905,0.582123,-1.214643,1.209704,2.21835,1.65545,-1.463802,1.676249,1.402742,2.092139,0.882541,0.122849,1.175553,1.108645,0.838736,1.13102,-2.997392,1.0661,-2.190287,-1.784448,2.382986,0.371825,2.480834,1.164369,-0.895623,3.410137,2.309092,1.028499,1.652043,1.776446,0.825448,3.96085,-0.341162,-0.345992,-0.535277,-1.298416,-2.604909,-4.489237,-2.711957,-1.688857,2.034873,-0.112205,1.487803,-1.038029,1.965589,0.649184,1.344565,2.26096,-2.190716,-5.108461,3.653391,-1.964289,-0.083095,-0.007245,-0.110128,1.801551,0.517188,-6.116033,0.140322,-0.164804,-1.253305,1.989662,0.460216,-3.714788,0.791157,3.767869,0.365847,-1.817897,0.648221,-1.655887,-1.287727,3.124726,2.375309,2.420027,0.161089,0.01973,2.236019,-2.454104,0.177187,2.335634,-0.04883,-2.698465,2.944448,0.528947,2.041912,0.176387,-1.39469,-1.607434,5.161421,-3.542258,-0.209989,3.760301,0.743918,-2.757025,1.748086,1.360986,-0.825948,-1.002634,-0.51397,-5.777788,3.437338,-2.59816,0.600545,-3.293421,-0.838022,2.37043,3.0919,2.080667,3.867045,-2.307559,3.08372,-0.175748,4.680728,4.58973,-1.600017,4.693084,-0.368934,3.040336,0.647481,2.976297,-3.42719,2.928209,2.320489,1.930838,-3.470684,0.7905,2.449745,1.318316,-0.141386,-0.148416,-4.797652,2.670292,4.172704,3.749223,2.907536,4.962854,2.827892,4.278232,1.349413,2.322855,-2.358484,2.750005,1.310592,3.966915,3.540884,-1.032273,6.315147,6.551473,2.162885,2.36914,2.797938,4.919346,3.965271,3.003117,3.165434,3.87827,0.383757,0.587422,4.16892,1.443717,2.868399,2.128985,1.331766,2.78275,2.430732,1.826417,0.672445,5.737263,1.093821,-5.904364,-4.243966,-1.859787,-1.295078,-6.370485,-2.80266,-6.446014,-2.748605,-3.405033,-1.376185
146,0.008362,-0.653032,-0.591662,-0.987002,0.346022,-0.728933,2.194415,1.074799,-3.083565,1.715512,0.747375,-4.207931,-4.861918,0.661689,1.40148,-0.490458,-0.178068,-2.45583,-0.7827,-0.940561,4.153148,2.930097,-1.255816,3.916905,-4.158569,0.272889,-0.771522,1.103297,2.231279,1.924763,-1.369082,1.565439,1.253031,2.032048,0.902391,0.333441,1.176098,1.189816,0.849129,1.183213,-3.036277,1.047763,-2.127535,-1.833009,2.604424,0.0801,2.47153,1.139698,-0.304849,3.376343,2.299581,0.89069,1.568863,1.788528,1.20346,3.771302,0.00673,0.07081,-0.862453,-1.238913,-2.633776,-3.91886,-2.782267,-1.694306,2.025716,0.198364,1.387412,-0.919491,1.910047,0.753827,1.29933,2.061162,-1.694474,-4.795407,3.810271,-2.001105,0.224727,-0.308839,-0.085843,1.809718,0.363719,-5.797257,-0.262137,-0.190452,-0.874219,1.849001,0.886666,-3.498557,0.620014,3.756775,0.208253,-1.869955,0.679518,-1.273255,-0.934964,3.181085,2.293558,1.999115,0.281174,0.21319,2.515252,-2.210854,-0.047589,2.071836,-0.194997,-2.681601,2.724521,0.139567,1.92328,0.558877,-1.338709,-1.240927,4.902652,-3.054382,-0.16723,3.841339,0.634397,-2.501525,1.7399,1.305461,-0.624065,-1.128623,-0.796339,-5.217643,3.271598,-3.050062,0.518202,-2.749547,-0.280277,2.089602,3.272057,2.176852,3.576527,-1.984332,2.844016,-0.622726,4.630186,4.375371,-1.845875,4.620336,-0.159625,2.779981,0.594301,2.891904,-3.051138,2.831016,2.480338,1.964546,-3.309757,0.554041,2.184099,1.561943,-0.366966,0.217215,-4.582645,2.613934,4.197851,3.421101,2.231309,4.716271,2.816805,4.032861,1.596613,1.805364,-2.591763,2.492532,1.075726,3.779657,3.071965,-0.666807,6.042263,6.16089,1.560299,2.292856,3.057885,4.604627,4.118413,3.362618,3.205657,4.174584,0.493166,0.942559,3.576876,1.071805,3.04947,1.763395,1.338237,2.285995,2.553226,2.044468,0.851261,5.395741,1.19032,-5.414984,-3.782878,-2.141486,-2.277494,-5.13261,-3.301403,-5.660012,-3.205439,-3.060977,-1.061112
147,0.022822,-0.824011,-0.441812,-1.333708,0.40881,-0.852941,1.890381,1.411297,-3.078485,0.912345,0.655335,-4.150607,-5.74145,0.371025,1.379781,-0.504746,-0.141771,-2.693504,-0.72925,-0.654943,4.154694,2.616197,-0.995532,3.940928,-3.845389,0.337171,-0.22691,0.972282,2.334193,1.597759,-1.656459,1.64074,1.497166,2.294226,1.443777,0.656357,0.746092,1.221606,1.116017,0.865415,-3.360974,1.126492,-2.136579,-2.233672,2.183136,0.587855,2.522434,1.555609,-0.174452,3.532983,2.274338,1.155562,1.656013,1.868039,1.360017,4.024456,-0.511526,-0.103826,-0.966715,-1.68937,-2.544194,-4.133655,-2.696991,-1.767403,1.973635,0.369633,0.847207,-1.353458,1.470249,1.070756,1.562334,2.256704,-1.346735,-3.806943,3.60641,-2.315643,0.132509,-0.603038,0.023847,1.849414,0.293904,-5.509608,-1.003894,0.738351,-1.394461,2.031638,0.449525,-3.767248,0.804467,3.166404,-0.23962,-2.82038,0.662857,-0.800248,-1.356471,3.415601,2.685216,1.762796,0.480307,-0.426108,2.184899,-3.08073,0.479971,2.551528,-0.538718,-2.656826,2.79431,0.024973,1.805094,0.399416,-1.496286,-1.961937,4.800668,-3.147498,0.275427,4.039783,0.949952,-2.913157,1.827117,1.208736,-0.58788,-1.122161,-0.210909,-5.75129,3.666485,-2.782258,0.006903,-3.289879,-0.472964,2.534843,3.109099,1.625981,3.962594,-2.328652,2.957808,-0.802955,4.724749,4.56365,-1.662946,4.568449,-0.373636,2.741031,0.591316,2.815144,-3.530205,2.519397,2.174922,2.28606,-3.722423,1.331909,2.636337,1.438284,-0.160958,0.200349,-4.723014,2.63877,4.299952,3.693281,2.546299,4.804703,2.775098,4.662331,1.108522,1.586954,-2.968268,2.293572,0.741817,3.960931,3.562922,-0.447776,5.999405,6.551531,2.088326,1.768122,2.954076,4.690805,4.244915,2.875679,3.047457,3.701761,0.408867,0.428695,3.938494,1.644469,2.909158,1.715586,1.48667,2.399874,2.341307,2.08185,0.285449,5.799342,0.674028,-5.496941,-3.692773,-1.667883,-1.669342,-6.833681,-2.972399,-5.833101,-2.551024,-3.045443,-1.53899
148,0.009606,-0.99273,-1.170712,-1.183748,0.011969,-1.621293,1.378062,1.552417,-3.19654,1.478186,0.629878,-4.628299,-5.814055,0.14987,1.034559,-0.94034,1.510233,-2.968015,-0.891668,-1.167807,4.427032,2.736294,-1.384628,3.923952,-4.306476,-0.077404,-1.69923,0.668769,2.443545,2.628526,-2.022712,1.775183,1.536416,1.905853,0.877381,-0.672212,1.036945,0.241575,0.608343,1.105213,-4.383886,0.824218,-2.193797,-2.45131,2.651557,0.30697,2.114703,1.147573,0.287445,3.432225,2.48502,0.824406,1.142099,1.698822,1.136282,4.112061,-0.494512,0.369523,-1.472083,-1.120974,-2.750138,-4.631529,-3.083085,-2.060017,2.183157,-0.305725,1.368278,-0.723876,1.74941,0.852952,1.699669,1.982208,-1.434458,-4.405209,3.824899,-2.234943,0.314088,-1.27714,0.108771,1.687134,0.255489,-5.493195,-0.233762,0.253725,-0.700177,1.276476,1.239075,-4.309804,0.671968,3.480597,-0.413529,-2.64645,0.822738,-1.552485,-1.484491,2.78481,2.308425,1.708086,-0.098205,0.113258,2.432395,-2.978789,0.08585,2.336853,-0.078248,-2.652248,2.466293,0.258871,1.819299,0.203688,-1.721764,-1.4714,4.827971,-3.459548,-0.561655,4.240147,0.569441,-2.991319,1.715635,1.60849,-0.159256,-1.857787,-1.035304,-6.056161,4.278845,-2.650145,-0.440739,-4.029215,0.103212,2.323287,4.263937,1.933042,4.086722,-1.42283,2.997727,-0.876016,4.487822,4.668132,-2.039788,4.958749,-0.160978,2.665612,0.620749,2.56451,-4.143913,2.708062,2.61213,1.7608,-3.369515,0.060549,2.129227,1.223523,-0.251916,-0.192658,-4.908696,2.997699,4.019772,3.743745,2.251169,3.989162,3.318312,4.067621,1.246724,1.775675,-2.474763,1.748931,0.959351,4.156581,3.065643,-1.048623,5.605157,6.480432,1.612961,1.865851,3.041581,4.707163,4.805001,3.049976,3.464618,4.206171,0.19907,0.83408,3.862362,1.443939,3.137397,1.205102,1.363059,1.736265,3.574098,1.885887,0.89125,5.08064,1.345843,-4.65365,-4.639897,-1.41171,-2.209965,-6.021157,-2.964589,-4.636078,-3.979404,-3.440867,-1.441122
149,0.010707,-0.636952,-1.014914,-1.318828,0.796269,-1.010021,1.821723,1.504625,-3.09108,1.626901,0.650239,-3.501551,-4.721624,0.605451,1.416711,-1.27074,0.167856,-2.635236,-0.762884,-0.559085,4.238711,2.57085,-0.954967,4.047512,-4.533917,-0.129668,-1.27318,0.931361,2.444178,1.688267,-1.142565,1.799825,1.329063,1.775475,1.014041,0.422454,0.728291,1.123011,0.700454,0.538301,-3.456498,0.778726,-2.12494,-2.070933,2.575503,0.022584,2.104585,1.144113,-0.036935,3.275817,1.920965,0.554082,1.34194,1.827959,1.306608,4.081159,-0.563534,-0.20372,-1.282718,-1.450924,-2.61772,-4.331196,-2.358057,-2.172213,2.358416,0.391259,0.949786,-0.760829,1.618625,0.724327,1.714984,2.394839,-2.167964,-5.199978,3.758358,-2.524982,0.237921,0.177716,-0.082461,1.876467,0.079043,-5.242706,-0.065263,0.623537,-1.171001,1.911381,0.731917,-4.139461,0.900894,3.386064,0.032124,-2.318072,0.170155,-1.487556,-1.398824,3.547962,2.436234,1.566364,0.617577,-0.383528,2.395844,-2.310179,0.333334,2.272771,-0.455508,-2.673514,2.822447,0.135508,1.95312,0.304063,-1.264606,-1.149847,4.829256,-3.148961,-0.347683,4.223278,0.748316,-3.110332,1.803434,1.062638,-0.765447,-0.91764,-0.676312,-4.937784,3.706749,-2.941343,0.126569,-2.836305,-0.160226,2.247385,3.031801,1.873393,4.064074,-2.517837,2.500819,-0.932135,4.26952,5.044279,-1.963354,4.919938,-0.345956,2.989818,0.524877,2.151181,-3.613497,2.51478,1.907625,1.668698,-3.593527,0.583919,2.413134,1.411929,-0.176627,0.426193,-4.884514,2.235243,3.755869,3.954653,2.477759,4.951554,2.635523,4.435625,1.10983,1.815309,-2.935872,2.235328,1.001017,4.1618,3.350436,-0.521424,5.542988,6.544523,2.54935,1.739021,3.285231,5.164593,4.142009,3.095297,2.72608,3.920073,0.195049,0.821449,3.923112,1.569758,2.96201,1.2351,1.234639,2.186258,2.220782,2.267507,-0.028229,5.722341,1.020363,-5.444308,-3.932285,-1.512005,-1.829883,-7.239907,-1.552267,-5.13059,-3.268958,-2.537484,-1.977716
150,0.011203,-0.704752,-0.813389,-1.06076,0.181765,-0.860055,1.939486,1.204489,-3.113847,1.435806,0.743155,-3.858655,-5.012623,0.332524,1.402565,-0.828078,-0.052515,-3.069352,-0.661726,-1.157297,4.303445,2.700536,-1.38261,3.971482,-4.387171,-0.009221,-1.091142,1.067051,2.413944,1.915701,-1.498052,1.501786,1.50285,2.172908,0.951325,0.464288,0.884821,0.969309,0.918808,0.665624,-3.827321,0.961472,-2.130311,-1.512565,2.149351,0.397498,2.261672,1.09877,-0.297347,3.433365,2.072811,0.794524,1.071197,1.700273,1.166544,4.130873,-0.66513,-0.160075,-0.81118,-1.50247,-2.608567,-3.953599,-2.271566,-1.833234,2.109547,0.216646,0.949565,-0.921225,1.8795,0.783355,1.59666,2.264116,-1.474836,-4.547924,3.597923,-2.247906,0.107506,-0.320059,-0.32646,1.782719,0.32418,-5.645219,-0.588786,0.237015,-1.154091,1.846349,0.696517,-4.036379,0.819748,3.599395,-0.179866,-2.182495,0.440378,-1.478036,-1.188478,3.167181,2.574708,2.046829,0.504155,-0.270713,2.265089,-2.642035,0.147977,2.051369,-0.413362,-2.640982,2.845652,0.368541,2.055477,0.54005,-1.65719,-1.539319,4.99414,-2.907532,-0.425738,4.176548,0.869583,-3.003325,1.70857,1.178906,-0.537971,-1.100284,-0.746076,-5.733185,3.723541,-2.821636,0.39353,-3.423275,-0.641708,2.475388,3.011415,2.318488,3.942984,-2.34287,2.914002,-0.697954,4.595563,4.451437,-1.924675,4.596916,-0.38273,2.939765,0.595549,2.878098,-3.278789,2.531954,2.462636,1.847749,-3.541057,0.73938,2.308548,1.736302,-0.058233,0.111156,-4.807476,2.540961,3.928214,3.864094,2.421386,5.193002,2.640107,4.201674,1.505789,1.834395,-2.737232,2.442104,1.156525,3.778185,3.581077,-0.946344,6.130752,6.344571,2.149393,2.139791,2.981792,4.592012,4.151623,3.010093,3.088758,3.983574,0.737897,0.566673,3.994367,1.22817,3.002777,1.779877,1.414573,2.234013,2.36605,1.985796,0.665908,5.512337,1.130683,-5.448897,-3.635459,-2.101438,-2.178476,-5.88226,-3.108832,-6.203516,-2.799787,-2.954458,-1.332282
151,0.020596,-0.566246,-0.802829,-0.818168,0.665149,-0.865859,1.886629,1.169613,-3.096454,1.845105,0.743622,-4.127257,-4.714454,0.603379,1.754617,-0.59486,-0.20076,-2.407595,-0.385426,-0.733171,4.093473,2.609889,-0.995513,3.911051,-4.438689,0.070909,-0.6329,0.634251,2.33653,1.612712,-1.235229,1.516927,1.437016,2.221272,1.131537,0.012399,0.931534,1.677302,0.739015,0.952072,-3.094695,1.138229,-2.132607,-1.535482,2.552876,0.217531,2.140271,0.985334,0.254709,3.272562,2.429432,1.151282,1.421813,2.101503,1.200902,3.938406,0.067446,-0.131169,-0.744666,-1.027095,-2.649619,-4.444153,-2.656438,-2.171568,2.072666,0.492306,1.088196,-0.823967,1.404318,0.710921,1.253406,2.149347,-2.240388,-5.696044,3.809869,-2.656788,0.436832,0.44554,-0.284105,1.706079,0.274913,-6.083606,-0.109894,0.244216,-0.751081,2.071141,0.974527,-3.65383,0.765423,3.669499,-0.132941,-1.753206,0.259478,-1.633732,-1.300349,3.37773,2.385954,1.742233,0.314023,-0.100069,2.295477,-2.033132,0.162466,1.858824,-0.353997,-2.630939,2.643603,0.346091,2.013818,0.2368,-1.203067,-1.002629,4.94492,-3.266316,-0.374951,4.085712,0.69882,-3.278124,1.866952,0.913675,-0.888911,-0.898474,-0.884467,-5.032004,3.698054,-3.222106,0.457102,-2.586749,-0.468199,2.433548,3.192816,1.611771,4.007455,-2.561653,2.66982,-0.440365,4.597357,5.027852,-2.337344,4.876316,-0.139989,2.987905,0.768173,2.352703,-3.30795,2.536458,2.129326,1.905141,-3.337584,0.561009,2.948642,1.252384,-0.224103,0.167821,-4.678136,2.575969,4.115643,3.539959,2.812772,4.697502,2.894785,4.744799,1.432079,1.778978,-2.671218,2.128612,1.321401,4.159116,3.452599,-0.207521,5.545751,6.747559,1.780419,2.025087,2.970046,5.236403,4.22249,3.082253,2.901271,3.957532,0.114775,0.789731,3.808761,1.700094,2.794183,1.278938,1.296664,2.286178,2.352966,2.1668,0.393778,5.763133,1.148118,-5.569604,-4.123042,-1.350482,-1.198557,-7.304426,-2.296031,-5.376183,-3.368647,-2.779382,-1.856127
152,0.01172,-0.613822,-0.297951,-1.089084,0.37291,-1.048254,1.856662,1.499478,-3.091659,1.952253,0.589268,-3.937197,-4.638642,0.300576,1.197767,-0.85937,0.175148,-2.532853,-1.135362,-1.160526,4.129534,2.953515,-1.131273,3.733042,-4.349665,0.038677,-1.625347,1.107835,2.441582,1.963559,-1.848123,1.211574,1.297951,2.168448,1.609882,0.567782,1.095995,0.775218,0.690036,0.626461,-4.087096,0.712999,-2.165393,-2.072409,2.422449,0.383358,2.319286,1.404065,0.316482,3.695263,2.348217,0.899088,1.198593,1.683887,1.149558,3.689399,0.349176,-0.389297,-0.774176,-1.29377,-2.565093,-4.164619,-2.234045,-2.266047,1.769298,1.161969,1.265477,0.463556,1.998662,0.715287,1.383064,2.264908,-1.307715,-5.205735,3.787706,-2.335056,-0.052846,0.320776,-0.175539,1.512822,0.329456,-5.111157,-0.262257,0.227797,-0.843963,1.937732,0.389901,-3.911306,0.755926,3.667769,-0.711162,-1.899427,0.529293,-1.532183,-1.253407,3.326962,2.985982,1.872262,0.53158,0.009913,2.261794,-2.079586,0.492345,2.086448,-0.410531,-2.631608,2.819223,0.185774,1.739714,0.398514,-1.231679,-1.23459,5.106986,-3.163017,-0.109017,4.052883,0.813882,-3.322838,1.831399,1.534431,-0.583141,-0.292354,-0.180191,-5.731875,3.81394,-2.918966,0.103204,-2.878726,-0.758617,2.216504,2.683222,2.040803,4.324345,-2.626613,3.013318,-1.115867,4.663226,4.374146,-1.967116,4.467421,-1.005509,2.908356,0.742613,2.722315,-2.902009,3.091727,2.341943,2.109132,-3.690407,0.276274,2.407791,1.289608,0.318751,0.105792,-4.576979,2.588684,3.962575,3.708567,2.593299,4.960403,3.221061,3.972813,1.425408,2.279546,-2.689592,2.678405,0.985031,3.710355,3.749851,-0.92777,6.097812,6.435188,1.806208,2.202934,3.266171,5.195555,3.970268,3.195237,3.237059,3.896907,0.244436,0.991767,4.032926,1.145938,3.190679,2.031838,1.070794,2.636902,1.968651,2.267423,0.09667,5.666609,1.340146,-5.77961,-4.295264,-2.569119,-1.556946,-6.39545,-2.678382,-6.094619,-3.119152,-3.204579,-0.607384
153,0.021541,-0.63274,-0.844688,-1.148901,0.35596,-0.911933,1.547362,1.34618,-3.118626,1.93857,0.745606,-4.065836,-4.46055,0.146962,1.433659,-0.818986,0.095531,-2.49979,-0.830818,-0.720184,4.191394,2.691541,-1.254456,4.056183,-4.022037,0.007165,-1.424669,0.690438,2.495046,1.942562,-1.256605,1.36663,1.387091,2.160309,1.30067,0.053547,0.859312,1.237553,0.764829,0.714502,-3.495671,0.768176,-2.152327,-1.809694,2.4372,0.282227,2.13424,0.938796,-0.07456,3.427129,2.219012,0.865444,1.648671,1.735889,1.239399,4.01908,-0.141964,-0.187145,-0.588097,-1.204172,-2.599632,-4.309669,-2.42023,-2.0792,1.903382,0.863802,1.200211,-0.19047,1.838808,0.824306,1.46085,2.129579,-1.435032,-4.655859,3.716846,-2.694176,0.249554,-0.242598,-0.151941,1.240671,0.160722,-5.25505,-0.558789,0.42396,-0.732595,1.839021,0.693952,-4.088599,0.637044,3.502306,-0.048647,-2.239434,0.270862,-1.140655,-1.43875,3.374879,2.685281,1.823532,0.538547,-0.008292,2.461925,-1.909582,0.498411,2.421638,-0.359009,-2.668625,2.804165,0.113243,1.808024,0.176412,-1.262053,-1.201185,4.943253,-2.999958,-0.369636,4.248256,0.803156,-3.258001,1.951733,1.388227,-0.459397,-0.732639,-0.384399,-4.888061,3.728382,-3.265302,0.122246,-2.722831,-0.361095,2.3978,3.016698,2.165642,4.220993,-2.376406,2.720799,-0.882125,4.760977,4.443367,-1.746099,4.313985,-0.331804,2.73562,0.58746,2.873095,-2.913171,2.403849,2.27786,1.985258,-3.692457,0.827728,2.462524,1.923896,0.068694,0.202693,-4.76901,2.583708,4.070174,3.822091,2.459145,4.906139,2.70226,4.241333,1.811503,1.547738,-2.700832,2.183453,1.176045,3.98618,3.488731,-1.1199,6.024531,6.616501,1.920416,2.056398,2.837994,4.800828,4.428106,2.912832,3.275997,3.775751,0.271809,0.878861,3.88546,1.482263,2.918949,1.741399,1.216927,2.40329,2.42466,2.098993,0.6977,5.811241,0.633526,-5.555573,-3.477319,-1.73245,-2.124119,-6.307249,-3.404379,-6.177009,-2.942561,-3.172224,-1.001135
154,0.022588,-0.839664,-0.951974,-0.993682,0.541688,-1.181599,1.300783,1.611732,-3.132909,1.529257,0.672519,-4.434686,-4.959149,0.195301,1.395288,-0.726734,0.874667,-2.68454,-0.747175,-0.509904,4.059809,2.650667,-0.702595,3.945063,-3.895281,0.061611,-1.508739,1.149189,2.780402,1.873738,-1.755513,1.514618,1.210977,1.661108,1.158609,0.0052,0.925429,0.420077,0.494335,0.824734,-4.067949,0.921475,-2.176219,-3.210009,2.616722,0.494274,2.43182,1.430484,0.194713,3.444388,2.27408,0.588048,1.64636,1.668222,1.3516,4.050221,-0.499026,-0.255064,-1.393342,-1.076019,-2.633624,-4.286684,-2.768675,-2.061482,2.180127,0.181798,1.154022,-0.432055,1.414479,0.810016,1.80637,2.247051,-1.122954,-4.659987,3.72794,-2.673059,0.314538,-0.249766,0.39588,1.902715,-0.016376,-4.743734,-0.300831,0.58313,-1.102285,1.679126,0.73236,-4.358156,1.06462,3.23524,-0.420898,-2.903839,0.297579,-0.736784,-1.964043,3.222389,2.535586,1.522737,0.20811,-0.223121,2.271445,-2.31604,0.140247,2.579216,-0.403765,-2.635517,2.607772,0.000692,1.759126,0.180872,-1.03836,-1.407171,4.811305,-3.130276,-0.205834,4.09467,0.795855,-3.262738,2.090137,1.088844,-0.834618,-0.844599,-0.410022,-5.396626,4.039131,-2.767093,-0.206803,-3.358745,-0.161896,2.548868,3.57067,1.52458,4.292924,-2.09166,2.962089,-1.276907,4.4691,4.536005,-1.726204,4.463701,-0.438698,2.69488,0.806441,2.640661,-3.857999,2.535522,2.178516,1.879534,-3.918631,0.657037,2.351525,1.281596,0.096871,-0.248765,-4.980299,2.497751,4.083158,3.931477,2.36785,4.593031,2.757312,4.464707,0.880565,1.530789,-3.118739,1.994783,0.8986,4.309722,3.661452,-1.140041,5.605819,6.605656,1.909961,1.703654,2.964142,4.6934,4.583255,2.963975,2.982644,3.667269,0.086319,0.653843,4.213279,1.469365,2.762497,1.293617,1.33332,2.223849,2.810119,2.317648,0.06057,5.712062,0.874539,-4.883676,-3.786057,-1.6377,-1.743784,-7.1632,-2.883873,-5.352289,-2.938123,-3.354266,-1.358635
155,0.016637,-0.358233,-0.823369,-1.139664,0.229726,-1.122711,2.34922,0.958171,-3.084835,1.644279,0.833092,-4.085628,-5.185825,0.77391,1.02984,-0.810356,0.244166,-2.752355,-1.182164,-1.183427,4.359176,2.830665,-1.868252,3.843243,-3.842499,-0.090871,-0.986618,0.774005,2.087179,2.153288,-1.67674,1.78991,1.699358,1.862792,0.943246,0.120096,1.142289,0.747605,0.884877,1.366967,-3.081067,1.103828,-2.088764,-2.244299,2.931289,-0.009181,2.449458,0.989297,-0.334704,3.58544,2.502239,0.578672,1.420766,1.591741,1.246214,3.700066,0.123837,0.273604,-1.066598,-0.913986,-2.667349,-4.169189,-3.37584,-2.039562,1.990731,0.289007,1.470752,-0.917576,2.036052,0.489815,1.217465,1.808441,-1.455092,-4.742755,3.825224,-1.868368,0.403895,-0.878332,-0.20679,1.808903,0.448599,-5.866037,-0.076323,-0.393968,-0.734759,1.431118,0.980109,-3.541055,0.735315,3.659655,0.31146,-1.809721,0.737092,-1.371462,-1.179608,3.075269,2.457956,1.926859,0.087546,0.513093,2.662602,-2.277971,-0.0189,1.971192,-0.150917,-2.678113,2.646846,0.061588,1.830584,0.438702,-1.058374,-1.432481,4.970284,-3.076039,-0.325422,3.882016,0.640566,-2.35292,1.637308,1.644845,-0.51091,-1.622615,-1.091923,-5.230284,3.401076,-2.50875,0.12231,-3.372719,-0.056161,2.106997,3.713911,2.146233,3.854262,-1.417082,2.743128,-0.812866,4.153344,4.682406,-1.753448,4.996883,-0.215202,2.688452,0.497504,2.540016,-3.516157,2.992159,2.641937,1.884494,-3.240067,0.151997,1.802267,1.127034,-0.300457,-0.044036,-4.769386,2.678421,4.06371,3.928447,2.248553,4.337802,3.012731,3.709302,1.321286,1.883556,-2.458326,2.483179,0.843859,3.925239,2.935668,-0.702128,5.763247,6.308435,1.738686,2.166395,3.538476,5.015501,4.444152,3.596517,3.179968,4.332689,0.381071,1.126896,3.755105,0.938192,3.426971,1.492431,1.419307,2.105711,2.815455,2.262348,0.718711,4.945251,1.350079,-4.820533,-4.659627,-2.022062,-2.560683,-5.865141,-2.261576,-4.788165,-3.776008,-3.179276,-1.241014
156,0.013402,-0.839838,-0.625822,-0.990041,0.267239,-1.134554,1.52477,1.442587,-3.029331,1.575212,0.975524,-3.997964,-4.439036,0.214469,1.319555,-0.719485,0.978169,-2.54597,-0.823306,-0.760623,3.965715,2.652877,-1.024099,3.858647,-3.806667,0.035109,-1.03722,0.95736,2.666288,2.228919,-1.88346,1.299928,1.334125,2.035748,1.334279,0.140017,0.796039,0.390673,0.659722,0.378157,-4.220068,0.855321,-2.105492,-2.10693,2.263813,0.626379,2.066916,1.239204,0.388841,3.395282,2.048713,0.87678,1.213703,1.724081,1.4615,3.890043,-0.471717,-0.266118,-1.215046,-1.118048,-2.590689,-3.466862,-2.155809,-1.827715,1.957397,0.672547,1.307186,0.184152,1.601151,0.920254,1.841507,2.233777,-0.789859,-4.165156,3.53936,-2.405624,0.225484,-0.056014,0.096549,1.564225,0.166462,-4.185416,-0.667941,0.571712,-0.689739,1.603143,0.95986,-3.962757,0.717432,3.486398,-0.462823,-2.702218,0.48986,-0.621286,-1.416409,3.139972,2.649527,1.730504,0.327683,-0.548073,2.249525,-2.164688,0.429982,2.14902,-0.230359,-2.545832,2.413677,0.481181,1.84385,0.285097,-1.645298,-1.095187,4.685563,-2.727739,-0.317833,4.134726,0.996522,-3.135357,1.990254,1.203377,-0.40065,-0.365827,-0.456643,-5.61762,3.987964,-2.84558,-0.027336,-2.649726,-0.084937,2.462312,3.419039,1.737222,3.901473,-2.040955,3.044942,-0.929341,4.472029,4.416087,-1.487337,4.485926,-0.199709,2.609959,0.65654,2.596798,-3.441182,2.566135,2.118438,1.969589,-3.609846,1.009876,2.320454,1.615819,0.17085,0.073642,-4.788602,2.621634,3.991951,3.888442,2.125952,4.713687,2.633068,4.282501,1.038748,1.587533,-2.959708,2.335473,0.887416,3.850893,3.656977,-1.031276,5.764975,6.256651,2.133213,1.584395,2.861782,4.158632,4.720086,2.498928,2.934042,3.532192,0.617902,0.719989,3.998288,1.42065,2.755295,1.697197,1.658822,1.976558,2.762872,2.169091,0.478319,5.597676,0.874932,-4.87136,-3.49927,-1.311302,-2.075061,-6.423165,-3.089283,-5.668008,-2.187984,-3.647201,-1.811217
157,0.004478,-0.897252,-0.897128,-0.785867,0.243093,-0.700275,1.906216,1.203435,-3.120394,2.165794,0.77564,-4.044915,-4.578645,0.53707,1.419828,-0.868573,0.49292,-2.442512,-0.800931,-1.346257,4.489209,2.853984,-1.031657,4.025339,-4.384717,0.207619,-1.509117,1.294655,2.834495,1.850884,-1.570412,1.735737,1.304777,2.023086,0.901013,-0.046552,0.922051,0.359368,0.439064,0.749738,-3.531544,1.044524,-2.136865,-1.896948,2.655457,0.366155,2.268913,0.908915,-0.711851,3.472276,1.766597,0.961261,1.522833,1.689914,0.957188,4.291922,-0.410465,-0.506322,-0.964072,-1.266806,-2.654176,-3.854624,-2.331034,-2.039944,2.277397,0.434539,1.012714,-0.430967,2.204063,0.578553,1.551883,2.262541,-1.399202,-4.922567,3.747025,-2.126556,0.136523,0.005708,-0.115874,1.682385,0.324228,-5.03253,0.205451,-0.173956,-1.271137,1.544033,0.679829,-4.528049,0.398294,3.854293,0.053641,-2.276875,0.292271,-1.235219,-1.450427,3.289758,2.727497,2.148133,0.385495,0.018945,2.411204,-1.901021,0.005542,2.239767,-0.504198,-2.669886,3.10764,0.298481,2.046556,0.15088,-1.584213,-1.051139,5.047307,-2.985168,-0.627967,4.191585,0.852238,-2.692884,2.000961,1.367255,-0.639213,-1.011365,-0.864942,-5.397087,4.06469,-2.977687,0.714612,-2.770412,-0.554395,2.387532,2.721367,2.25544,4.32052,-2.579329,2.712316,-0.512898,4.647025,5.100886,-1.98187,4.947098,-0.802235,3.270032,0.475929,2.423458,-3.551721,2.687416,2.153214,1.907849,-3.666574,0.058418,2.694656,1.322335,-0.38437,0.038889,-4.745896,2.755893,3.759444,4.107062,3.257794,5.140182,2.884865,3.992766,1.635683,2.152955,-2.427514,2.375883,1.452185,3.923852,3.417281,-1.31489,6.080305,6.984759,2.396544,2.038673,3.039355,5.431628,3.884849,3.011852,3.271068,4.013515,0.126378,0.674455,4.115404,1.3691,2.882493,1.512245,1.287944,2.448676,2.06981,1.948117,0.656816,5.880985,1.194442,-5.96323,-4.412384,-1.647892,-1.041798,-7.020059,-2.011925,-6.549803,-3.686831,-2.250983,-1.241312
158,0.015516,-0.614265,-0.705945,-0.940425,0.710117,-0.692732,1.402856,1.609346,-3.092801,2.308343,0.467736,-4.032762,-4.07522,0.039528,1.564837,-0.904277,-0.248168,-2.360246,-0.572245,-0.780168,4.034286,2.542534,-0.443737,3.938482,-4.514195,0.101951,-1.634032,1.006845,2.609024,1.642893,-1.32182,1.365344,1.183363,2.128456,1.139379,0.16727,0.873907,1.31541,0.435363,0.526946,-3.46896,0.682651,-2.172168,-1.459195,2.284738,0.29042,2.235167,1.15894,0.339609,3.363267,2.044199,1.005212,1.600038,1.784954,1.217274,4.079067,-0.177223,-0.658756,-0.594659,-1.367596,-2.595981,-4.530152,-2.30051,-2.191188,1.919283,0.616698,1.083741,0.122175,1.570673,0.671039,1.502167,2.224189,-1.767454,-5.578115,3.702871,-2.755594,-0.106025,0.512564,-0.086028,1.379902,0.037158,-5.146964,-0.016039,0.703705,-1.242701,2.099609,0.432656,-4.496755,0.701881,3.732512,-0.415085,-1.833986,0.132223,-1.333106,-1.31486,3.438264,2.604286,1.855619,0.412076,-0.099533,2.256394,-1.556999,0.318302,2.370721,-0.509387,-2.702597,2.829402,0.431156,1.954026,0.107208,-1.256217,-1.282385,5.056713,-3.265809,-0.362295,4.290403,0.918124,-3.640291,2.056691,1.180344,-1.010545,-0.350184,-0.185686,-5.016419,3.792923,-3.449154,0.466688,-2.886341,-0.675236,2.432582,2.752774,1.714257,4.111007,-2.97858,2.865962,-0.658587,4.754189,4.812314,-1.84795,4.533844,-0.336202,3.367203,0.962454,2.566402,-3.284961,2.586152,1.943758,2.005529,-3.822724,0.774219,3.14262,1.673134,0.064707,0.182167,-4.70896,2.216203,3.677986,3.542583,2.710762,5.117653,2.86061,4.678118,1.501753,2.04854,-2.681546,2.372998,1.705959,4.382477,3.701122,-1.062505,5.783523,6.984794,2.233911,2.005725,2.593204,5.165964,3.946027,2.655718,2.844654,3.696437,0.028477,0.532894,4.030753,1.769813,2.608345,1.704237,0.9846,2.671194,2.045218,2.116387,0.32665,6.420051,1.002084,-6.334234,-3.298473,-1.595238,-0.668804,-7.325451,-2.37117,-6.414017,-2.924237,-3.090034,-1.859777
159,0.051548,-0.685769,-0.889214,-0.86357,0.583927,-0.750468,1.428047,1.260892,-3.087213,2.076524,0.691286,-4.30806,-4.35253,0.328999,1.526197,-0.582226,0.399184,-2.318019,-0.599292,-0.637547,4.163208,2.653008,-0.438049,4.023704,-4.150401,-0.013448,-1.45574,1.090033,2.809254,1.667357,-1.266566,1.626214,1.123178,1.89588,1.198588,-0.102058,0.846563,1.098039,0.316323,0.823723,-3.57689,0.878496,-2.120659,-1.595801,2.5164,0.497437,2.125571,1.102985,0.023521,3.36239,1.980605,1.148044,1.86288,1.63236,1.16177,4.288869,0.010903,-0.332563,-0.807191,-1.623208,-2.627749,-4.194585,-2.501346,-2.221374,2.236122,0.523829,0.641399,-0.186462,1.624687,0.748829,1.440196,2.150964,-1.612898,-5.213284,3.787691,-2.975879,-0.025822,0.088737,-0.027839,1.415535,0.083282,-4.896937,0.303828,0.405204,-1.1391,1.968648,0.595579,-4.36853,0.529553,3.582964,-0.074699,-2.315316,0.139612,-0.916495,-1.515075,3.34584,2.604121,1.694588,0.475723,0.092695,2.307351,-1.717246,0.293516,2.498287,-0.544441,-2.669743,2.843079,-0.042256,1.728181,0.060417,-1.339933,-1.059766,4.773698,-3.369845,-0.610446,4.357896,0.814969,-3.3282,2.114676,1.22211,-0.847486,-0.511405,-0.362328,-4.983925,4.004208,-3.488416,0.523277,-2.645652,-0.441899,2.535927,2.691976,1.652098,4.410338,-2.783771,2.787657,-0.663893,4.553164,4.911706,-1.731277,4.539934,-0.578768,2.970448,0.628051,2.63266,-3.43134,2.606778,2.049196,1.975612,-3.962212,0.636634,2.85588,1.510149,-0.103905,0.139641,-4.705941,2.53679,3.702936,3.96139,2.983325,4.989826,2.859855,4.416928,1.479183,1.898569,-2.661888,2.163496,1.426872,4.138406,3.76256,-1.062415,5.624108,7.031276,2.329783,1.873661,2.931601,5.450902,4.142477,2.691007,3.08429,3.700616,0.063542,0.665124,4.330914,1.692336,2.784504,1.366082,1.201171,2.474711,2.092849,2.211856,0.152859,6.101583,0.917908,-5.677308,-3.952653,-1.791193,-1.027186,-7.625745,-2.327165,-6.236451,-3.109893,-2.954082,-1.359221
160,0.050084,-0.906761,-0.759786,-1.275725,-0.063592,-1.190105,1.990436,1.580517,-3.140103,1.811085,0.540176,-3.837605,-5.305327,0.514671,1.170663,-1.310191,0.495213,-2.969801,-1.401587,-1.412961,4.502656,2.903143,-1.614297,3.86844,-3.857373,0.069607,-1.453695,1.234275,2.458772,2.076028,-2.003774,1.663137,1.504073,1.865611,1.084484,0.230361,1.02974,0.150758,0.685782,0.763448,-3.538173,0.910024,-2.13956,-2.554766,2.634072,0.17553,2.396243,1.028205,-0.907892,3.77079,2.13403,0.703176,1.531658,1.568946,1.145264,4.008695,-0.35166,-0.430417,-0.983316,-0.986926,-2.643188,-4.199346,-2.964678,-2.217262,2.096023,0.473005,1.488775,-0.597859,2.185781,0.539785,1.47232,2.194907,-1.359959,-4.718494,3.552639,-1.954465,0.130107,-0.372337,-0.194354,1.86419,0.438915,-5.254832,-0.341956,-0.013112,-1.115577,1.522626,0.658774,-4.21101,0.487007,3.568381,0.057423,-2.395693,0.597865,-1.619215,-1.813063,3.247712,2.73878,2.050164,0.306463,0.222189,2.362972,-2.477246,0.029281,2.308634,-0.417158,-2.723705,2.992152,0.279281,1.885364,0.49738,-1.416047,-1.285813,5.224402,-2.853123,-0.446521,4.046958,0.65334,-2.634871,1.815982,1.60374,-0.645783,-1.291518,-0.529612,-5.630295,3.925309,-3.104664,0.348962,-3.474205,-0.37158,2.194474,3.166546,2.345669,4.190759,-2.120148,2.946066,-1.174347,4.510292,4.518671,-1.72538,4.766739,-0.860245,2.82669,0.339156,2.713825,-3.434628,2.893931,2.51672,1.785059,-3.486762,0.194548,1.993324,1.339931,-0.142266,0.198891,-4.868428,2.810059,4.062451,4.080886,2.633987,4.926602,2.922486,3.834476,1.470471,1.833721,-2.525382,2.679899,0.929605,3.613817,3.238441,-1.218762,6.340243,6.311171,2.13242,2.264356,3.279019,4.818092,4.268099,3.279144,3.359556,3.988495,0.304662,0.945319,4.035995,0.965493,3.168235,1.859619,1.327432,2.254211,2.456937,1.892767,0.489679,5.483619,1.07461,-5.220062,-4.478672,-2.231877,-2.182889,-5.923081,-3.011255,-5.894339,-3.358904,-2.676961,-0.754033
161,0.010681,-0.628645,-0.902892,-1.262145,0.345798,-1.12458,1.99918,1.225617,-3.17319,1.206132,0.55233,-4.301971,-5.860754,0.575088,1.328095,-0.73858,0.102305,-3.001026,-0.982176,-0.766151,4.329323,2.659155,-1.387589,3.861597,-3.745926,0.145434,-0.869316,0.934919,2.169164,1.819321,-1.573873,1.959173,1.617913,2.022084,0.972034,0.16191,0.949381,1.000316,0.928152,1.411906,-2.97026,1.269378,-2.171979,-2.460863,2.733488,0.22872,2.427514,1.099116,-0.775416,3.420039,2.580871,0.902377,1.811893,1.699201,1.284123,3.992956,-0.481281,-0.039869,-1.285834,-0.905674,-2.686203,-4.312986,-3.322698,-2.026877,2.185329,-0.003577,1.144411,-1.588594,1.715312,0.665838,1.407901,2.111456,-1.532942,-4.186383,3.602411,-2.302047,0.397226,-0.930333,0.2127,1.765215,0.272695,-6.192786,-0.568196,0.390366,-1.150061,1.750175,0.695403,-3.837969,0.765086,3.327087,0.391767,-2.640158,0.587558,-1.271848,-1.704181,3.275949,2.484583,1.880478,0.177101,0.060825,2.359999,-2.951304,0.213326,2.535751,-0.331531,-2.699974,2.792713,0.232144,1.804246,0.386548,-1.277121,-1.511066,4.774522,-3.132155,-0.20004,3.943688,0.5958,-2.743325,1.894286,1.201559,-0.723248,-1.777999,-0.687876,-5.552107,3.621436,-2.763701,0.019783,-3.402318,-0.286205,2.49953,3.570801,1.658574,4.044548,-1.662793,3.087463,-0.843922,4.386348,4.582283,-1.740214,4.781394,-0.350302,2.712264,0.651783,2.835684,-3.821559,2.760874,2.454417,2.026131,-3.558659,0.736829,2.228428,0.976562,-0.180489,-0.104732,-4.92292,2.703427,4.191026,3.917429,2.407483,4.42947,2.912976,4.236047,0.976479,1.620257,-2.576005,2.281765,0.746433,3.956526,3.5462,-0.689967,5.900877,6.418344,2.033142,1.942681,3.193196,4.869767,4.319043,3.028329,3.100047,3.857273,0.363532,0.581983,4.185438,1.31645,3.049112,1.551203,1.552731,2.262824,2.762184,2.023153,0.31807,5.464985,0.878673,-4.795072,-4.561029,-1.791204,-1.734765,-6.768363,-2.728746,-5.435783,-2.837057,-3.46408,-1.331099
162,0.010152,-0.869993,-0.430643,-0.756258,0.169445,-1.155905,1.058673,1.639518,-3.118423,1.559688,0.670232,-4.865909,-5.420454,-0.258846,1.322087,-0.361373,1.215518,-2.991752,-0.722993,-1.107458,3.886304,2.966974,-1.235515,3.851584,-4.532372,0.380326,-1.604295,0.879296,2.183637,2.523636,-2.133821,0.859059,0.989715,2.21622,1.222616,-0.397506,1.258453,0.332926,0.846088,0.630485,-4.4042,0.548212,-2.190967,-2.43395,2.276313,0.736322,2.202203,1.438087,0.604713,3.292565,2.336146,1.026214,1.014273,1.797471,1.373151,3.79064,-0.032484,0.34944,-1.274615,-1.144474,-2.657972,-4.556625,-2.61032,-1.425345,1.965625,0.279041,1.797644,-0.132736,1.810677,1.255827,1.880495,2.336214,-1.373239,-4.465455,3.83989,-2.594091,0.238472,-0.322902,-0.168585,1.377614,0.282448,-5.124934,-0.729283,0.247216,-0.407681,1.527148,1.030677,-3.578637,0.703543,3.739248,-0.773847,-2.436596,1.05023,-1.490756,-1.579198,2.829933,2.418986,1.964497,-0.070953,0.070453,2.518639,-2.619413,0.000885,2.419227,0.444765,-2.594929,2.531934,0.489308,1.747252,0.457095,-1.575248,-1.540789,4.884985,-3.701059,0.161443,4.196239,0.779158,-3.611062,1.629451,1.460961,-0.148405,-0.736708,-0.745895,-6.010416,3.838418,-2.974895,-0.206588,-3.603528,-0.055556,2.234509,3.781204,2.126545,4.04221,-1.732084,2.957573,-0.38386,5.057133,4.221651,-2.019036,4.43187,0.116582,2.800191,0.543009,2.963113,-3.440619,2.673124,2.442451,1.969283,-3.397701,0.570063,2.400858,1.624561,0.269682,-0.228827,-4.744411,3.010778,4.363859,3.637156,2.329875,4.40848,2.933215,4.299809,1.562652,1.924306,-2.695581,1.994055,0.901127,4.047693,3.312726,-1.123753,6.192911,6.307163,1.501967,1.800609,2.604275,4.211051,4.805419,2.665802,3.56399,3.80369,0.33413,0.948956,3.814177,1.802029,2.809711,1.810966,1.524638,2.226195,3.284641,1.974576,1.34626,5.589602,0.966174,-5.554724,-3.88667,-0.897359,-2.108529,-5.681245,-3.783498,-6.118599,-2.825685,-3.625889,-1.272433
163,0.017449,-0.453089,-0.697639,-1.030557,0.169211,-0.56045,1.613455,1.014168,-3.105171,1.609949,0.999347,-4.507545,-5.202351,0.300375,1.640265,-0.299312,0.469533,-2.132615,-0.457111,-0.924876,4.384365,2.711439,-0.769514,4.110405,-4.467536,0.340272,-0.353164,1.009324,2.544639,1.759304,-1.268687,1.467891,1.255273,2.569472,1.254597,-0.078099,0.777331,1.121029,0.536643,1.007609,-3.613104,1.302516,-2.208437,-1.676119,2.398396,0.546007,2.371421,0.969497,0.011903,3.309828,2.181889,1.49984,1.522757,2.129045,1.42756,4.366166,-0.050358,-0.026779,-0.87969,-1.722431,-2.708608,-4.099322,-2.878914,-1.759979,2.248936,0.757245,0.731243,-0.947678,1.66112,1.032401,1.360945,2.025952,-1.527916,-4.222047,4.100545,-2.481101,0.287365,-0.702204,0.142322,1.615665,-0.033081,-5.443818,-0.409135,-0.134962,-1.276994,1.919421,0.910062,-3.829782,0.53819,3.77836,-0.18656,-2.696302,0.229355,-1.191719,-0.921185,3.182087,2.536439,1.999883,0.312238,-0.292211,2.493357,-2.432198,-0.2756,2.230467,-0.828249,-2.651213,2.994516,0.190365,1.937955,0.20911,-1.404855,-1.424357,4.761047,-3.32353,-0.112015,4.473573,0.878333,-2.926391,1.930712,0.9404,-0.765846,-1.317282,-1.070319,-5.500899,4.31355,-3.284274,0.473433,-2.727831,-0.266932,2.716513,3.354348,1.721543,3.823827,-2.575165,2.901644,-0.28728,4.892986,4.753062,-2.332772,4.811864,-0.198564,2.809936,0.977987,2.652841,-3.117065,2.358842,2.518957,2.181419,-3.563355,0.894589,2.932164,2.072927,-0.541139,0.039704,-4.714978,2.951831,4.251811,3.619187,2.66117,4.691127,3.110348,4.641412,1.836927,1.564645,-2.682252,1.887221,1.644982,3.898964,3.541951,-1.029391,5.475407,6.758369,1.409928,2.118862,2.552783,4.859515,4.28538,3.025597,3.248596,4.016169,0.328981,0.598385,3.954205,1.414168,2.741218,1.394752,1.064838,2.228085,2.447176,2.025726,0.749695,5.554521,0.945546,-5.271551,-3.55,-1.475392,-1.47344,-6.485195,-3.58346,-5.710095,-3.393123,-2.932788,-1.614466
164,0.016907,-0.983763,-0.649721,-1.317592,0.01699,-0.737085,1.824204,1.201852,-3.035673,0.955758,0.750506,-4.132186,-5.269737,0.367626,1.574868,-0.620677,0.196811,-2.714124,-0.644301,-1.099413,4.347369,2.802442,-1.410777,3.963869,-3.81279,0.20302,-0.946778,0.977877,2.393413,1.829199,-1.752381,1.376234,1.41305,2.356831,1.381589,0.399826,0.767573,0.850018,0.954984,0.765971,-3.585601,1.135473,-2.127945,-1.753496,2.169921,0.710316,2.12952,1.25367,-0.577713,3.426426,2.217912,1.0838,1.27056,2.06919,1.083089,4.046186,-0.392845,-0.103493,-0.80341,-1.468804,-2.540381,-3.399142,-2.447246,-1.528463,1.924301,0.626596,0.978972,-1.21012,1.868278,0.931975,1.464309,2.058484,-1.13975,-4.151487,3.590218,-2.012424,0.258051,-0.669477,-0.09947,1.738207,0.182864,-5.348804,-1.107812,0.020853,-1.21902,1.952196,0.689611,-3.856429,0.727808,3.47717,-0.141425,-2.334087,0.460585,-1.101823,-1.36316,3.358772,2.493784,2.064865,0.516523,-0.468176,2.277925,-2.806713,-0.157065,2.294369,-0.939798,-2.592606,3.039961,0.356745,2.023082,0.370647,-1.678963,-1.430024,4.927099,-2.709122,0.078499,3.970562,0.704565,-2.873862,1.450854,1.070908,-0.426176,-1.406459,-0.551137,-6.067257,3.547116,-2.407569,0.451148,-2.988105,-0.687937,2.554493,2.695943,2.155084,3.953247,-2.62857,3.227721,-0.422595,5.02871,4.230784,-1.720828,4.256647,-0.690422,2.666445,0.491426,3.010444,-3.012371,2.700809,2.516326,2.298897,-3.317561,0.961121,2.415375,1.616016,-0.03826,0.010131,-4.70478,2.852247,4.18568,3.789042,2.541814,4.983126,2.763035,4.210231,1.520435,1.894409,-2.763106,2.647113,0.925567,3.606911,3.646381,-1.047021,6.493532,6.310094,1.912049,2.080347,2.68186,4.407498,4.018217,2.609005,3.375856,3.490171,0.625528,0.378652,4.005929,1.096655,2.780434,2.095356,1.323204,2.668133,2.113513,1.671559,0.589282,5.796321,0.776977,-5.536107,-3.68039,-1.941143,-1.563067,-5.793051,-3.784808,-6.988918,-2.145759,-3.307533,-0.780562
165,0.015663,-1.341399,-0.910996,-1.377778,0.483596,-1.311624,1.679924,1.425628,-3.155885,1.132722,0.472855,-4.923407,-6.258181,0.317744,1.300171,-0.550047,0.742648,-2.991222,-0.437597,-0.870085,4.368464,2.760331,-1.040276,3.977656,-4.423053,0.432684,-0.869532,1.156428,2.256017,1.916002,-1.537582,1.680361,1.270031,2.207582,1.043278,-0.139314,0.673584,0.498924,0.883259,1.119866,-3.618529,0.971215,-2.173575,-1.857263,2.367096,0.725504,2.174581,1.263249,-0.483719,3.282042,2.170118,0.953564,1.589408,1.852486,0.941072,4.271053,-0.366909,0.399333,-1.351482,-1.554304,-2.686931,-5.038454,-3.176455,-1.592214,2.365949,-0.362393,1.218266,-1.675209,1.694416,1.072903,1.586145,2.391267,-1.741212,-3.985866,3.771528,-2.394652,0.129397,-0.715696,-0.210399,1.873272,0.286976,-5.845768,-0.36156,0.393522,-1.440243,1.818869,0.882552,-4.470697,0.383028,3.459757,0.215425,-3.011379,0.722481,-1.401919,-1.652392,3.140924,2.171082,1.778784,0.232565,0.058197,2.230561,-3.381847,-0.160446,2.807639,-0.101727,-2.65519,2.891644,0.693973,1.797247,0.217549,-2.270569,-1.450104,4.760138,-3.915772,-0.093984,4.131854,0.547113,-2.970524,1.534927,1.319207,-0.607691,-1.702409,-1.010996,-6.21272,3.868374,-2.795748,0.213311,-3.914917,-0.017563,2.51266,3.312077,1.823026,4.055523,-2.127601,2.877712,0.052553,4.993608,4.851014,-1.802292,4.821058,-0.242798,3.159029,0.228982,2.830003,-3.91681,2.417866,2.240706,2.005734,-3.514696,0.67814,2.977557,1.18929,-0.399691,0.002278,-4.844856,2.976028,4.321145,3.787827,3.229123,4.679013,2.870281,4.617198,1.262151,1.953698,-2.570816,2.119839,0.984539,3.936032,3.392682,-0.782147,6.185203,6.896029,2.247674,1.734603,2.619692,4.948953,4.198923,2.542701,3.449325,3.713519,0.135368,0.360482,4.006422,2.153799,2.58812,1.445014,1.598336,2.295567,2.773361,1.600395,0.858688,5.954817,0.873428,-6.034413,-4.470096,-0.75125,-1.004073,-6.992467,-2.783128,-6.477389,-2.928943,-2.870297,-1.921625
166,0.044669,-1.164702,-0.447533,-1.150597,0.803718,-0.886028,2.214569,1.631363,-3.139564,1.77595,0.271839,-4.051101,-4.93859,0.928123,1.314926,-0.892774,-0.117364,-2.330271,-1.065605,-0.638031,4.303233,2.773419,-0.762613,3.787764,-3.964201,-0.021784,-0.974689,1.350981,2.885135,1.190788,-2.151485,2.036135,1.619622,2.169941,1.655938,0.917067,0.851775,1.121257,0.741374,0.605821,-3.487369,0.929739,-2.149488,-1.735755,2.475316,0.460098,2.461832,1.308107,-0.329032,3.840488,2.113338,1.269002,2.050956,1.705205,1.067998,4.156425,-0.237377,-0.621494,-0.599493,-1.356477,-2.573639,-4.420336,-2.487614,-2.50575,2.24346,0.953095,0.877984,-0.268978,1.797194,0.556688,1.41821,2.378997,-1.41926,-5.367822,3.358901,-2.506128,0.017304,0.489192,-0.025994,1.69683,0.617662,-5.327076,-0.341209,0.879176,-1.499453,2.38282,-0.125945,-4.552838,0.803782,3.370333,-0.180888,-2.372298,0.569008,-0.889783,-1.90604,3.932177,2.94854,1.751343,0.729998,-0.116715,2.063105,-2.351157,0.947692,2.55919,-0.671109,-2.726496,3.008339,0.745218,1.963701,0.489042,-1.598737,-1.256506,5.226457,-3.203546,-0.576668,3.993171,0.896781,-3.254809,2.075944,1.431564,-0.965837,-0.468948,0.156533,-6.039227,3.844159,-3.316103,0.54429,-3.181869,-0.650255,2.262086,2.268914,1.853726,4.528979,-2.819863,2.542963,-1.206911,4.592172,5.08854,-1.371117,4.801667,-1.154703,3.118669,0.129293,2.684097,-3.851221,2.487032,1.638113,1.947339,-3.816,0.837852,2.717427,0.698603,-0.001711,0.852753,-4.71376,2.352812,4.058952,4.205753,3.098426,5.450167,2.578614,4.401976,1.190787,1.73818,-2.688521,2.547085,0.734334,3.800277,3.674965,-0.485179,6.328497,7.189578,3.070106,1.69984,3.386638,5.557022,3.979617,2.986731,2.843926,3.757276,0.242187,0.596266,4.103233,1.559789,2.882836,1.820853,1.60579,2.444926,1.813941,1.954957,-0.355936,6.284019,0.669951,-5.935138,-4.159188,-1.530116,-1.241958,-7.937801,-1.532921,-6.417346,-2.780684,-2.073123,-1.785248
167,0.013579,-0.730483,-0.750737,-1.270408,0.296974,-1.078533,2.228024,1.418064,-3.118548,1.060863,0.693422,-4.005126,-5.637212,0.608702,1.190215,-0.76468,0.215549,-2.831462,-0.96513,-1.150666,4.39597,2.725698,-1.420414,3.822832,-3.826256,0.027711,-0.554145,0.935547,2.253411,1.737335,-1.806562,1.902433,1.75222,2.156041,1.234801,0.527581,0.853033,1.009641,0.912267,1.018562,-3.324606,1.132275,-2.148677,-2.022684,2.539897,0.278326,2.373588,1.218842,-0.566802,3.654177,2.46896,0.925731,1.416315,1.728019,1.206655,3.958989,-0.258514,-0.167701,-0.832425,-1.283871,-2.601775,-4.007177,-2.782877,-2.185335,2.050403,0.525121,0.975677,-1.164601,1.840157,0.608469,1.411089,1.98701,-1.489164,-4.409601,3.535081,-2.24084,0.264559,-0.682878,-0.174291,1.711887,0.440551,-5.908922,-0.660055,0.243019,-1.258028,1.894498,0.626399,-3.894807,0.933754,3.356308,-0.032551,-2.286342,0.721838,-1.433076,-1.279313,3.473803,2.754214,1.834306,0.443176,-0.273598,2.246583,-3.16707,0.384204,2.250953,-0.654191,-2.678471,2.824928,0.399584,1.905366,0.37792,-1.672586,-1.506646,4.976291,-3.165042,-0.367518,3.977867,0.622859,-2.912798,1.579173,1.349237,-0.620319,-1.388683,-0.549579,-6.019956,3.680873,-2.819686,0.258909,-3.511611,-0.441481,2.388279,3.210886,1.882835,3.947911,-2.291625,2.936037,-0.97272,4.502906,4.57589,-1.777867,4.882315,-0.620031,2.810067,0.601366,2.647038,-3.452946,2.775828,2.379728,2.211751,-3.409124,0.711949,2.324657,1.134629,-0.194764,0.224535,-4.721614,2.586845,4.171611,3.68225,2.516727,4.658563,3.058133,4.270751,1.176148,1.732853,-2.643083,2.554265,0.881337,3.817538,3.242348,-0.47015,5.945647,6.451441,2.099311,2.180256,3.335005,4.974187,4.151817,3.222361,3.07244,3.973765,0.343026,0.763749,3.864932,1.266281,3.109932,1.79182,1.373712,2.258014,2.440284,2.02503,0.193007,5.545125,1.155682,-5.345972,-4.302243,-2.050844,-1.777261,-6.487898,-2.524337,-5.384323,-3.145462,-3.138727,-1.495297
168,0.037354,-0.60042,-0.83277,-0.520314,0.590677,-0.869689,1.484996,1.078221,-3.088122,1.593579,1.1009,-4.999721,-4.676287,0.157475,1.687677,-0.204123,0.302707,-2.188561,-0.137313,-0.775839,4.277712,2.780235,-0.623072,4.095255,-4.449502,0.348247,-1.063188,1.018511,2.544082,1.629213,-1.088731,1.360327,1.139199,2.137202,1.196688,0.050567,0.807857,1.08805,0.753407,0.904054,-3.71875,0.804527,-2.112118,-1.557156,2.387313,0.815535,2.095977,1.269911,0.006311,3.222142,2.132155,1.113889,1.486934,1.823493,1.047721,4.117113,0.048954,-0.072317,-0.359629,-1.53848,-2.610003,-4.555367,-2.661557,-1.821836,2.081266,0.679352,0.746829,-0.792648,1.716763,0.864547,1.427355,2.164128,-1.750516,-5.253022,3.977504,-2.886743,0.127639,0.059687,-0.341746,1.544933,-0.1091,-5.213242,0.01517,-0.010448,-1.034634,2.064669,0.821893,-4.23869,0.670721,3.642061,-0.104986,-2.091414,0.370323,-1.142397,-1.103054,3.478538,2.655125,1.749459,0.662062,0.05042,2.367424,-2.325957,0.158191,2.411694,-0.248076,-2.637042,2.963656,0.152027,1.843778,0.078851,-1.30922,-1.312448,4.828331,-3.794619,-0.405213,4.230252,0.549705,-3.43727,1.666888,1.346482,-0.619059,-0.636304,-0.537129,-5.592348,3.714198,-2.987235,0.43595,-2.724175,-0.517833,2.57532,2.870329,1.798651,4.133687,-2.904228,2.690324,-0.257436,4.869226,4.723789,-2.215679,4.680528,-0.453286,2.986202,0.707338,2.576635,-3.021613,2.49826,2.183639,1.972703,-3.517013,0.736175,2.883116,1.786711,-0.246427,0.055088,-4.624465,2.685229,4.163465,3.703176,2.953977,4.996996,2.942165,4.644765,1.76538,2.015044,-2.75962,2.189649,1.46505,4.00427,3.528304,-0.9048,5.832948,6.816712,2.046986,2.082861,2.812487,5.088556,4.185668,2.992536,3.168591,3.744882,0.210915,0.751421,3.994643,1.78107,2.715968,1.597234,1.109924,2.467941,2.131652,2.03612,0.443804,5.831539,1.028096,-5.812398,-3.648968,-1.533224,-1.260468,-6.811763,-2.984935,-6.164859,-3.061256,-2.796576,-1.556735
169,0.019316,-1.01059,-0.737375,-0.827131,0.639405,-0.755331,1.676877,1.354728,-3.128265,1.474165,0.552241,-4.702035,-5.380033,0.471395,1.674941,-0.442405,0.346391,-2.320426,-0.493927,-0.890107,4.265837,2.678378,-0.590559,3.969575,-4.230157,0.216161,-0.784643,1.236189,2.526951,1.615566,-1.888226,1.732413,1.352626,2.171798,1.083679,-0.02608,1.009254,1.030262,0.580489,1.04052,-3.475601,1.32362,-2.166233,-1.975564,2.553041,0.390782,2.563233,1.221278,-0.090531,3.380557,2.247056,1.225237,1.472827,2.168323,1.27495,4.258162,-0.562651,-0.008771,-1.036425,-1.229409,-2.67822,-4.556424,-2.8561,-1.938222,2.351573,-0.123158,1.131199,-1.160825,1.369001,0.838733,1.622958,2.084805,-1.7824,-4.978837,3.744486,-2.423182,0.221146,-0.029746,0.167931,1.879299,0.282707,-5.792045,-0.139794,0.407301,-1.214145,2.045585,0.743317,-4.070011,0.718302,3.575014,-0.213465,-2.342675,0.693348,-1.110122,-1.585889,3.353011,2.365503,1.805224,0.068655,-0.170239,2.286849,-2.73789,-0.060193,2.464098,-0.354237,-2.66447,2.835252,0.369888,2.168344,0.23471,-1.802781,-1.667706,4.951332,-3.422589,-0.400845,4.124452,0.867139,-3.102989,1.970121,1.001877,-0.84253,-1.070978,-0.840761,-5.788285,4.020255,-3.213106,0.546386,-3.097607,-0.411364,2.412014,3.060858,1.710022,4.098687,-2.477858,2.863038,-0.493348,4.785209,4.82074,-1.96669,4.580792,-0.430658,3.088005,0.668804,2.814288,-3.969712,2.607575,2.036857,2.173878,-3.701035,0.704567,2.849602,1.154319,-0.246708,-0.267992,-4.802692,2.626299,4.073587,3.770874,2.81115,4.813721,2.902286,4.633903,1.333823,1.872501,-2.747259,2.187054,1.157673,4.208345,3.515521,-0.732406,5.947341,6.934853,2.072393,1.849867,2.89181,5.192273,4.155927,2.856753,3.196022,3.940573,0.107141,0.502014,4.120677,1.77827,2.761477,1.394186,1.456009,2.446403,2.403413,1.991697,0.695544,6.153195,0.943195,-5.88131,-3.935553,-1.578945,-1.122406,-6.990314,-2.600475,-6.296659,-3.057609,-3.088887,-1.41645
170,0.020254,-0.962252,-0.932772,-0.891784,0.616734,-1.006219,1.303127,1.197431,-3.17463,1.730928,0.833827,-4.73763,-4.672603,0.256057,1.630412,-0.406851,0.331121,-2.764157,-0.301914,-0.541303,4.176053,2.659803,-1.06449,4.215365,-4.510155,0.357439,-1.185216,1.224303,2.836279,1.918034,-1.219131,1.545344,1.08761,2.219271,1.234188,-0.008805,0.841303,0.968879,0.678297,0.876293,-3.829155,1.038384,-2.25962,-1.958045,2.455743,0.62403,2.112499,0.982725,-0.299944,3.213626,2.155263,1.263302,1.875401,1.598781,1.318705,4.385773,-0.547047,-0.101675,-0.944429,-1.273381,-2.657284,-4.520344,-2.485471,-1.742723,2.26566,0.251555,0.558848,-0.782592,1.435827,1.11253,1.770655,2.468308,-1.479576,-4.701147,3.783383,-3.096408,0.261744,0.232785,-0.218981,1.640324,0.001375,-5.526914,-0.338538,0.425735,-0.93547,2.007651,0.79499,-4.385345,0.56454,3.375871,-0.287622,-2.749395,0.11549,-0.904389,-1.777915,3.186991,2.575533,1.753608,0.504904,-0.013277,2.241317,-2.406833,0.436582,2.83637,-0.189082,-2.665167,2.806465,0.2217,1.682058,0.462086,-1.761612,-1.20167,4.783508,-3.776511,-0.353078,4.334517,1.065394,-3.332061,2.167769,1.147567,-0.633901,-0.486183,-0.336689,-5.560255,3.940668,-3.113581,0.299277,-3.167992,-0.312392,2.626603,3.280838,1.793635,3.918264,-2.15253,2.88446,-0.609013,4.813085,4.718075,-1.775216,4.5532,-0.165783,2.76149,0.496875,2.741643,-3.474065,2.151685,2.386115,1.973724,-3.715451,1.214585,2.842837,2.068323,-0.455722,0.289602,-4.877165,2.957878,4.161193,3.72303,2.706399,4.783781,2.653836,4.683261,1.591987,1.373375,-2.685309,1.668348,1.366155,4.07738,3.508994,-1.159602,5.770405,6.825291,2.146165,1.775361,2.672347,4.601213,4.485264,2.711758,3.243621,3.788814,0.372968,0.602241,3.924459,1.789017,2.66395,1.479939,1.364118,2.043739,2.800553,1.990359,0.703015,5.736493,0.49492,-5.316985,-3.322669,-1.080391,-1.789052,-6.565263,-3.491194,-5.837926,-2.963088,-2.855695,-1.824788
171,0.027765,-0.3617,-0.697147,-1.407204,0.423984,-0.780311,1.704682,1.136412,-3.069188,1.859699,0.792573,-3.855282,-4.36957,0.237067,1.391951,-0.986318,-0.008072,-2.675418,-0.485369,-0.642588,4.114074,2.623951,-1.250769,3.995607,-4.750407,0.257579,-1.153573,0.753444,2.032674,2.037172,-1.148061,1.354943,1.204029,2.39843,1.586689,0.004003,0.845103,1.198378,0.665179,0.751919,-3.396235,0.95795,-2.172776,-1.909172,2.5919,0.279857,2.371596,0.804263,0.372669,3.340376,2.254149,1.194464,1.298162,1.937472,1.479535,3.908176,0.123702,0.048232,-0.776605,-1.549986,-2.633786,-4.320173,-2.405952,-1.706739,1.921318,0.887335,1.169134,-0.254905,1.736131,1.020815,1.442523,2.075364,-1.936248,-4.711308,4.143075,-2.648922,0.186293,0.066174,-0.43463,1.414616,-0.090398,-5.450398,-0.582337,0.335695,-0.7058,1.897135,0.84884,-3.490146,0.649154,3.610983,-0.350081,-2.005891,0.038507,-1.757814,-0.962117,3.30023,2.489773,1.800916,0.434223,-0.01753,2.688516,-1.986616,-0.060062,2.080086,-0.355113,-2.606581,2.720039,0.247012,1.75045,0.392585,-0.92579,-1.26097,4.789811,-3.320477,0.125328,4.455016,0.894498,-3.333012,1.76704,1.076523,-0.498207,-0.696608,-0.703976,-4.735763,3.539059,-3.544241,0.165043,-2.958132,-0.136625,2.231466,3.140535,2.06141,3.658262,-2.52068,2.59055,-0.402443,4.690384,4.454962,-2.371804,4.731898,0.026923,2.806955,0.842369,2.408681,-2.663544,2.378571,2.28698,1.752735,-3.578039,0.726275,2.62938,2.257153,-0.051746,0.474029,-4.710703,2.603363,4.315983,3.411025,2.364673,4.938681,2.942841,4.721855,1.842567,1.627,-2.580893,2.209078,1.413181,3.696174,3.263342,-0.688321,5.77836,6.177919,1.602878,2.290205,2.711941,4.692172,4.299086,3.398148,3.272533,4.314969,0.345423,1.404147,3.726997,1.583776,2.748463,1.650771,0.975733,2.355049,2.275901,2.383862,0.581618,5.53488,0.967198,-5.828056,-3.409689,-1.854007,-2.211368,-6.017043,-3.433056,-5.288068,-3.133762,-2.748372,-1.819085
172,0.013202,-0.844567,-0.587636,-1.35402,0.394469,-0.471307,2.011571,1.341343,-3.080703,1.163998,0.601642,-3.878165,-5.062854,0.420362,1.43897,-0.701577,-0.403774,-1.980499,-0.847933,-0.789814,4.504433,2.855877,-0.95441,4.046653,-3.871384,0.269039,-0.830066,1.19212,2.542347,1.252077,-1.440057,1.697574,1.291307,2.176869,1.371536,0.613143,0.775953,1.096821,0.916791,0.619345,-3.168176,1.131282,-2.135711,-1.687425,2.435266,0.408695,2.589013,1.2118,-0.728617,3.63455,1.981919,1.228311,1.64168,2.083737,1.222386,4.180593,-0.281088,-0.349699,-0.454742,-1.741721,-2.573114,-3.997185,-2.469368,-1.938054,2.224813,0.708124,1.059613,-1.057846,1.956855,0.788139,1.412594,2.072448,-1.716374,-4.459427,3.685333,-2.079004,0.024659,-0.159095,0.021937,1.670441,0.107666,-5.353073,-0.396725,0.279061,-1.631459,2.163135,0.211825,-3.903045,0.687992,3.410303,0.201486,-2.36236,0.425656,-1.227919,-1.486101,3.733795,2.68215,2.025989,0.556879,-0.344269,2.419524,-2.556741,0.255661,2.39101,-0.94397,-2.649755,3.224511,0.201052,2.176631,0.262581,-1.144006,-1.791086,5.090638,-2.851294,-0.161243,4.111679,0.704425,-2.844855,1.715005,1.168335,-0.784403,-0.973956,-0.409523,-5.116891,3.61398,-3.465981,0.694875,-2.579073,-0.770534,2.469917,2.407306,2.174443,3.870438,-2.999569,3.010904,-0.730389,4.931677,4.420265,-1.611404,4.459229,-0.774206,3.00614,0.7068,2.977659,-2.950364,2.630716,2.340603,2.405379,-3.618872,1.116052,2.567184,2.033263,-0.349686,0.093191,-4.77387,2.617299,4.270891,3.666011,2.558115,5.337073,2.724832,4.35666,1.783096,1.847341,-2.938977,2.747866,1.37751,3.677639,3.493264,-1.091292,6.381786,6.617206,2.118915,2.230914,2.769875,4.758243,3.819832,3.004792,3.200417,3.747164,0.448683,0.565309,3.920478,1.261357,2.859967,1.999294,0.9835,2.71257,1.718155,1.877637,0.458336,6.046029,0.721739,-6.212171,-3.449432,-2.314067,-1.49263,-5.907775,-3.353674,-6.869638,-2.624279,-2.928404,-0.937331
173,0.033221,-0.705054,-0.784919,-1.103179,0.597771,-1.145617,1.818725,0.978034,-3.063968,1.431155,0.619295,-4.452702,-5.107909,0.44296,1.345464,-0.761388,-0.0395,-2.758634,-0.781845,-0.684294,4.123472,2.597091,-1.265068,3.982257,-4.272711,0.064029,-1.130355,0.758103,2.140191,1.800856,-1.65558,1.601745,1.332626,2.040356,1.013974,0.200825,0.880291,1.177645,0.963257,0.989919,-3.527666,1.023199,-2.10572,-2.020662,2.541857,0.177765,2.346757,0.949059,-0.172256,3.183553,2.468491,1.093133,1.578513,1.767113,1.356122,3.972531,-0.470398,-0.071027,-1.251096,-1.172458,-2.591451,-4.415942,-3.006294,-1.867805,2.11431,-0.04928,1.068254,-0.952569,1.615686,0.80373,1.62669,2.211605,-1.839404,-4.530021,3.641922,-2.427432,0.068571,-0.562499,-0.249424,1.585567,0.005977,-5.476737,-0.364076,0.50104,-0.778043,1.828994,0.749613,-3.768028,0.62892,3.401531,0.176684,-2.184862,0.430216,-0.954009,-1.425758,3.206009,2.220591,1.721016,0.322647,-0.158766,2.410749,-2.405096,0.173945,2.325665,0.104367,-2.636279,2.530276,0.37996,1.991328,0.281509,-1.558348,-1.678535,4.745981,-3.568856,-0.241918,4.000346,1.038896,-2.938341,1.754135,1.248992,-0.540784,-1.13764,-0.481765,-5.150691,3.368008,-2.668262,0.114292,-3.256094,-0.30573,2.20048,2.884723,1.943745,4.055402,-2.087925,2.595606,-0.49083,4.581851,4.787581,-1.725814,4.475897,-0.217202,3.109926,0.481216,2.538315,-3.519649,2.500613,1.974467,2.05262,-3.382859,0.639724,2.751918,1.382086,-0.199959,0.187403,-4.75776,2.490454,3.882266,3.720311,2.745286,4.757282,2.88312,4.40063,1.407867,1.933908,-2.496066,2.163405,1.148513,4.248782,3.386782,-0.5676,5.841443,6.653249,2.365396,1.897619,2.933343,5.162546,3.872678,2.951805,3.131472,3.893536,0.08623,0.914785,3.829264,1.890245,2.927859,1.588157,1.196076,2.455234,2.318367,2.057775,0.664571,5.924621,0.780906,-6.214471,-3.974473,-1.486722,-1.376024,-6.797666,-2.237588,-6.000354,-3.205997,-2.94277,-1.473677
174,0.009091,-0.75303,-0.641674,-1.050792,0.096347,-1.08927,2.042012,1.52408,-3.136213,1.624127,0.692544,-3.664217,-5.189244,0.476721,1.384518,-0.913921,0.375784,-3.114079,-0.930864,-1.355835,4.299584,2.788246,-1.621512,3.658641,-4.196142,-0.009052,-1.049915,0.881643,2.344,2.104978,-2.000374,1.62424,1.762475,2.25639,1.266655,0.262369,1.081174,0.862847,0.838126,0.80228,-3.65558,0.968645,-2.178979,-1.848591,2.389994,0.278487,2.146564,1.129222,-0.048858,3.648479,2.394053,0.909297,1.090672,1.922766,1.116802,3.752442,-0.379273,-0.241447,-0.669242,-1.020815,-2.613718,-3.970307,-2.331321,-2.238064,1.826007,0.716848,1.401356,-0.435163,1.893407,0.633074,1.404774,2.0438,-1.366151,-4.951374,3.49438,-2.265237,0.327045,-0.212519,0.005528,1.619181,0.588434,-5.78997,-0.842565,0.324064,-0.733887,1.840107,0.714301,-3.880974,1.01276,3.623442,-0.45965,-1.895102,0.810364,-1.915312,-1.231691,3.257285,2.877982,2.053904,0.429068,-0.251273,2.219494,-2.813759,0.421908,1.941911,-0.38082,-2.661404,2.692548,0.69827,2.047497,0.407519,-1.62171,-1.160564,5.172239,-2.795559,-0.306385,4.056829,0.591322,-3.143886,1.686792,1.400095,-0.57284,-1.0796,-0.429395,-6.370034,3.891815,-2.989138,0.156272,-3.335848,-0.622673,2.315988,3.441525,2.036312,3.899549,-2.401856,3.113521,-0.846353,4.758741,4.24331,-2.073538,4.675209,-0.512445,2.692226,0.612743,2.926811,-3.283117,2.757263,2.511948,1.839448,-3.315901,0.727082,2.150323,1.443159,0.18857,0.192362,-4.686642,2.585328,4.237138,3.659966,2.116603,4.814852,2.859388,4.28786,1.381343,1.694451,-2.679713,2.626721,0.884511,3.595439,3.382986,-0.687087,6.398938,6.089986,1.851998,2.240657,3.088763,4.331747,4.596244,3.05256,3.090614,3.889258,0.731082,0.750075,3.807487,1.067845,2.898729,2.020131,1.638664,2.084134,2.708033,1.914296,0.570575,5.509436,1.25355,-5.065282,-4.004922,-1.798468,-2.431831,-5.613783,-3.629568,-5.740489,-2.688835,-3.448366,-1.417878
175,0.016865,-0.753476,-0.813398,-1.120813,0.168005,-0.948178,1.567784,1.131052,-3.143783,2.196413,0.629421,-3.907226,-4.364684,0.218792,1.30816,-1.045891,0.1944,-2.479897,-1.042663,-0.871501,4.196831,2.770924,-1.164678,3.951723,-4.14373,0.095002,-1.718362,1.138559,2.616305,2.060342,-1.777883,1.460406,1.129701,2.162076,1.070165,-0.075154,0.981856,0.409978,0.58191,0.668403,-3.924097,1.046747,-2.184052,-2.095964,2.487439,0.283389,2.318274,0.714485,-0.135243,3.436266,2.162758,1.052536,1.559003,1.791569,1.443128,4.123261,-0.27758,-0.282877,-1.213872,-0.996685,-2.667512,-4.016873,-2.720327,-1.915268,2.164705,0.382318,1.417905,-0.034071,1.827859,0.771526,1.626433,2.334802,-1.177801,-4.57379,3.678073,-2.281357,0.073999,-0.241109,0.090345,1.645151,-0.015713,-5.068915,-0.214218,0.098864,-0.89682,1.574018,0.771074,-3.996861,0.367849,3.799755,-0.039213,-2.345153,0.188927,-1.154488,-1.702236,3.091822,2.503858,2.125216,0.181498,0.183092,2.511949,-1.708137,0.230573,2.302282,-0.306716,-2.650337,2.85691,0.74477,2.008884,0.554075,-1.50929,-1.323295,4.976962,-3.027408,-0.318462,4.295271,0.918733,-2.764888,2.069061,1.252081,-0.686509,-0.842663,-0.676679,-5.158667,4.004124,-3.41224,0.405418,-2.957661,-0.335547,2.253052,3.232278,2.15095,3.91892,-1.982308,2.800609,-0.946218,4.68019,4.730863,-1.750447,4.580227,-0.262176,2.973606,0.694719,2.547612,-3.319734,2.481896,2.326415,1.929283,-3.563863,0.497412,2.50428,1.916926,-0.323098,0.347263,-4.922927,2.806914,4.029727,3.796123,2.54067,4.918727,2.85984,4.160533,1.765753,1.523939,-2.442581,2.171913,1.519755,3.955322,3.329138,-1.359697,5.76771,6.533364,1.951658,2.042825,2.817038,4.776163,4.15576,3.110657,3.231904,4.067933,0.311893,0.986358,3.91602,1.24058,2.856093,1.711751,1.119668,2.162637,2.568882,2.119397,0.80406,5.673345,0.845976,-5.476046,-3.574957,-1.717456,-1.828349,-6.191029,-3.17207,-5.869969,-3.356892,-2.80169,-1.314641
176,0.01514,-0.979017,-0.676585,-1.030084,0.226289,-1.168127,1.618105,1.412488,-3.132089,1.520763,0.893568,-4.494566,-5.162864,0.049614,1.358865,-0.518405,1.100897,-2.385586,-0.648885,-1.218324,4.201598,2.734651,-1.225733,3.844005,-3.746704,0.192416,-1.405349,1.030431,2.758195,2.175604,-1.854902,1.550096,1.575263,1.896289,1.216085,-0.078715,0.846721,0.351539,0.757203,0.60293,-4.632499,0.787724,-2.149856,-2.388207,2.269607,0.862944,2.190377,1.580223,-0.154783,3.547546,2.025747,0.79522,1.343129,1.619462,1.05314,4.061148,-0.52617,-0.285499,-1.158415,-1.266795,-2.63701,-4.188347,-2.373033,-1.93716,1.977115,0.468035,1.238382,-0.317517,1.702497,0.816635,1.751623,2.266177,-0.765345,-4.182896,3.5955,-2.269528,0.20626,-0.563243,0.295329,1.680967,0.407366,-4.824541,-0.41227,0.481875,-1.057656,1.56174,0.843761,-4.389689,0.923341,3.46138,-0.342026,-2.824989,0.719256,-0.744153,-1.518604,3.157378,2.738618,1.905288,0.267366,-0.515274,2.162447,-2.599415,0.435521,2.465139,-0.27284,-2.676045,2.72755,0.218048,1.880186,0.153314,-1.702532,-1.504805,4.885244,-3.14373,-0.33162,4.082597,0.982989,-3.041617,1.94595,1.525687,-0.308468,-0.910304,-0.508602,-6.117086,4.226473,-2.406897,-0.046957,-3.182108,-0.268861,2.54771,3.24731,1.802072,4.289718,-2.067513,3.037755,-1.142344,4.642076,4.600493,-1.483116,4.597646,-0.87277,2.848299,0.568658,2.685245,-3.856974,2.630761,2.385149,2.098936,-3.837017,0.539098,2.382187,1.162532,0.04284,-0.172375,-4.784431,2.739968,3.927592,4.156612,2.762975,4.777667,2.914257,4.032439,1.071862,1.870255,-2.857775,2.191035,0.896585,3.954989,3.824197,-1.367347,5.905167,6.701797,2.280578,1.67475,3.111401,4.75912,4.393636,2.685608,3.14952,3.706901,0.40223,0.401159,4.262233,1.420737,3.072886,1.672842,1.642279,2.083378,2.690057,2.014778,0.376541,5.544086,1.005514,-4.844419,-4.334895,-1.669453,-1.496921,-6.788948,-2.584708,-6.031119,-2.812263,-3.256639,-1.303931
177,0.02048,-0.627003,-1.035704,-0.61152,0.454943,-0.830913,1.595788,0.970937,-3.118857,1.853249,0.8427,-4.760627,-4.511896,0.299553,1.563835,-0.450307,0.167429,-2.351615,-0.476757,-0.796565,4.235874,2.674266,-0.941042,4.163342,-4.663912,0.218792,-1.02348,0.981281,2.636497,1.830358,-1.23579,1.608744,0.989348,2.272036,0.990831,-0.040759,0.94951,1.071669,0.579056,1.139415,-3.493754,1.2122,-2.16555,-1.966547,2.63041,0.35513,2.152848,0.819175,-0.27917,3.09801,2.272273,1.148498,1.575594,2.061068,1.330065,4.177018,-0.362295,-0.111344,-0.971915,-1.313334,-2.650602,-4.024951,-2.707528,-1.714055,2.205106,0.387666,0.815731,-0.914362,1.722536,0.842222,1.553726,2.139038,-1.653165,-4.984997,3.990863,-2.35183,0.164876,-0.005487,-0.092939,1.751992,-0.144284,-5.374965,-0.051295,-0.138597,-1.006523,1.817408,1.023419,-4.094843,0.549192,3.697652,-0.074037,-2.183172,0.141657,-1.163191,-1.037531,3.368092,2.363276,1.882196,0.234247,0.018196,2.493652,-2.011205,-0.190195,2.165836,-0.539499,-2.618817,2.834655,0.028694,1.993692,0.257854,-1.491189,-1.25606,4.786434,-3.386294,-0.385835,4.20743,0.691948,-2.944028,1.899234,1.050005,-0.61939,-1.126723,-0.867342,-5.303321,3.761205,-2.958051,0.52604,-2.773753,-0.325474,2.486109,2.89448,1.96193,3.910227,-2.625502,2.669216,-0.193458,4.678343,4.990379,-2.344256,4.8009,-0.237151,3.123652,0.844262,2.490707,-3.188103,2.395004,2.286575,1.963217,-3.505856,0.460389,2.87623,1.83766,-0.497339,0.0259,-4.71927,2.718901,4.006484,3.763432,2.900078,4.95701,2.850104,4.531817,1.776065,1.873345,-2.636633,2.083454,1.738456,4.046132,3.35363,-0.945047,5.652484,6.771582,1.808452,2.157427,2.812148,5.023114,4.005395,3.112436,3.145419,4.03565,0.254503,0.797548,3.854878,1.550896,2.723885,1.297911,1.030621,2.445694,2.193891,2.051274,0.729312,5.846323,1.090019,-5.840977,-3.670616,-1.817151,-1.323152,-6.564558,-2.877136,-6.011314,-3.613663,-2.45769,-1.463316
178,0.042022,-0.870519,-0.589282,-1.047771,0.079734,-0.974947,1.862924,1.385853,-3.090151,1.351883,0.620234,-4.507443,-5.837819,0.484265,1.258573,-0.499654,0.468714,-2.973401,-0.751529,-1.206723,4.265479,3.089539,-1.253901,3.603398,-4.331392,0.145277,-0.901973,1.080152,2.170277,2.089343,-2.127877,1.377292,1.538221,2.164685,1.000418,0.093085,1.235084,0.587947,1.008883,1.086847,-3.836487,0.920949,-2.154316,-1.759035,2.421366,0.54675,2.369916,1.450914,0.205138,3.572303,2.429899,1.059501,0.976161,1.889086,1.056019,3.794484,-0.04821,0.434562,-1.130441,-1.154702,-2.657904,-4.16904,-2.767858,-1.867002,2.102352,-0.060629,1.487001,-0.968007,1.849129,0.71319,1.275234,1.925334,-1.361599,-4.681293,3.638329,-2.04214,0.398405,-0.589854,-0.190159,1.819076,0.750813,-6.054653,-0.561892,0.007842,-1.002841,1.806544,0.96573,-4.037615,0.760748,3.788186,-0.497053,-2.067323,1.217032,-1.773411,-1.098677,2.991397,2.337094,1.955178,0.062312,0.170765,2.252115,-2.954664,-0.289753,2.056704,-0.208582,-2.615577,2.616932,0.627724,2.071456,0.507993,-1.624384,-1.503072,4.948587,-3.032855,-0.275949,3.849111,0.393797,-3.046497,1.460371,1.419822,-0.585738,-1.278054,-1.126753,-6.447989,3.649541,-2.681856,0.277679,-3.657068,-0.402102,2.051173,3.316632,2.162109,3.983576,-2.008495,2.913892,-0.358093,4.696976,4.410726,-1.974721,4.740175,-0.378084,2.879572,0.397526,2.928309,-3.554341,3.018694,2.465708,1.933873,-3.248392,0.29668,2.221547,0.898742,0.001602,-0.140278,-4.54835,2.695299,4.225714,3.533597,2.445194,4.572779,2.984373,4.104633,1.255427,2.089773,-2.753835,2.537038,0.730689,3.708818,3.13244,-0.361586,6.324762,6.341157,1.591169,2.066814,3.110933,4.771128,4.347972,3.026852,3.440178,4.046578,0.409737,0.745773,3.756674,1.417746,2.985402,1.594661,1.550811,2.196372,2.746292,1.922985,0.88937,5.476347,1.533095,-5.612129,-4.420363,-1.769341,-2.075905,-5.538345,-2.891756,-5.845205,-3.109063,-3.291245,-1.187841
179,0.010391,-0.373623,-0.808899,-1.191287,0.577028,-0.791329,1.774486,1.136144,-3.10166,1.503534,0.82612,-4.205598,-4.791115,0.077651,1.881165,-0.603183,-0.097242,-2.461528,-0.369198,-0.777942,4.157724,2.512327,-1.473149,3.978251,-4.183076,0.368878,-0.955728,0.774675,2.194374,1.667974,-0.968019,1.532079,1.309277,2.170914,1.132335,0.042204,0.670092,1.217456,0.866693,0.956884,-3.046031,1.117757,-2.154407,-2.053572,2.359771,0.477238,2.143827,1.042185,-0.643939,3.132787,2.252897,0.926924,1.645828,1.971839,1.208928,4.052312,-0.175154,-0.247967,-0.592499,-1.391379,-2.622984,-4.287376,-2.815711,-1.749794,1.979082,0.656816,1.0468,-1.102339,1.693419,0.785023,1.413145,2.175204,-1.912652,-4.855872,3.873799,-2.625268,0.146543,-0.193149,-0.131398,1.686893,-0.171661,-5.613366,-0.244586,0.287975,-1.217854,1.88404,0.768763,-3.759691,0.837557,3.528782,0.2847,-2.115487,0.140078,-1.339094,-1.277597,3.535684,2.478205,2.02909,0.380549,-0.151495,2.421828,-2.251464,0.031347,2.379929,-0.419782,-2.632653,2.947836,0.217192,1.945436,0.089566,-1.027784,-1.552687,4.883279,-3.332706,0.005385,4.153945,0.837227,-3.169723,1.688971,1.011047,-0.863449,-1.171714,-0.610093,-5.17942,3.525792,-2.879398,0.425511,-2.786899,-0.429847,2.520756,3.222878,1.733202,3.693354,-2.685559,2.981014,-0.219187,4.738667,4.608366,-1.921755,4.64955,-0.078519,2.961193,0.801541,2.677607,-3.113637,2.528257,2.197899,2.04432,-3.503785,1.107816,2.72473,1.876636,-0.204359,-0.019213,-4.805928,2.533018,4.195794,3.460354,2.468321,4.84094,2.80973,4.770745,1.524078,1.906301,-2.639238,2.44685,1.36185,4.057112,3.36357,-0.754021,5.994056,6.457914,1.973552,2.079873,2.600735,4.662538,4.133111,2.866653,3.00868,3.715664,0.346879,0.623536,3.856399,1.702324,2.644143,1.848027,1.152044,2.593033,2.433692,1.986918,0.578472,5.910589,0.884625,-5.919862,-3.370997,-1.558694,-1.481834,-6.28781,-3.256501,-6.099114,-2.587651,-3.528853,-1.930441
180,0.033426,-0.639075,-0.640924,-0.669341,0.370341,-0.770387,1.299924,1.396767,-3.047021,1.634984,0.722502,-4.439448,-4.443478,0.087365,1.76308,-0.523161,-0.012688,-2.498821,-0.171525,-0.879675,4.0657,2.608982,-1.11841,3.981068,-4.409039,0.452057,-1.374537,0.815736,2.645567,1.589666,-1.298386,1.144823,1.117836,2.220917,1.235165,0.179285,0.714785,0.944783,0.678988,0.436886,-3.791351,0.732052,-2.165252,-2.142016,2.165435,0.698433,2.009599,1.381764,-0.078458,3.25937,1.849657,1.029554,1.381188,1.823964,0.949766,4.091877,-0.323398,-0.688085,-0.709667,-1.36329,-2.580544,-3.986513,-1.959907,-1.812182,1.912472,0.776774,0.672974,-0.449602,1.599828,0.806239,1.632297,2.394077,-1.745417,-5.302711,3.77808,-2.817854,0.366202,0.615527,-0.344392,1.429375,-0.044326,-5.041728,-0.712965,0.216234,-1.22005,1.842018,0.724105,-4.170835,0.778801,3.482884,-0.621361,-2.062902,0.003795,-1.359663,-1.557427,3.373045,2.760778,1.878431,0.535328,-0.523846,2.145284,-2.17455,0.070663,2.521111,-0.612733,-2.610012,2.971922,0.035844,1.801052,0.031664,-1.311035,-1.407525,4.891718,-3.181564,-0.122717,4.177871,0.854703,-3.649997,1.839096,1.079139,-0.707052,-0.468743,-0.365143,-5.39272,3.767266,-2.717204,0.280716,-2.753593,-0.778216,2.707774,2.563362,1.983509,4.145626,-3.06779,3.012971,-0.353586,4.956935,4.546222,-2.005255,4.366038,-0.657045,2.929561,0.718785,2.808973,-2.961341,2.337662,2.281997,2.012923,-3.741988,0.886262,2.941733,1.857898,0.116268,0.005665,-4.688919,2.603478,3.877417,3.79748,2.838857,5.184433,2.524294,4.528139,1.6392,1.985548,-2.812683,2.331739,1.294548,3.967592,3.877576,-1.311328,6.165624,6.633631,1.995245,1.92157,2.444847,4.69934,4.070748,2.423266,3.083656,3.443932,0.459446,0.386062,4.050866,1.555401,2.520228,1.817211,1.190003,2.750398,1.955607,1.923639,0.476256,6.114826,0.696202,-5.811617,-3.380087,-1.58051,-0.92024,-6.755581,-3.18425,-7.211246,-2.258102,-3.017635,-1.237256
181,0.022859,-0.889461,-0.763228,-1.221465,0.408686,-0.785738,1.511926,1.502388,-3.114097,1.430633,0.629926,-4.288509,-5.216954,0.215008,1.482126,-0.624906,0.394718,-2.638038,-0.692369,-0.787264,4.218872,2.649571,-0.61368,3.98096,-4.004424,0.256213,-1.001538,1.091709,2.492568,1.733283,-1.394444,1.5414,1.336092,2.27375,1.150104,0.191224,0.639101,0.828913,0.775185,0.74112,-3.656815,0.812916,-2.205402,-1.924012,2.282825,0.599686,2.221644,1.336569,-0.272825,3.403361,2.058051,1.035923,1.720136,1.738261,1.085342,4.139081,-0.249968,-0.34184,-0.748667,-1.483409,-2.615275,-4.332622,-2.661417,-2.067584,2.088684,0.568767,0.857639,-0.928838,1.579559,0.841828,1.470024,2.190169,-1.210454,-4.260717,3.732219,-2.815055,0.054354,-0.550296,-0.050802,1.578958,0.032932,-5.292818,-0.55094,0.606902,-1.496852,1.969404,0.442214,-4.558243,0.677772,3.308148,-0.145355,-2.720403,0.376031,-1.155704,-1.720851,3.446075,2.715331,1.832981,0.519364,-0.098973,2.244735,-2.499991,0.36481,2.658933,-0.57558,-2.701191,2.9529,0.3144,1.778716,0.279352,-1.456046,-1.544187,4.757912,-3.151391,-0.326228,4.238832,0.644415,-3.2754,1.847561,1.272802,-0.872106,-1.161009,-0.448067,-5.701994,3.910064,-2.905681,0.114311,-3.138698,-0.419338,2.604285,3.036695,1.796546,4.209473,-2.56769,2.982291,-0.842131,4.95084,4.34531,-1.629374,4.303124,-0.485191,2.61105,0.472532,3.021482,-3.29556,2.285548,2.34165,2.010293,-3.722978,1.145952,2.597581,1.835404,0.073826,0.337491,-4.763599,2.688317,4.32708,3.849761,2.55725,4.975648,2.55216,4.565922,1.51613,1.477672,-2.914147,2.23094,1.080031,3.810724,3.639652,-1.162311,6.18397,6.538742,2.081044,1.905677,2.664193,4.498808,4.560183,2.508513,3.225862,3.36744,0.317113,0.47281,4.117292,1.618558,2.576929,1.757139,1.438252,2.335776,2.560269,1.831651,0.379929,5.954184,0.423955,-5.277896,-3.566611,-1.278257,-1.773823,-6.75822,-3.757128,-6.408016,-2.253179,-3.170773,-1.40635
182,0.015684,-0.351389,-0.634376,-0.854248,0.428358,-0.754012,1.673146,1.5378,-3.113122,1.601905,0.848067,-4.183898,-4.885009,0.124312,1.47857,-0.341253,-0.167812,-2.706543,-0.544734,-0.821185,4.11388,2.631072,-1.189915,3.891438,-4.297636,0.057572,-0.893873,0.861557,2.39659,1.850699,-1.049479,1.395645,1.476072,2.015059,0.835504,0.198248,0.986955,1.508778,0.925899,0.510014,-3.204872,0.806466,-2.147181,-1.51924,2.261772,0.334769,2.256443,1.250232,0.178948,3.456157,2.144028,0.779294,1.356544,1.530785,1.188765,3.950693,-0.270955,-0.223616,-0.395766,-1.585839,-2.564007,-4.322466,-2.083103,-2.209486,1.943378,0.529218,1.194387,-0.582417,1.829022,0.715971,1.477914,1.935828,-1.819275,-5.030473,3.640209,-2.825836,0.200956,0.161348,-0.198182,1.596062,0.332313,-5.385217,-0.526577,0.442642,-1.103286,1.915964,0.719711,-4.09374,0.978682,3.494797,-0.346451,-1.939249,0.656533,-1.43722,-1.048683,3.159281,2.608965,2.047659,0.329487,-0.408758,2.293709,-2.488181,0.047953,2.101729,-0.27992,-2.676132,2.607208,-0.112066,1.836353,0.178998,-0.949369,-1.619983,4.932935,-3.222611,-0.448821,4.14817,0.908202,-3.514844,1.883302,1.194399,-0.784075,-0.279085,-0.577422,-5.233576,3.792208,-2.964014,0.133023,-3.075399,-0.529053,2.47825,3.219972,2.006396,3.826293,-2.474003,2.99367,-0.844636,4.663301,4.355352,-1.920758,4.582229,-0.313484,2.865877,0.844166,2.899552,-3.174919,2.464134,2.51984,1.866176,-3.849021,0.839152,2.456054,1.789595,-0.023437,0.000155,-4.616192,2.445758,3.947409,3.527653,2.219594,4.955503,2.784772,4.350634,1.553735,1.873729,-2.991306,2.262848,1.171201,3.866401,3.490115,-0.774496,6.048302,6.411856,1.68091,2.187687,2.913712,4.560233,4.403337,2.888866,3.034139,3.982005,0.568724,0.687534,3.802618,1.425023,2.989766,1.690739,1.29268,2.265093,2.513472,2.145848,0.721376,5.564779,1.161346,-5.346757,-3.415449,-1.852959,-2.054424,-5.844843,-3.184314,-5.847292,-2.811282,-3.331667,-1.510671
183,0.020321,-0.741942,-0.501241,-0.954623,0.610398,-0.329962,1.630868,1.380216,-3.058866,1.239143,0.454278,-4.898905,-5.3383,0.092878,1.713625,-0.048057,-0.702916,-2.740939,-0.48522,-0.516181,4.08443,2.74431,-1.005712,4.042884,-4.097633,0.390226,-0.492012,0.966651,2.280005,1.394151,-1.166526,1.289167,1.165149,2.31951,0.831509,0.185465,0.987978,1.609198,1.093939,1.046142,-2.51977,0.894296,-2.171556,-1.405528,2.302459,0.407799,2.421267,1.156889,-0.48601,3.290151,2.169211,1.317761,1.873597,1.745792,1.118043,4.008117,-0.299613,-0.160488,-0.385785,-1.351972,-2.583946,-4.558148,-2.894132,-1.730299,2.019074,-0.192643,1.26608,-1.602727,1.619269,0.812703,1.473631,2.166093,-1.960778,-4.76648,3.53171,-2.598302,0.183118,-0.093215,-0.381073,1.419194,0.238049,-6.035816,-0.789843,0.428623,-1.491716,2.113592,0.469467,-4.005452,0.807064,3.415021,0.19888,-1.933592,0.816866,-1.096584,-1.623886,3.378637,2.319021,2.15613,0.131395,0.052544,2.280084,-2.725543,0.082219,2.735175,-0.192835,-2.654261,2.829014,0.213659,2.063057,0.266231,-1.399094,-1.957624,4.998467,-3.25563,-0.266887,3.977536,0.576876,-3.43936,1.729872,1.162968,-1.030554,-0.931293,-0.448931,-5.032268,3.087047,-3.075943,0.716804,-3.048278,-0.592614,2.610903,2.780699,1.740745,3.879967,-2.592853,2.990726,-0.169575,5.150296,4.332805,-1.508581,4.188449,-0.169521,3.022936,0.678016,3.230985,-3.333219,2.310943,2.116279,2.031205,-3.45857,1.244515,3.070742,1.569874,-0.027228,0.00307,-4.585274,2.607724,4.168631,3.376869,2.82159,4.916805,2.361321,4.697593,1.650785,1.696449,-2.509561,2.251718,1.34569,3.995645,3.473544,-0.657905,6.442283,6.602801,1.972323,1.959105,2.2312,4.57476,3.895368,2.245453,3.186665,3.346012,0.247601,0.220206,3.842643,1.997199,2.394811,1.818579,1.306081,2.905241,2.286304,1.654157,0.959106,6.310417,0.39987,-6.225302,-3.327538,-1.051187,-0.906194,-6.535095,-3.432248,-7.188607,-1.981101,-3.119817,-1.433241
184,0.009766,-1.212626,-0.831402,-0.895119,0.284104,-1.136748,1.722397,1.126081,-3.131416,1.793359,0.513855,-4.891859,-5.081636,0.513558,1.245801,-0.478747,1.089814,-2.246014,-0.767319,-1.304211,4.474886,2.94102,-1.196216,3.834599,-4.063729,0.317934,-1.957599,1.335074,2.756184,2.02767,-1.942641,1.795119,1.282155,2.081156,1.350285,-0.22756,0.981858,0.368353,0.341109,0.899655,-4.288068,0.899185,-2.191797,-2.278214,2.665426,0.729005,2.156038,1.284053,-0.581283,3.561609,2.23298,1.110394,1.776075,1.779584,0.700643,4.134009,0.011677,-0.196314,-1.140751,-1.244817,-2.674743,-4.40594,-2.871322,-1.965489,2.126874,0.416006,1.101059,-0.303231,1.958814,0.671287,1.41014,2.141007,-1.362997,-4.996396,3.831939,-2.14682,-0.039809,-0.281089,0.180378,1.753365,0.290037,-5.261498,0.338959,-0.200025,-1.220609,1.823339,0.661904,-4.407269,0.483175,3.594277,-0.112112,-2.494843,0.447464,-1.290521,-1.60201,3.209437,2.550778,1.900076,0.285108,0.0564,2.179069,-2.357621,0.067954,2.696227,-0.627866,-2.716569,3.033494,0.372006,1.733979,0.102666,-1.853948,-1.053162,5.021888,-3.5678,-0.350739,3.973837,0.697588,-2.794607,1.889746,1.568137,-0.373443,-1.268312,-0.66472,-6.29352,4.226643,-2.625176,0.301832,-3.337778,-0.530717,2.487878,3.180646,1.992341,4.511682,-2.229287,2.971068,-0.640183,4.916684,4.819833,-1.700068,4.685702,-0.914024,2.579366,0.20714,2.895844,-3.550155,2.619561,2.574209,1.888393,-3.534532,0.28939,2.419224,1.143659,-0.223376,0.250765,-4.739209,3.174074,4.271,4.193738,3.096228,4.710655,2.997729,3.947843,1.542074,1.961795,-2.40913,2.088127,1.113197,3.837147,3.5323,-1.490818,6.115156,7.018098,1.959749,1.98705,2.869579,5.1585,4.445002,2.883895,3.573833,3.796202,0.139081,0.5265,4.1924,1.185611,2.772028,1.663729,1.38649,2.376693,2.604563,1.602189,0.458856,5.586476,0.748766,-5.1053,-4.661096,-1.355384,-1.538019,-6.882739,-3.191712,-6.397845,-3.537656,-2.774576,-0.892363
185,0.017336,-0.824845,-0.782927,-0.860578,0.59991,-0.600437,1.370696,1.112341,-3.160228,1.883574,0.752109,-4.775262,-4.583025,0.199778,1.612564,0.026467,0.158973,-2.36972,-0.186542,-0.613306,4.207018,2.698242,-1.074355,4.15309,-4.408613,0.494203,-0.948186,1.436287,2.839574,1.588253,-1.086696,1.585644,0.972113,2.453573,1.211126,0.095706,0.765994,1.13128,0.40367,0.899325,-3.225322,1.055753,-2.25316,-1.477277,2.404209,0.640531,2.223145,0.921751,-0.381351,3.240548,2.046095,1.378696,1.932273,1.788582,1.127178,4.456718,-0.166508,-0.240677,-0.566635,-1.462088,-2.645184,-4.275294,-2.449123,-1.673477,2.25773,0.419955,0.877196,-0.64612,1.68842,0.933923,1.468208,2.240848,-1.502095,-4.753112,3.942372,-2.655241,0.10703,0.357803,-0.138645,1.515506,0.08996,-5.394855,-0.128922,0.026114,-1.429349,2.105623,0.462126,-4.36632,0.513264,3.586323,-0.040558,-2.443795,0.245861,-1.151657,-1.529572,3.263008,2.512154,2.029931,0.398735,-0.012457,2.274158,-2.298104,0.21801,2.773238,-0.430648,-2.672556,3.022301,0.355621,1.80364,0.159201,-1.677161,-1.123211,4.839997,-3.583924,-0.437018,4.289203,0.968891,-3.350579,2.118013,1.125483,-0.861338,-0.411788,-0.523639,-5.608508,3.999487,-3.10885,0.654348,-2.969317,-0.499942,2.651627,2.859662,1.695575,4.249575,-2.552358,2.684269,-0.42066,4.791664,5.126234,-1.761795,4.730601,-0.470785,3.062235,0.629861,2.626665,-3.397401,2.207545,2.197619,1.975399,-3.838079,0.82287,3.101028,1.673527,-0.410969,0.28414,-4.724386,2.90362,4.069628,4.001873,3.310726,5.031123,2.7399,4.559525,1.693918,1.705677,-2.590864,1.914644,1.681332,4.04606,3.746585,-1.251676,5.659559,7.215213,2.14906,1.988693,2.691181,5.215304,4.136756,2.734038,3.133919,3.882721,-0.006656,0.552173,4.175396,1.759686,2.637781,1.469086,1.186301,2.430667,2.233228,1.970299,0.429965,5.998631,0.590997,-5.556701,-3.812029,-1.238413,-1.076955,-7.530226,-2.81034,-6.343235,-3.362257,-2.448261,-1.561041
186,0.031223,-0.303612,-0.723398,-0.688593,0.44643,-0.846133,1.880082,0.79644,-3.063562,1.262947,1.033142,-4.527833,-4.587575,0.450143,1.703549,-0.253083,-0.435345,-2.722485,-0.278256,-0.872625,4.11192,2.80593,-1.763844,4.036892,-4.571956,0.418674,-0.509152,0.719118,1.934008,1.792371,-1.322881,1.369879,1.197646,2.433326,1.136707,0.441837,0.902363,1.492477,1.296124,0.99894,-3.064593,1.246897,-2.139646,-1.934272,2.518864,0.271876,2.311775,0.927127,-0.335403,2.968652,2.606562,1.213106,1.269057,2.17096,1.544445,3.738858,0.088275,0.342735,-0.690939,-0.880743,-2.62103,-3.984004,-2.725368,-1.227375,2.073958,0.583387,1.363856,-1.393903,1.80893,0.985747,1.502623,2.057424,-2.018809,-4.742985,3.961439,-2.47719,0.415339,-0.128593,-0.796479,1.608402,-0.119439,-6.067175,-0.607293,-0.308738,-0.58606,2.070311,1.083745,-3.031325,0.724577,3.656716,0.005958,-1.570861,0.492343,-1.782368,-0.887304,3.220462,2.2035,1.89944,0.447107,0.050594,2.655521,-2.376501,-0.10631,1.971366,0.044496,-2.613235,2.66332,0.592473,2.196797,0.662243,-0.93205,-1.513942,4.799448,-3.29701,-0.012219,4.036479,0.745071,-3.256152,1.274754,1.0445,-0.527112,-1.109848,-0.976964,-5.29713,3.043489,-3.123796,0.590374,-2.93566,-0.459071,2.156239,3.369082,2.343954,2.990019,-2.108141,2.778951,0.145311,4.92229,4.305685,-2.369885,4.900817,0.315387,3.027677,0.725706,2.671318,-2.479026,2.404593,2.65624,1.982398,-2.921441,0.887096,2.505279,2.294212,-0.662331,0.235898,-4.698627,2.761956,4.664385,3.029443,2.311979,4.849783,2.914823,4.837278,2.007239,1.692421,-2.585963,2.400952,1.502218,3.454858,2.723236,-0.350984,6.189372,5.801403,1.412452,2.587279,2.77411,4.063245,4.11018,3.568578,3.333854,4.396415,0.734685,1.279355,3.267385,1.433758,2.678916,1.891627,1.140254,2.08117,2.6215,2.008414,1.211593,5.318011,1.23509,-5.99192,-3.285239,-1.853199,-2.500766,-4.467916,-4.080902,-5.392454,-3.00262,-2.882927,-1.92118
187,0.019517,-0.637386,-0.430107,-1.348119,0.048519,-0.676985,2.151982,1.100396,-3.046164,1.323183,0.779612,-3.882182,-5.14258,0.594971,1.292902,-0.577374,0.054388,-3.158193,-0.730966,-1.148499,4.157734,2.957404,-2.084215,3.930858,-4.430556,0.350265,-0.69371,1.142729,1.996714,2.15642,-1.830766,1.462311,1.266852,2.308548,1.187726,0.454398,1.167395,0.802347,0.928226,1.02352,-2.9581,1.100817,-2.121205,-2.243433,2.571787,0.333299,2.578885,1.106452,-0.427651,3.406089,2.422537,1.012823,1.281257,1.743978,1.460836,3.645343,-0.090484,0.251612,-0.966934,-1.398043,-2.565375,-3.642549,-2.768811,-1.298974,1.937288,0.270719,1.450385,-1.082011,2.104637,0.944987,1.561299,2.162345,-1.614694,-4.5086,3.913588,-1.798252,0.166258,-0.273994,-0.62165,1.81615,0.324552,-5.660632,-0.620625,-0.299312,-0.834803,1.749498,0.77401,-3.127569,0.844519,3.675056,-0.016555,-1.800424,0.740892,-1.585493,-0.861766,3.011264,2.281605,2.294048,0.191688,0.132217,2.649674,-2.644129,-0.368704,1.966863,-0.165287,-2.631517,2.692821,0.467618,1.922784,0.787308,-1.119186,-1.458163,5.04856,-2.869254,0.234201,3.9176,0.698289,-2.793334,1.350708,1.236993,-0.556969,-1.163958,-0.815609,-5.731083,3.177432,-2.535764,0.554962,-3.70097,-0.160039,1.950426,3.228342,2.376536,3.705404,-2.003151,2.512759,-0.482803,4.657065,4.430584,-2.151835,4.919976,-0.221847,2.817317,0.484765,2.414736,-3.037107,2.825461,2.535386,1.899155,-3.096848,0.28562,2.145793,1.414709,-0.243006,0.285838,-4.707257,2.814009,4.46227,3.547716,2.610664,4.737365,2.945686,4.242868,1.610636,1.852556,-2.471953,2.534934,1.037472,3.658422,2.870136,-0.586763,6.101797,5.967363,1.621197,2.507412,3.101513,4.637856,4.052956,3.675831,3.432835,4.575263,0.349837,1.36993,3.487065,1.10343,2.998172,1.823279,1.189247,2.357645,2.454302,2.09997,0.788999,5.161097,1.253695,-5.649678,-4.347071,-2.14322,-2.343993,-5.435996,-3.12303,-5.086825,-3.700743,-2.256058,-1.113131
188,0.015083,-0.745204,-1.05895,-0.604931,0.333537,-0.842378,1.72446,1.170101,-3.078084,2.024325,0.720573,-4.787176,-4.898392,0.54348,1.380778,-0.662823,0.412358,-1.814759,-0.927724,-0.973435,4.467181,2.786351,-0.490601,4.023001,-3.967748,0.013969,-1.376245,1.089411,2.742655,1.737803,-1.561743,1.769771,1.336025,1.967398,0.937085,-0.143305,0.835981,0.833978,0.663876,0.913484,-3.639477,1.10446,-2.107881,-1.566255,2.625043,0.280501,2.165626,0.921934,-0.230757,3.361185,2.001454,1.008826,1.680782,2.101601,1.019453,4.177354,-0.189572,-0.081486,-1.032391,-1.100951,-2.705324,-4.368305,-3.084732,-2.162093,2.301061,0.271041,1.473235,-0.684906,1.79379,0.51432,1.352148,2.084836,-1.531184,-4.980383,3.754173,-2.106372,0.156687,-0.457691,0.359583,1.797512,0.158833,-5.173282,0.431635,-0.159947,-1.244056,1.724364,0.991461,-4.453945,0.416754,3.864637,0.432189,-2.282056,0.445175,-0.961169,-1.317465,3.395342,2.3346,1.851222,0.242225,0.170144,2.338635,-1.943897,-0.076494,2.320031,-0.468009,-2.675267,2.982046,0.284456,2.260908,0.003822,-1.643224,-1.078825,4.888612,-3.052876,-0.685849,4.099741,0.520395,-2.58226,1.922491,1.406989,-0.659944,-1.461482,-1.155103,-5.240405,4.035488,-3.017587,0.550177,-2.32251,-0.381041,2.356309,3.068622,1.797466,4.207316,-2.466025,2.930239,-0.537866,4.639804,5.075407,-1.75135,4.72579,-0.625636,3.146191,0.729201,2.652998,-3.660288,2.976951,2.205055,2.25308,-3.407017,0.008856,2.74912,0.946169,-0.526318,-0.275235,-4.660094,2.757328,3.796264,3.721073,3.012189,4.53702,3.225533,3.943998,1.325928,2.180068,-2.508875,2.29473,1.447653,4.339249,3.244326,-0.939135,5.552611,7.09874,1.911182,2.043268,2.951973,5.6249,3.879292,2.931544,3.285047,3.826785,-0.15185,0.327098,4.070454,1.449407,3.044755,1.198921,1.054305,2.494674,2.33316,1.916929,0.552221,5.887866,1.43533,-5.747971,-4.397099,-1.71119,-0.852731,-6.85789,-2.224951,-6.0797,-3.934936,-3.024595,-0.984792
189,0.029114,-0.816106,-0.682018,-0.928116,0.958232,-0.801902,1.828645,1.260296,-3.066936,1.503402,0.604205,-4.588173,-4.807213,0.664644,1.297449,-0.654252,-0.255016,-2.237298,-0.502559,-0.452294,4.125665,2.649963,-0.594452,3.933264,-4.784183,0.22563,-0.920749,1.112928,2.543118,1.479962,-1.740674,1.725014,1.257633,2.207389,1.398897,0.658315,0.896197,1.365521,0.995001,0.708538,-3.564398,1.082489,-2.137305,-1.934306,2.508936,0.338498,2.488946,1.264596,0.071825,3.327246,2.397191,1.266286,1.621521,1.948378,1.445964,4.059803,-0.435738,-0.151245,-0.986226,-1.509735,-2.60094,-4.356625,-2.65179,-1.892572,2.281188,0.443357,0.818252,-0.73621,1.339459,0.813587,1.645854,2.135849,-1.888592,-4.908666,3.752831,-2.78242,0.021641,-0.012406,-0.074424,1.87265,-0.001616,-5.424393,-0.343034,0.746918,-1.247777,2.463976,0.583224,-4.012495,0.983859,3.306898,-0.325773,-2.195436,0.40902,-0.910431,-1.088832,3.589479,2.441667,1.550911,0.551324,-0.108867,2.298413,-2.468585,0.222209,2.404031,-0.564296,-2.674576,2.637224,0.574151,2.073649,0.445924,-1.412768,-1.555308,4.834458,-3.532462,-0.084046,4.123214,0.949719,-3.197773,1.792105,1.160624,-0.792513,-0.74173,-0.35344,-5.890995,3.469314,-3.078722,0.454707,-3.290348,-0.600369,2.448166,2.987926,1.688042,3.804669,-2.689735,2.676322,-0.55865,4.835771,4.802073,-1.897965,4.735119,-0.190263,3.068748,0.624049,2.660864,-3.434452,2.208858,1.980227,1.864722,-3.535023,1.048167,2.908694,1.703213,-0.296665,0.702959,-4.778923,2.517278,4.388354,3.53482,2.658207,5.100245,2.740065,5.015073,1.481792,1.641252,-2.954857,2.053827,1.409496,3.986729,3.214299,-0.392565,5.946709,6.745872,2.152301,1.929491,2.720084,4.773521,4.182582,3.083829,2.978251,3.858897,0.249653,0.780743,3.685553,1.890851,2.472518,1.492671,1.204727,2.225415,2.32977,1.898704,0.32888,6.067501,0.728751,-5.981846,-3.230471,-1.137611,-1.540486,-6.776357,-2.994733,-5.811993,-2.846666,-2.597168,-2.267415
190,0.007887,-0.65974,-0.903531,-0.709956,0.467415,-1.173187,1.888327,1.290673,-3.132521,1.662321,0.600239,-4.348079,-4.890069,0.419636,1.512248,-0.910562,0.151753,-2.834036,-0.498518,-1.302013,4.224058,2.650936,-1.715677,3.869172,-4.669079,0.197028,-1.698782,0.904552,2.292635,2.059163,-1.589688,1.604368,1.3687,1.930677,1.238066,0.165359,1.016539,0.917591,0.746659,0.840199,-3.879589,0.756305,-2.162746,-2.288399,2.496653,0.437213,2.129917,1.144239,-0.36399,3.376825,2.344476,0.745532,1.31436,1.678525,1.020691,3.930747,-0.416326,-0.30125,-0.913478,-1.179379,-2.643214,-4.478939,-2.815073,-1.957992,1.898629,0.359573,1.131904,-0.602447,1.810122,0.67562,1.502675,2.28488,-2.100828,-5.53947,3.707253,-2.397065,0.140963,0.107397,-0.3146,1.76483,0.152215,-5.86394,-0.247499,0.148819,-0.87466,1.934046,0.70689,-3.776855,0.978186,3.607415,-0.23551,-1.795044,0.231977,-1.865912,-1.140363,3.366739,2.61079,2.00298,0.436862,-0.026502,2.265947,-2.415133,0.247441,2.265522,-0.314468,-2.702219,2.879194,0.165132,1.86651,0.300961,-1.367361,-1.361411,5.083545,-3.602119,-0.248023,4.130147,0.79028,-3.262884,1.648729,1.382997,-0.592448,-1.048175,-0.536147,-5.731472,3.599848,-2.782615,0.263856,-3.529034,-0.621158,2.237576,2.966288,2.256766,3.831384,-2.531055,2.818415,-0.557947,4.625364,4.560207,-2.130127,4.873948,-0.620852,3.099998,0.602519,2.484355,-3.294074,2.705582,2.279675,1.867141,-3.380126,0.2558,2.46114,1.45894,-0.14676,0.161456,-4.810312,2.603676,4.04562,3.578214,2.695741,5.0595,3.089325,4.357575,1.518816,2.110101,-2.448466,2.514787,1.136816,3.89825,3.200856,-0.894173,6.110283,6.374489,2.197824,2.289766,2.960417,4.865763,3.834628,3.303278,3.21441,4.18722,0.479466,0.989508,3.746507,1.42189,2.919223,1.90902,1.123482,2.340122,2.254178,1.899233,0.44064,5.600843,1.324917,-5.994424,-3.995129,-1.993232,-1.520694,-5.972739,-2.713798,-5.78519,-3.301608,-2.599982,-1.581451
191,0.017391,-0.767559,-0.520361,-1.254352,0.20408,-0.594064,2.37973,1.46292,-3.1255,1.323848,0.764904,-4.131351,-5.705769,0.570041,1.668889,-0.635942,-0.020171,-2.284827,-0.874505,-1.309443,4.579973,2.8966,-1.733778,3.823458,-3.900164,0.218869,-0.680466,1.065967,2.317305,1.685074,-1.443918,1.782982,1.724647,1.924605,1.065123,0.307883,1.011888,1.142694,0.94465,1.17015,-3.002553,1.02323,-2.166095,-1.738657,2.539967,0.290493,2.424008,1.221455,-0.961723,3.699717,2.294526,0.859886,1.478901,1.966084,0.91136,3.891061,-0.329917,-0.247352,-0.356495,-1.312772,-2.665765,-4.364885,-2.975344,-2.258632,1.998308,0.424365,1.625753,-1.39363,1.930249,0.475693,1.176823,1.984505,-1.822156,-4.885798,3.556664,-1.972257,0.160961,-0.401501,0.087362,1.969362,0.558495,-5.981735,-0.311371,0.170654,-1.300219,1.95585,0.572543,-3.844282,1.072745,3.631835,0.427208,-2.040865,0.820617,-1.459154,-1.265459,3.647137,2.671407,2.2271,0.503616,-0.233112,2.24394,-3.07133,0.166981,2.05179,-0.563988,-2.725111,3.009271,0.16702,2.244532,0.147935,-1.284904,-1.315463,5.322532,-2.901809,-0.225941,3.870497,0.467125,-2.7358,1.593825,1.453578,-0.792205,-1.444746,-0.722306,-5.782593,3.628035,-2.628897,0.516532,-2.793053,-0.677176,2.55841,2.968143,1.99978,4.04489,-2.888298,3.385767,-0.518128,4.908151,4.443421,-1.812857,4.566295,-0.821563,3.033096,0.773795,3.142202,-3.376444,3.030852,2.410493,2.229772,-3.453445,0.6741,2.423195,1.151361,-0.108052,-0.358553,-4.742904,2.602947,4.138258,3.63002,2.710713,4.9285,3.02769,4.2808,1.393241,2.281893,-2.578332,2.979858,1.149711,3.852941,3.561658,-0.782499,6.645761,6.514308,1.966419,2.380839,2.843006,4.953863,3.876513,2.884113,3.257518,3.663378,0.451564,0.356701,4.160349,1.216361,2.880236,2.076696,1.277469,2.897022,2.201969,1.680748,0.502628,6.016396,1.346186,-5.977164,-4.30566,-2.144599,-0.914801,-6.222264,-3.101739,-6.81426,-2.60586,-3.47398,-1.011814
192,0.012416,0.005668,-0.719451,-0.367226,0.365381,-1.060663,1.564179,1.354733,-3.134523,2.62345,0.955466,-3.681198,-3.811828,0.020502,1.543791,-0.925771,0.091437,-2.688247,-0.664924,-1.314974,3.806459,2.659577,-1.595157,3.819077,-4.897781,0.01509,-1.65347,0.889469,2.196329,2.218534,-1.472994,1.187351,1.256103,1.90159,0.939454,0.05099,1.265684,1.02142,0.604274,0.558499,-3.884944,0.835475,-2.142808,-2.660592,2.424476,0.008797,2.313787,1.006276,0.56213,3.242202,2.377301,0.595413,0.743599,1.752825,1.531569,3.60449,-0.006076,-0.441493,-0.809345,-0.76673,-2.642267,-4.237622,-2.568587,-2.067285,1.82098,0.761561,1.575521,0.462364,1.666925,0.555759,1.605724,2.219335,-2.020088,-5.998637,3.938138,-2.648705,0.162304,0.762354,-0.504468,1.700525,0.073031,-5.167972,0.191004,0.012871,-0.196269,1.614807,1.090373,-3.247439,1.212454,3.978762,-0.664606,-1.180492,0.322149,-2.294613,-0.860794,2.967832,2.685455,1.918413,0.297921,0.074387,2.406048,-1.367022,0.112893,1.508587,0.217587,-2.641389,2.364852,0.198828,1.900404,0.338784,-0.640622,-1.153662,5.149774,-3.108795,-0.309866,4.22584,0.953813,-3.472528,1.828949,1.169511,-0.759854,-0.366772,-0.67054,-5.052219,3.785638,-3.285739,0.180873,-2.852373,-0.438714,2.073088,3.52029,2.236177,3.623032,-2.410972,2.670338,-0.636482,4.455163,4.390768,-2.819089,4.828582,0.038969,3.09745,1.158459,2.385738,-2.951368,2.800386,2.398429,1.449977,-3.451322,0.10957,2.357678,2.009695,0.06841,0.032742,-4.697146,2.368328,3.93396,3.200428,2.076678,4.862846,3.086826,4.501664,1.742698,2.16349,-2.66759,2.375928,1.533876,3.96034,3.073087,-0.81071,5.910649,5.918367,1.380905,2.551284,3.037361,4.528914,4.357116,3.484503,2.950696,4.412009,0.307364,1.461248,3.600734,1.401954,2.863394,1.683077,1.043612,2.177882,2.603417,2.437332,0.970751,5.518993,1.742112,-5.818927,-3.506722,-2.154932,-2.354341,-5.228017,-3.114773,-4.962034,-3.670034,-3.087046,-1.525064
193,0.04247,-0.965439,-0.823982,-0.791075,0.144708,-0.996859,1.733779,1.360136,-3.106951,1.583751,0.712396,-4.122499,-4.46737,0.549222,1.4226,-0.788064,0.523759,-2.46124,-0.945336,-1.183264,4.459336,2.66722,-1.049311,3.877164,-3.898396,-0.009852,-1.595357,0.880742,2.72113,1.799649,-1.818571,1.697691,1.488469,2.128727,1.342697,0.42612,0.691588,0.80683,0.404441,0.523464,-4.029315,0.816774,-2.166756,-1.989484,2.444326,0.521183,1.898206,1.245793,-0.370929,3.570279,2.079582,1.057624,1.645968,1.698876,0.917709,4.09956,-0.167773,-0.747645,-0.667452,-1.129243,-2.588739,-3.640733,-2.014811,-2.325482,1.959774,1.280614,0.549332,-0.284265,2.017271,0.56526,1.408469,2.052676,-1.084275,-4.904499,3.600541,-2.579003,0.100929,0.008105,-0.105784,1.41939,0.133409,-4.832728,-0.362909,0.153602,-1.260979,1.887495,0.516762,-4.619445,0.516255,3.483629,-0.502463,-2.15936,0.133713,-1.184923,-1.791433,3.436433,3.011862,1.871518,0.747445,-0.612438,2.1296,-2.260415,0.496349,2.339274,-0.985071,-2.704422,3.024133,0.177552,1.730133,0.105928,-1.435448,-1.021784,4.954473,-3.024403,-0.646571,4.102359,0.867412,-3.274658,1.908517,1.332506,-0.615608,-0.767481,-0.122385,-5.909565,4.08413,-2.818152,0.215455,-2.752927,-0.761954,2.480278,2.456391,2.077215,4.249269,-2.760613,2.913783,-1.201848,4.6467,4.645441,-1.669077,4.560489,-1.094412,2.780688,0.413086,2.65076,-2.898789,2.484515,2.416358,1.998973,-3.467833,0.506043,2.415099,1.66074,-0.084207,0.371306,-4.660254,2.529847,3.763377,4.123517,2.659314,5.271955,2.778702,3.952797,1.618835,1.779156,-2.787925,2.38834,1.310392,3.727969,3.805731,-1.577961,5.97088,6.784437,2.236448,2.080702,3.00693,5.042792,4.124441,2.850633,3.028446,3.652506,0.463993,0.685587,4.13271,0.761918,2.889444,1.826856,1.078857,2.199199,1.895512,1.816531,-0.015036,5.780049,0.864114,-5.128419,-3.711357,-2.213237,-1.485464,-6.570331,-2.88701,-6.513667,-3.172522,-2.576073,-0.906444
194,0.03589,-1.110162,-0.892131,-1.211013,0.708731,-0.837564,1.787234,1.150694,-3.176528,1.58123,0.493143,-4.570308,-4.992321,0.663033,1.441916,-0.400789,0.199648,-2.366147,-0.310041,-0.506196,4.368003,2.563329,-0.936737,4.021505,-4.45053,0.274108,-0.937543,1.255952,2.806413,1.384688,-1.518596,2.163699,1.359988,2.501494,1.483917,0.391755,0.570853,1.159202,0.389607,1.026468,-3.243054,1.209974,-2.185592,-1.681876,2.502547,0.633996,2.162457,1.060847,-0.649229,3.43183,2.325195,1.375255,2.220891,1.803932,1.043871,4.492596,-0.283975,-0.362133,-0.947522,-1.462744,-2.620645,-4.372643,-2.800718,-2.120597,2.339913,0.563197,0.545716,-0.92848,1.554798,0.766379,1.395737,2.20278,-1.675807,-4.657139,3.784902,-2.680677,0.055526,-0.094382,0.014892,1.624339,0.02999,-5.578984,-0.136487,0.503232,-1.690904,2.318523,0.314435,-4.68707,0.589383,3.293468,0.020318,-2.577816,0.043366,-0.929834,-1.689569,3.453802,2.573832,1.834002,0.517962,-0.223232,2.078337,-2.581786,0.226096,2.919972,-0.874966,-2.714398,3.025837,0.652079,1.798939,0.024465,-1.824442,-1.168848,4.914136,-3.703584,-0.40452,4.234567,0.917837,-3.308131,1.984606,1.060012,-1.048379,-0.987558,-0.391331,-6.15806,4.095355,-2.860604,0.580869,-3.492315,-0.459205,2.478784,2.664183,1.88025,4.252812,-2.738276,2.640707,-0.8631,4.79421,5.078311,-1.658605,4.729235,-0.817707,2.849522,0.336085,2.727134,-3.372295,2.14378,2.160724,2.11524,-3.654543,1.040243,2.979594,1.676046,-0.346914,0.752349,-4.94261,2.731697,4.315434,4.005653,3.074346,5.279554,2.73005,4.743675,1.714148,1.311304,-2.566233,2.059835,1.448794,3.782466,3.676492,-1.082085,5.724025,7.199412,2.460872,2.127059,2.768213,5.290259,4.058082,3.057118,3.147848,3.942233,0.249523,0.675057,4.083618,1.370233,2.600278,1.671922,1.093534,2.266477,2.028541,1.884134,-0.051332,5.983784,0.335039,-5.714315,-3.512456,-1.737524,-1.380652,-7.529757,-2.998599,-6.101028,-3.151204,-2.159827,-1.768113
195,0.013568,-0.837613,-0.710148,-1.199845,0.15048,-0.852381,2.017487,1.193658,-3.104532,1.443009,0.768688,-4.113729,-5.278183,0.288607,1.404578,-0.629946,0.342934,-2.763002,-0.761189,-1.40468,4.362751,2.882129,-1.723317,3.829152,-4.16837,0.13252,-1.510583,0.814563,2.103062,2.232636,-1.57011,1.464636,1.544762,2.015604,1.006549,-0.115883,1.097161,0.977079,0.798191,0.930387,-3.309376,0.657647,-2.144732,-1.857725,2.524375,0.359555,2.210883,1.251343,-0.196835,3.571468,2.347509,0.781655,1.233698,1.76438,1.020066,3.828233,0.039695,0.093204,-0.64036,-1.215045,-2.667503,-4.176513,-2.559572,-1.88763,1.83198,0.261185,1.48268,-0.811027,2.040243,0.745753,1.297927,2.069338,-1.826142,-4.93975,3.767558,-2.145596,0.118943,-0.478966,-0.27778,1.65342,0.490179,-5.843633,-0.246202,-0.196883,-0.844689,1.755742,0.908579,-3.726414,0.765058,3.67913,0.006303,-1.780498,0.7543,-1.630038,-1.284787,3.148116,2.526528,2.157206,0.268211,-0.045923,2.478066,-2.602558,0.323799,2.028598,-0.244675,-2.655679,2.82034,0.184896,1.875034,0.26775,-1.331971,-1.342015,5.140472,-3.270001,-0.346098,4.018511,0.631996,-2.960598,1.518546,1.533055,-0.348711,-1.294683,-0.760727,-5.582443,3.602484,-2.719266,0.202981,-3.223041,-0.445763,2.218021,3.313243,2.233538,4.151128,-2.089341,2.98218,-0.520492,4.630329,4.482018,-1.881047,4.663465,-0.49402,2.859107,0.533249,2.863041,-3.241565,3.014772,2.514062,2.008825,-3.411808,0.293896,2.162522,1.144931,0.00682,-0.286825,-4.683157,2.7321,4.053874,3.881033,2.589889,4.623946,3.051263,3.905412,1.448392,2.324273,-2.465927,2.599549,0.86526,3.949093,3.42383,-0.868239,6.172358,6.443889,1.821309,2.22568,3.123855,5.057216,4.318201,2.978906,3.410197,4.057452,0.319251,0.737799,3.945929,1.328845,3.228082,1.822669,1.414824,2.581262,2.615703,1.972248,0.927235,5.407385,1.322867,-5.512214,-4.448828,-1.897955,-1.901322,-5.943212,-2.801689,-6.204972,-3.211124,-3.586088,-0.819535
196,0.026233,-0.607448,-0.950541,-0.731853,0.381017,-0.719842,1.634776,1.430526,-3.053426,1.914482,0.747201,-3.906569,-4.60615,0.425255,1.656293,-0.896192,0.174211,-2.429824,-0.818269,-1.011166,4.260537,2.647532,-0.623889,4.001651,-3.968088,-0.248537,-1.516084,0.904485,2.581508,1.674688,-1.28692,1.586386,1.471258,1.687889,0.701526,0.152447,0.965566,1.212208,0.359804,0.781344,-3.47007,0.654575,-2.120158,-1.779893,2.459388,0.128426,2.148956,1.14798,0.021042,3.452898,1.881132,0.676251,1.368958,1.81062,1.141644,4.118676,-0.334129,-0.605614,-0.757395,-1.140101,-2.613639,-4.074468,-2.510614,-2.390487,2.04407,0.388705,0.974825,-0.428791,1.599601,0.406857,1.457772,2.064413,-1.691972,-5.318409,3.575677,-2.595978,0.132849,-0.011023,0.044641,1.39663,0.348015,-4.940582,-0.143534,0.224933,-1.046669,1.754229,0.631973,-4.37395,0.911574,3.719429,-0.039244,-1.910389,0.231325,-1.163773,-1.459086,3.468843,2.680026,1.824715,0.647911,-0.362417,2.185177,-2.064279,0.29053,2.251993,-0.393473,-2.639378,2.810823,-0.134999,2.031126,-0.015337,-1.264622,-1.090568,4.988077,-2.923491,-0.858806,4.126287,0.68802,-3.360913,1.924839,1.306525,-0.940571,-0.914055,-0.375681,-4.959751,3.814813,-2.943124,0.320432,-2.389423,-0.603979,2.426333,2.556566,1.90931,4.153449,-2.690189,2.871228,-0.966793,4.444886,4.673695,-1.732934,4.715903,-0.83959,3.180882,0.774646,2.679341,-3.499707,2.621883,2.087464,1.891625,-3.595764,0.501838,2.579243,1.299944,-0.078267,-0.051729,-4.691994,2.17424,3.471717,3.918542,2.723915,5.133043,2.79974,4.131717,1.373393,2.076042,-2.686618,2.465011,1.404886,4.061835,3.655267,-1.09828,5.940038,6.77056,2.308448,1.954215,2.893858,5.205945,3.922252,2.589036,2.944193,3.657295,0.381092,0.419364,4.114553,1.445847,2.818474,1.491507,1.168572,2.456859,1.983895,1.902579,0.394484,6.080187,1.221163,-5.714928,-3.628925,-1.937009,-0.95258,-6.890616,-2.201149,-6.564117,-2.916451,-2.897418,-1.40638
197,0.034692,-0.744352,-0.888355,-1.250809,0.132118,-0.81867,1.970502,1.36692,-3.079468,1.300651,0.776224,-3.721441,-5.061727,0.2984,1.426976,-1.131882,0.113163,-2.519641,-0.985875,-1.278901,4.441535,2.719544,-0.999957,3.964804,-4.051725,-0.158779,-1.403288,0.761672,2.133871,1.891253,-1.543004,1.44701,1.47923,1.936289,0.795013,0.262925,0.826045,0.730549,0.833976,0.721343,-3.561293,0.62305,-2.153058,-1.936674,2.414128,0.133925,2.196312,1.183177,-0.309931,3.48275,2.018253,0.498558,1.230123,1.868794,1.084731,3.920288,-0.269792,-0.297655,-0.746615,-1.415017,-2.623537,-4.037603,-2.519205,-2.195858,1.956122,0.524512,1.071667,-1.149724,1.889417,0.584382,1.482935,2.250903,-1.608636,-4.594083,3.731788,-2.21995,-0.046626,-0.616598,-0.22487,1.721685,0.055256,-5.187465,-0.245404,0.046124,-1.16008,1.507584,0.70321,-4.16107,0.702476,3.553982,0.223373,-1.978049,0.335036,-1.280573,-1.430642,3.444071,2.622758,1.999861,0.549773,-0.359247,2.443359,-2.449443,0.241389,2.076952,-0.563653,-2.608141,3.023086,0.116263,2.109699,0.186066,-1.319864,-1.546247,5.025953,-2.982686,-0.447025,4.070435,0.565058,-2.89046,1.484276,1.273671,-0.722413,-1.42101,-0.793713,-5.28165,3.606453,-2.468607,0.200752,-2.76555,-0.546772,2.265672,2.652608,2.336315,4.142828,-2.724385,2.802446,-0.863341,4.663073,4.533435,-1.783014,4.501969,-0.763766,3.039537,0.632204,2.69835,-3.078341,2.846498,2.383766,2.089777,-3.364219,0.319692,2.269278,1.494026,-0.067133,-0.073615,-4.69044,2.379524,3.815269,3.785171,2.686162,5.046659,2.830377,3.961101,1.533035,2.216547,-2.771916,2.76019,1.216409,3.957511,3.3981,-1.078813,6.096369,6.491816,2.053924,2.331258,3.045377,5.058237,3.752729,2.986932,3.211953,3.85786,0.214575,0.635609,4.018779,1.021155,3.061436,1.741964,1.034583,2.671604,1.947728,1.983931,0.48626,5.785271,1.258907,-5.783306,-4.072029,-2.410578,-1.374413,-6.141634,-2.609641,-6.554616,-3.154415,-2.984983,-0.59088
198,0.011142,-0.761474,-0.787142,-0.905963,0.415891,-0.925806,1.323634,1.028599,-3.048776,1.682624,0.945919,-4.424049,-4.291463,0.265472,1.508028,-0.674953,0.277368,-2.486195,-0.511399,-0.367662,4.116812,2.588796,-0.869321,4.058249,-4.226795,0.195463,-1.347154,0.583901,2.615424,1.835888,-1.00005,1.479433,1.18914,2.101196,1.110264,-0.097389,0.566804,1.086985,0.718653,0.556401,-3.593779,0.781707,-2.130843,-1.96631,2.361986,0.516582,1.920123,1.0277,0.074525,3.174294,1.978347,1.214522,1.740467,1.508678,1.154211,4.197703,-0.121334,-0.312702,-0.754307,-1.447829,-2.628898,-4.006924,-2.267463,-1.911446,2.179437,0.712914,0.610157,-0.378152,1.60818,0.881211,1.615557,2.220151,-1.589359,-4.411498,3.790986,-3.233247,0.223351,-0.190864,-0.379295,1.166706,-0.157201,-4.540048,-0.478903,0.372444,-0.969544,1.775353,0.878459,-4.059855,0.346452,3.379305,-0.171501,-2.308921,-0.04996,-0.75461,-1.559361,3.140503,2.542628,1.61042,0.621417,-0.132257,2.329546,-2.004019,0.398505,2.593095,-0.337432,-2.582047,2.588605,0.025965,1.551045,0.136404,-1.144615,-1.141284,4.590563,-3.388416,-0.478931,4.336727,0.87777,-3.320567,2.012519,1.366597,-0.601777,-0.541371,-0.285716,-4.851222,3.741216,-3.31273,0.023809,-2.579729,-0.28017,2.544381,2.942416,1.996603,3.885151,-2.28035,2.754628,-0.68244,4.492275,4.483719,-1.878764,4.43075,-0.032143,2.729913,0.700333,2.668014,-2.724859,2.16572,2.263521,1.977592,-3.708615,1.108187,2.652473,2.417209,-0.117462,0.273078,-4.8072,2.422858,3.850451,3.705891,2.322325,4.922579,2.621175,4.469556,1.770101,1.462265,-2.744605,2.029913,1.539433,3.966444,3.622246,-1.237442,5.682528,6.484935,1.995848,1.915782,2.604802,4.638793,4.426228,2.712386,2.997352,3.656085,0.487059,0.920261,3.894254,1.571563,2.642099,1.583126,1.109349,2.08878,2.422548,2.191809,0.662545,5.767052,0.666094,-5.582671,-2.860913,-1.559247,-1.994393,-6.420401,-3.329534,-6.019932,-2.719694,-3.293825,-1.588
199,0.0192,-0.18892,-1.012362,-0.385362,0.441263,-0.773787,1.692892,1.228183,-3.036659,1.381453,0.924028,-4.570341,-4.709868,0.081253,1.48541,-0.568788,-0.295926,-2.686257,-0.740751,-1.021447,4.095668,2.643412,-0.935329,4.114915,-4.433306,-0.021167,-0.727019,0.451226,2.095289,1.814398,-1.35376,1.143524,1.203966,2.02546,0.491211,0.331668,0.74432,1.233053,1.202131,0.716358,-3.364382,0.932637,-2.103063,-1.808739,2.361011,0.054115,2.24606,0.93701,0.31711,2.997145,2.143563,0.712575,0.839457,2.174148,1.591304,3.88962,-0.355078,0.096844,-0.975471,-1.142825,-2.574309,-3.908051,-2.590733,-1.764391,2.109461,0.13281,1.09595,-1.381482,1.697081,0.714809,1.720001,2.014924,-1.746826,-4.546988,3.916614,-2.415648,0.117104,-0.378936,-0.557472,1.597568,-0.205831,-5.311971,-0.426504,-0.008112,-0.902216,1.470109,1.256409,-3.679551,0.782783,3.730318,-0.120871,-1.737693,0.391745,-1.402111,-0.962472,3.31664,2.174244,1.903097,0.233339,-0.281307,2.593525,-2.192566,-0.119405,1.540258,-0.074194,-2.552808,2.495914,-0.040076,2.467845,0.421962,-1.115168,-1.879703,4.727221,-3.150496,-0.403147,4.22828,0.784768,-3.409438,1.368506,0.900753,-0.657584,-1.259586,-1.204281,-4.619306,3.163884,-2.904238,0.556587,-2.503647,-0.427196,2.257098,3.246482,1.985642,3.370152,-2.468238,2.771978,-0.303364,4.655832,4.70707,-2.24109,4.845135,0.284895,3.32754,1.046828,2.348452,-3.027974,2.549463,2.346002,2.000432,-3.100696,0.41831,2.752511,1.922957,-0.506682,-0.169558,-4.508332,2.281863,3.777623,3.068463,2.254909,4.735622,2.99669,4.536132,1.546761,2.071608,-3.022358,2.24475,1.628258,4.209758,2.814211,-0.172883,5.641763,6.301106,1.4416,2.180022,2.926746,4.668799,3.918946,3.21785,3.003464,4.162811,0.301871,0.840833,3.372597,1.479216,2.9322,1.140411,1.020835,2.152565,2.396688,2.315575,1.034995,5.69029,1.719065,-6.061324,-3.420955,-1.736205,-1.697345,-5.43136,-2.504383,-5.170653,-3.547447,-3.116834,-2.094851
