,hidden_0_n0,hidden_0_n1,hidden_0_n2,hidden_0_n3,hidden_0_n4,hidden_0_n5,hidden_0_n6,hidden_0_n7,hidden_0_n8,hidden_0_n9,hidden_0_n10,hidden_0_n11,hidden_0_n12,hidden_0_n13,hidden_0_n14,hidden_0_n15,hidden_0_n16,hidden_0_n17,hidden_0_n18,hidden_0_n19,hidden_0_n20,hidden_0_n21,hidden_0_n22,hidden_0_n23,hidden_0_n24,hidden_0_n25,hidden_0_n26,hidden_0_n27,hidden_0_n28,hidden_0_n29,hidden_0_n30,hidden_0_n31,hidden_0_n32,hidden_0_n33,hidden_0_n34,hidden_0_n35,hidden_0_n36,hidden_0_n37,hidden_0_n38,hidden_0_n39,hidden_0_n40,hidden_0_n41,hidden_0_n42,hidden_0_n43,hidden_0_n44,hidden_0_n45,hidden_0_n46,hidden_0_n47,hidden_0_n48,hidden_0_n49,hidden_0_n50,hidden_0_n51,hidden_0_n52,hidden_0_n53,hidden_0_n54,hidden_0_n55,hidden_0_n56,hidden_0_n57,hidden_0_n58,hidden_0_n59,hidden_0_n60,hidden_0_n61,hidden_0_n62,hidden_0_n63,hidden_0_n64,hidden_0_n65,hidden_0_n66,hidden_0_n67,hidden_0_n68,hidden_0_n69,hidden_0_n70,hidden_0_n71,hidden_0_n72,hidden_0_n73,hidden_0_n74,hidden_0_n75,hidden_0_n76,hidden_0_n77,hidden_0_n78,hidden_0_n79,hidden_0_n80,hidden_0_n81,hidden_0_n82,hidden_0_n83,hidden_0_n84,hidden_0_n85,hidden_0_n86,hidden_0_n87,hidden_0_n88,hidden_0_n89,hidden_0_n90,hidden_0_n91,hidden_0_n92,hidden_0_n93,hidden_0_n94,hidden_0_n95,hidden_0_n96,hidden_0_n97,hidden_0_n98,hidden_0_n99,hidden_0_n100,hidden_0_n101,hidden_0_n102,hidden_0_n103,hidden_0_n104,hidden_0_n105,hidden_0_n106,hidden_0_n107,hidden_0_n108,hidden_0_n109,hidden_0_n110,hidden_0_n111,hidden_0_n112,hidden_0_n113,hidden_0_n114,hidden_0_n115,hidden_0_n116,hidden_0_n117,hidden_0_n118,hidden_0_n119,hidden_0_n120,hidden_0_n121,hidden_0_n122,hidden_0_n123,hidden_0_n124,hidden_0_n125,hidden_0_n126,hidden_0_n127,hidden_1_n0,hidden_1_n1,hidden_1_n2,hidden_1_n3,hidden_1_n4,hidden_1_n5,hidden_1_n6,hidden_1_n7,hidden_1_n8,hidden_1_n9,hidden_1_n10,hidden_1_n11,hidden_1_n12,hidden_1_n13,hidden_1_n14,hidden_1_n15,hidden_1_n16,hidden_1_n17,hidden_1_n18,hidden_1_n19,hidden_1_n20,hidden_1_n21,hidden_1_n22,hidden_1_n23,hidden_1_n24,hidden_1_n25,hidden_1_n26,hidden_1_n27,hidden_1_n28,hidden_1_n29,hidden_1_n30,hidden_1_n31,hidden_1_n32,hidden_1_n33,hidden_1_n34,hidden_1_n35,hidden_1_n36,hidden_1_n37,hidden_1_n38,hidden_1_n39,hidden_1_n40,hidden_1_n41,hidden_1_n42,hidden_1_n43,hidden_1_n44,hidden_1_n45,hidden_1_n46,hidden_1_n47,hidden_1_n48,hidden_1_n49,hidden_1_n50,hidden_1_n51,hidden_1_n52,hidden_1_n53,hidden_1_n54,hidden_1_n55,hidden_1_n56,hidden_1_n57,hidden_1_n58,hidden_1_n59,hidden_1_n60,hidden_1_n61,hidden_1_n62,hidden_1_n63
hidden_0_n0,0.0,4.73704,1.7375234,0.77413833,3.035538,2.1476617,0.91980696,1.6947768,1.709462,1.1439198,3.1640768,0.9555651,0.29998296,2.5382576,0.08528206,3.1565976,0.14826219,0.05106728,0.67087024,1.9040366,0.6100085,1.886026,4.177255,1.1528839,0.6527101,0.429034,0.37121382,1.8623095,0.7802612,1.6963607,3.3624887,1.360564,0.1668998,1.1316686,1.9998562,0.9491323,1.4753318,2.4889152,1.5126791,2.9010913,0.67929876,0.35970092,0.5821539,1.6821529,0.5004629,1.6238167,1.0437626,1.1208299,1.5498363,0.3286487,0.005257,1.4071558,0.37245944,1.1157933,4.8305707,0.59627455,0.5402578,4.1194186,1.1074549,4.664537,1.4885397,2.015714,0.4910713,5.8465075,1.12163,2.5260155,1.1361971,0.42574242,0.44226745,0.82534593,0.5969323,1.2915471,0.59392893,1.2060517,0.42141432,1.6675715,0.5870622,0.5174846,0.17735554,2.0501077,0.6587207,2.3833957,0.38080066,0.8281858,0.48960355,1.0252109,2.2141125,1.6210823,0.848863,1.7131845,1.6807983,0.9526388,0.15627396,0.49123254,1.3440362,0.9231211,3.087461,0.5813152,1.1385999,0.9837715,0.2863557,1.315568,0.95602524,0.2089927,1.4385754,0.63457364,0.9174615,0.55702037,0.55361766,4.1990943,3.1328402,2.0301285,2.623225,3.843079,3.250287,0.54955435,0.26007965,1.3812045,0.07774588,0.3601232,1.5635144,1.2841711,2.6805289,2.8415303,0.4075169,0.49172086,1.3610396,2.4190211,0.4922227,0.3938948,1.4590244,0.42670074,0.34653607,1.699571,0.114555985,2.2139828,8.171075,0.23796582,3.1266072,0.35244548,0.5873127,0.6295088,1.4805647,2.909025,1.356635,0.45500872,0.38162178,0.8721529,1.9151435,1.0851859,0.43046844,2.869437,1.1263199,0.5120766,0.6188044,1.7456536,0.24060096,1.3921303,0.6858569,0.6429294,0.3097314,0.2722741,0.4416545,0.26235896,4.6834955,1.0160599,2.8768432,0.41008994,0.7923409,4.369403,2.76909,0.7332334,2.0350246,1.1079986,4.079087,0.66339827,0.4334795,0.5536218,0.40683788,3.9496655,0.34047833,0.09604306,1.5583442,0.34132996,6.2129583,0.45397905,2.4981267,0.6197377,0.2620331,0.8805183,0.30008593,0.19134201
hidden_0_n1,0.5187668,0.0,2.329745,0.11700513,0.5745056,0.39763457,0.790427,0.17335193,0.27577266,0.9169853,2.8471763,0.16219091,1.0221955,0.6204274,3.2964396,0.056143995,1.2823523,2.2790887,0.25698227,0.3928723,0.52024466,0.86100036,1.144818,0.19357754,0.6033323,1.2401812,1.0054446,1.3000057,0.54267436,0.22328094,0.100423105,1.5016139,0.666661,0.91945034,0.85267323,0.93204844,0.17303059,0.41535005,0.69985116,0.78201026,0.78842765,0.9880629,0.5263318,1.1526253,2.872576,0.5728567,0.097245425,0.21977584,0.837982,1.6066225,0.70997673,0.34146652,0.4287176,3.2450318,1.0608097,0.705572,1.9914899,0.6125419,1.9228934,0.109538615,0.26961753,2.9886105,0.8598126,0.85608107,1.8126241,1.4905044,0.5263293,0.5212467,0.6095515,0.21223758,0.09364596,0.40577814,0.38124517,1.711615,0.42300612,0.3659163,0.31821537,0.50206316,1.0289285,0.16626272,0.47193083,0.3706441,0.8572305,1.0886066,0.45854378,0.62949705,0.5898343,0.47578204,0.12988159,0.6529222,0.3947272,0.24735087,0.37452504,0.12558967,0.32738966,2.2305572,0.15332471,1.5032017,3.24519,1.4773595,0.4259754,1.7102735,0.6386208,2.1183794,0.7375455,1.8770236,1.3243536,0.3428454,2.3113792,0.07871892,0.107930474,0.8544524,0.43788376,0.30597094,0.52715164,0.905355,0.75997716,0.5556422,0.14198764,0.7850212,0.47270343,0.38071617,0.8566627,0.85053176,0.40151075,0.247689,0.5192201,2.4478807,2.5952673,1.1785219,0.6385405,2.067669,2.7424836,1.3227222,1.9828235,1.979309,0.34090808,0.14037305,0.5614873,3.2559724,0.3088636,0.20079665,0.24902616,0.24360032,0.46020147,0.15301226,1.1954126,1.8761452,0.8899346,2.0747979,0.1898443,0.46780798,0.112789005,0.11813346,0.6523091,0.28185323,1.4002503,1.7719638,1.3836586,0.16414139,1.0528507,0.08131921,0.75796926,0.25205475,0.3564734,0.25065568,0.8784078,4.622495,2.2708166,0.368056,1.1485499,0.31163478,0.625177,0.8695298,0.72424036,0.19281599,3.4491076,0.54660404,3.5311375,0.94053215,1.9923128,2.8666584,1.5494841,0.9510229,0.18631402,0.20985557,1.1310811,0.82605535,1.0208133,0.95539397,2.0940907,0.65541065
hidden_0_n2,0.78531367,2.7855005,0.0,0.65043944,1.9187194,1.6872869,1.069743,0.32571366,0.49657062,1.7599621,2.4264271,0.12589157,0.6734255,0.71886903,0.49253896,2.4815824,0.9293424,0.5032867,0.27785686,0.6755862,0.3651546,0.19896586,0.98104864,0.34170735,0.7606058,2.8829496,1.037377,0.5075273,2.0159376,0.0643355,0.21349865,0.9019359,1.1138673,0.56816,2.0747766,0.25272787,1.3836712,0.49138534,0.3639721,1.1052072,0.25568515,0.7145793,1.4191045,2.1345718,0.1769138,0.65103626,1.7580706,0.7634132,0.68296224,0.6070258,1.2133474,0.3148409,0.78304857,0.95103,0.69719493,0.009432918,0.94879436,2.1747112,1.5324385,2.6519935,1.1112,0.3150293,1.2333473,1.4860302,1.5710857,0.19645184,0.01746512,1.3934606,0.45855567,1.3615222,0.5405279,1.0404409,0.582312,1.7165248,0.5293303,0.9169653,0.27463683,0.071283616,0.4453486,0.5056846,0.42662603,1.6529588,0.903318,0.9615647,2.3872216,1.6473216,0.62228286,0.5533324,1.2051978,0.76630044,0.43930718,0.069997124,0.32176217,0.7633524,1.9034007,2.4457858,0.8524998,2.10391,0.7662631,2.6417093,0.43451107,1.672674,0.5431283,1.3414943,1.0558467,1.9383539,0.2743928,1.3842655,0.18443562,0.36024928,0.4634855,1.2085706,1.0567222,0.86296034,0.4101489,0.44707713,0.15635426,0.07077365,0.22354463,2.266395,0.45591116,0.7980821,0.4032963,0.7166726,1.1007453,1.6034106,1.3863919,2.2202082,0.15228143,1.5365664,0.26652175,0.78594637,1.4572926,1.125469,1.5379182,1.3542556,1.9536501,0.8961208,1.3907567,0.86691505,2.3531163,0.44656318,1.5711633,0.8096815,0.39721954,1.0098078,0.5929741,0.14567788,1.8837872,0.33633804,0.120149784,1.1787488,0.41404268,1.2564411,1.3133438,2.7300198,1.2454604,2.1978822,1.4072508,0.5778263,0.2510409,0.4855868,2.8568995,1.557029,1.313876,0.55245376,2.6044142,0.702581,1.000243,1.5657828,0.9967786,0.9345378,1.1597545,0.111997046,2.8693566,1.3140304,0.18358164,1.5453671,0.9562398,2.1710742,0.23045394,0.8597658,1.2451051,0.14724024,2.296456,0.42518124,1.2864938,1.7749369,0.7529289,0.6009783,1.0009997,0.37665862
hidden_0_n3,0.28319773,1.0942304,0.27214846,0.0,0.40635535,1.0892713,0.19782904,2.393043,0.06669752,0.1932516,0.41739267,0.059729245,0.46413028,0.095067315,0.27691868,0.37045562,0.5067999,0.14051858,1.6823945,0.15718517,0.72267514,0.79331636,1.8575723,0.038447447,0.03053467,1.3118416,0.20492247,0.8258779,0.9232474,0.3757962,0.37742105,0.41797212,0.35421133,0.77932316,1.0494035,3.3279908,0.60037065,0.35939053,0.6362052,0.59704936,0.20629528,1.4434202,0.52910507,0.27346078,0.0048021697,1.6949645,0.58973384,0.29424173,0.9149013,0.9665765,0.556358,0.7254617,0.176593,0.4602933,1.5952877,0.65971845,0.14929897,1.2290677,0.4920678,1.128988,0.19451618,0.64550877,0.20434704,1.1410161,0.6344538,1.0919338,0.44298905,0.83882475,1.3678977,1.6557727,0.6450067,0.4300541,0.8680155,0.35498014,0.35332686,0.4214104,0.99804574,0.15391299,0.6174159,1.4027141,1.7848449,0.15015315,0.58525264,0.6883982,0.7548335,0.8200149,0.59163576,2.3263028,0.64354306,0.2883446,1.16596,0.60660017,2.0313094,1.7783321,2.8419344,1.443536,0.32163697,0.49679792,0.21778221,0.2850515,0.4037322,0.43816972,0.9001847,0.12013494,0.8406465,0.14127392,0.3231713,0.45028427,0.42720664,0.1847029,0.7404334,2.130087,0.6107523,0.52732724,1.0338799,0.46062183,0.0905327,0.5728801,0.99270064,0.89774203,1.2711617,1.1047997,0.17686245,0.3049956,0.54178095,0.043609805,0.57739705,3.2377915,0.45499256,0.5150734,1.3572223,0.2678792,0.85729194,0.52064997,0.059093762,0.24294624,1.915989,0.22401574,0.28262362,0.9462302,0.13768536,0.006305398,1.2122694,0.12668051,2.686973,1.88984,0.994784,0.12352765,0.7995342,1.0030628,0.9557434,1.0049598,0.56552887,2.3073585,0.58917516,0.77141076,0.35035893,0.20414953,0.37632293,0.04468264,1.2188665,0.19051982,1.9552923,0.06023723,1.7640437,0.59029025,2.2632306,0.21014833,0.8616791,2.7395327,1.8999773,0.43939236,1.7782506,0.51960415,0.41072953,0.18956521,0.42746472,1.1772425,0.26975212,0.6859924,0.36017546,0.31937915,2.2119732,0.75076383,1.5859934,0.29825148,0.9931192,0.79659873,0.15542707,0.16507393,0.92095953,0.26378083
hidden_0_n4,0.46056387,0.4771438,0.160539,0.6721675,0.0,0.3176722,0.09774145,0.59068596,0.56462806,0.45117074,0.9039554,0.47551298,2.1894505,0.22495888,2.8921769,1.8072938,1.0832368,1.8221961,0.11159558,0.576692,0.2521596,0.07063934,0.5697943,1.6275858,0.7811779,1.0726544,1.6195446,0.6415211,0.13702554,1.039782,0.56447726,0.3491368,1.2323881,0.549314,0.7117981,1.0811446,1.2412695,0.24804685,1.1219907,0.39952287,0.09920196,0.58940285,0.7454234,1.0716,2.0560124,0.4962336,1.5229512,1.3414507,0.13675927,0.6379745,0.75125325,0.8997311,0.029882666,0.36931875,0.23534141,1.4433976,0.23441803,0.811925,2.9540532,0.21342939,0.27474183,0.69175386,0.0624501,0.81314445,1.4184498,1.4742868,0.14998834,0.97123384,1.133304,2.3112588,1.6704865,0.6757182,0.2538404,1.8791614,1.1694825,0.3806278,0.34416142,1.7321345,0.7940324,0.9241687,0.08455495,0.71425897,0.103555135,0.39400548,0.6212197,0.16615006,0.13235423,0.42875654,0.49345383,1.5060567,1.8579024,0.711817,1.1198764,1.111633,0.7588024,0.22466004,0.34280676,1.8426787,0.4845339,1.4288857,0.6368104,1.5714749,0.55763185,1.2519199,0.56073624,2.4733043,1.0977882,0.8288765,1.2416072,0.20782764,0.8180959,0.31500632,0.3578292,0.6656361,0.5372392,0.32711455,1.1846559,0.9847932,0.30352014,0.5987648,0.67928565,0.4870657,0.8578006,0.6310936,0.4748946,2.1000454,0.19509283,0.8710722,0.83330894,0.14348917,0.5346015,1.1629194,1.2324941,0.5846197,1.2119569,0.7547467,1.4514941,0.69403803,2.6285958,0.15890378,1.6937629,0.091658995,1.4671918,1.5062994,0.41676536,0.55972856,0.61507344,0.62535095,2.4426556,0.7768302,1.156133,0.7524155,0.4898945,0.89020616,0.98157424,0.8532552,1.2594777,1.5659517,0.6176891,0.47675705,1.2896445,0.5370679,0.47044465,0.7736634,0.067439355,0.17072093,1.2134821,1.4396107,0.23127699,0.53356624,1.6115265,1.2024065,0.7594903,0.6416859,1.3553698,1.2472413,1.4191035,0.41565776,1.253768,2.0973513,0.44900274,0.53619057,0.6338399,0.6629645,0.3830453,0.61498624,0.46849445,0.24789715,0.038734727,0.06330113,0.9149761,0.8932205
hidden_0_n5,0.37421632,1.0782547,0.61466306,0.35130706,2.317659,0.0,0.5395426,0.23029844,1.1237767,0.07729384,1.8265629,1.6959394,0.74568343,0.92732024,2.3722181,0.23560311,2.2789083,0.85505813,0.13965914,2.0026965,0.26513606,1.2849823,1.1860418,1.1845003,0.72364455,2.4713066,0.7515549,0.3752899,0.59659463,1.0125118,0.49023175,1.9602671,0.10464563,1.3475121,0.7605515,0.13492812,0.15354562,0.41270477,1.9832965,0.25144,1.304487,0.23999792,0.44157633,0.40240967,1.0339803,0.92381716,1.0270827,1.2873561,0.8610306,1.5018843,0.9081247,0.65037096,0.64855766,1.4350407,0.51745135,0.31410956,1.8105615,1.0404791,1.155063,0.9116691,0.4557338,1.39936,1.290752,0.82032156,2.2477365,0.20395985,2.240447,0.44757807,1.0532807,1.2603439,2.2038586,1.0143591,0.54768455,0.94673073,0.22881582,1.8975035,0.56474066,0.51222837,0.6543282,0.8676092,2.251747,2.0245533,0.870246,2.010851,0.5248938,0.69461477,0.18949834,0.71322966,0.5133211,0.38476336,0.2451039,1.2910637,0.41526404,0.06165895,0.3640759,2.2800727,0.46005955,1.4935669,0.578292,0.8545759,1.3303446,4.923989,0.48467293,1.6395012,1.2232022,2.6098595,1.1814072,0.860587,1.8821002,0.7713866,0.5840564,0.6208034,0.5470378,0.7307671,1.1909249,0.8806193,0.35751817,0.85529584,1.8388982,1.169192,1.1366168,2.132497,0.24887106,0.07716288,0.3531656,1.3316569,0.9595288,1.0659244,0.90958375,0.8066707,0.42137778,1.5000279,1.0529947,0.61413276,2.571878,0.61211574,1.5044798,0.3350539,0.36561826,1.1891425,2.2961054,0.11918346,0.9013469,0.3228724,0.40420416,1.7435619,0.5356857,0.88459134,0.8734367,1.9546611,0.16472551,0.9666601,1.112879,0.4036747,0.85055083,2.3390565,1.7824081,3.5431561,1.0732244,0.5772194,0.4254635,0.2964211,3.1007879,0.8116404,0.4811688,1.9126415,1.8842179,1.1585449,1.0495446,1.738464,1.1062554,1.8102981,0.30780217,0.27393928,3.1597886,1.503778,0.13771077,1.2272521,0.28390968,1.7833363,1.1580418,2.6039996,1.7021523,0.2675825,0.5938651,0.837802,0.9343131,0.6871673,0.51532716,1.2937437,0.94357073,0.5151823
hidden_0_n6,1.1311655,0.6744447,0.5038219,0.8127462,0.08607566,0.067110844,0.0,0.35167173,0.3061732,0.6857336,1.8827889,0.9934427,1.0290378,0.6052329,1.1149228,0.51028013,2.873135,1.0780339,1.3326902,0.48545116,1.4547216,0.1865977,2.1488225,0.66903937,2.533854,1.1844591,2.0341163,0.49221876,0.5218242,0.5790803,0.82044923,2.921853,1.3570472,0.90735435,0.21554169,3.180852,0.67059857,1.1780981,1.7031122,0.15272084,3.9233656,0.59207565,0.3187453,0.7066876,2.3477032,0.8421708,0.13520946,1.4077098,1.4509383,0.9133599,2.457244,0.3967058,4.607158,0.9923113,2.8429239,0.14104576,1.076962,0.7359437,0.39961654,0.5907018,0.25185463,2.5343473,1.9518766,3.4682765,0.5282664,0.80567044,0.6855168,0.20671242,2.219872,0.2845812,0.34226295,0.89561576,0.21398278,2.5498135,1.7750523,0.9771408,0.08500487,0.32870573,1.1188048,1.321325,1.193025,2.763591,1.866135,0.8003738,0.5612078,0.46601373,0.1370147,1.9540893,0.82881165,1.0796208,0.39131922,1.0001273,1.2102392,0.072957985,1.1174773,1.092468,0.32054266,1.2366205,0.69330454,0.6939584,1.0973414,1.590764,0.23476121,0.5862569,0.20862852,0.9509211,2.2921462,1.9143804,0.9237293,2.4160721,0.26292902,0.48021477,2.2851756,1.975913,1.1048782,0.33125925,0.82879525,0.2427723,0.872259,1.0202683,0.55419755,1.1306211,2.0053353,0.16190255,0.42710605,2.9749131,1.3144878,1.1088735,1.646835,0.036695454,0.4403863,0.8591906,0.35703564,1.8358661,3.1802235,2.6041195,2.5865982,0.6759208,0.90214753,0.6676675,3.0547307,1.319796,0.65223867,0.36067775,0.048813067,1.5429454,3.6380875,1.4454503,0.2880515,2.5265863,0.6412335,3.295651,0.33834314,0.8950888,3.9854248,3.5669708,0.4990975,3.3223996,0.09322353,1.2966543,1.5025297,0.20743151,0.64646786,1.1740373,0.09737618,1.569827,1.7560897,2.5076003,0.24153517,0.7278237,2.2038052,0.6040488,0.42113334,1.0769007,1.672628,1.4054726,0.7755382,3.2447786,1.3424877,1.8064659,0.6177584,1.9778538,1.8831873,0.7049611,0.8877649,2.0323899,0.5968524,0.12558211,1.9121476,0.8839481,0.83491546,0.3093315
hidden_0_n7,1.2038232,0.566363,0.1178203,0.87025136,0.52886117,0.5432428,0.6498633,0.0,1.6097151,0.25572133,0.5159303,1.8112848,1.3320471,1.6825178,3.143657,0.70667446,3.405691,0.35558796,0.041319035,0.5990225,0.43623695,0.45329,0.22557782,0.98464894,1.0241303,1.1872636,0.69230473,0.9355988,0.8667173,0.41066185,0.8021386,2.305072,2.6897848,2.0068195,0.14670822,2.5138166,0.06387201,0.70359313,2.1261501,0.6782044,0.5476114,0.76948917,0.2839134,0.5952724,1.1049566,0.9041541,0.4486554,0.04182119,0.61404896,2.2079527,2.8374186,0.25391054,3.600945,1.068989,0.12762633,0.48499653,2.0904818,0.22722721,0.29874367,0.390086,0.45012194,0.4491353,2.2938647,0.32840398,1.5277151,0.104565695,1.8056767,0.058152303,3.9451919,0.24111424,1.2708427,0.25258017,1.3522087,1.2140274,0.04410074,0.15798384,1.7044549,0.20897536,0.31429073,0.86469114,1.9328753,1.0913781,0.16193062,0.46078524,1.4435836,0.124535434,0.90910065,0.67611533,0.6567903,0.2332408,0.8465482,1.0927927,0.32692018,0.05075697,2.3589787,0.43070614,0.40834567,0.8824419,0.45901406,0.25865787,1.4367115,0.5622621,0.38256887,1.5002328,1.3189623,0.892304,1.4757121,1.6309236,2.5241632,0.8446692,2.9334855,0.23512432,0.36010745,1.6795803,0.1587115,0.14858997,0.43845922,0.8759577,0.852993,0.39069375,1.4832711,0.23192734,0.9770242,0.18135326,0.5322036,0.6031297,1.8237203,0.113761716,0.37420818,1.6675475,0.2541916,0.6907695,1.9553984,0.341801,0.6101701,1.9119735,0.8783895,0.81624484,0.21210967,0.6106464,1.2861595,0.11845991,0.2582314,0.4480026,0.5975223,2.270922,1.6146857,0.13562569,0.33672097,1.1233612,0.27080736,0.028793411,0.16211465,0.05970788,1.9239577,2.0898786,0.23140988,1.2135574,0.6313817,0.5357235,0.6273365,1.0101845,1.3495965,0.5002062,0.4767292,0.40754774,0.8112222,0.29801124,0.34235597,0.101866335,1.1124521,1.3349894,0.3106583,1.4613985,2.1422956,1.4052328,0.36758453,2.6790257,0.64807504,1.3361694,0.38405856,0.118699715,0.48066214,0.6260142,0.086546436,1.3425237,0.5762655,1.4382821,0.2978413,1.4067106,2.7074506,0.42954928
hidden_0_n8,0.7834902,2.5859485,0.43594983,1.0995054,0.9064988,1.4642962,1.3851889,0.8528649,0.0,0.42132032,2.3561995,1.4826001,0.5621772,0.19013461,1.961415,1.2316008,1.5601043,1.4325471,2.693128,0.5260556,1.789103,0.97719646,2.9385998,2.0246892,0.4337939,1.7961799,0.75763834,1.2234925,1.4936349,1.4483744,0.34807736,1.0090234,1.4223874,2.2207549,2.5518885,2.055733,1.3513314,0.71804976,3.132058,0.55816853,1.0375692,0.45645493,1.0182905,2.128106,0.5069303,1.189959,2.779756,0.3394315,3.9207737,0.10190174,1.1876794,2.8408172,1.3922187,0.260809,1.866798,0.14389133,1.0832099,0.7361965,1.1482569,2.71121,1.0119464,2.6287212,1.6170722,1.7200645,2.3037732,1.2981808,2.9416857,0.81099653,1.060152,1.1117136,0.9652273,3.4405394,1.1982697,1.7477646,2.2639234,0.2719508,2.1193745,1.4421237,0.44883573,1.9072069,0.34840828,0.68899035,0.37539464,1.3084183,2.2990632,1.419881,1.9194896,1.9203578,0.61541414,1.2914165,1.658943,0.45232308,3.6613069,0.9250867,1.5435697,2.8743238,0.6734411,1.3212487,1.3621365,1.5702814,1.3524883,1.2289506,1.633121,2.120634,1.6076753,0.8256095,0.80369323,1.1863832,0.16751231,0.25210842,0.6265012,2.7643917,2.7915792,0.96630746,1.8201184,0.27986333,0.7337871,1.1350389,1.2711227,0.23004395,2.542764,1.1646224,0.16573259,1.165391,0.3268157,0.67906946,0.8807588,2.8553581,1.4154867,1.7980329,1.2268666,1.0237362,0.9787711,1.3835564,3.895181,0.54637855,1.5492295,3.6242747,1.9835263,2.1615012,1.1713203,0.2801211,2.2073474,0.48773193,2.7061458,0.7608965,2.9939466,0.5424959,1.0469476,2.691901,0.8171594,2.0687072,1.8481146,2.243998,0.5927346,0.76305014,0.8763583,0.64309496,1.3963841,0.5397696,2.6933389,0.4912148,1.6620116,2.135184,2.7464008,1.1223571,0.94489545,1.2059866,1.3332729,0.91204536,1.6466283,0.6489146,0.67864585,0.5907394,0.08062266,0.8889812,0.14968544,0.60784453,0.8485076,1.015966,0.7860182,1.8259314,4.4543157,1.2074206,1.6703241,0.2177046,0.6451498,1.864111,0.021995826,1.4737464,0.71251506,0.57363486
hidden_0_n9,2.5110095,0.70984334,0.69363064,1.6205096,0.55126137,0.106567785,1.283093,0.021392215,1.7950497,0.0,0.8690655,0.983452,1.0672351,1.273974,0.69899434,0.92152464,1.1993728,0.77625364,1.3840216,0.8691362,0.707076,0.9054475,0.31587175,0.23605306,0.2748688,0.20596272,0.12828828,0.91618466,0.09319972,2.9326713,0.51748544,0.33270264,0.42305264,0.8667619,0.010868902,1.4172498,1.3828508,0.23429269,0.33971757,0.586891,0.43781596,0.8981842,0.30425042,0.77459353,1.0014391,0.6113208,1.271241,0.38097873,0.10247264,1.3167917,0.4598772,0.7168291,1.882126,0.45181367,0.6651595,0.6073486,0.25838843,1.9179288,0.5129987,0.57907486,1.129248,0.61816686,0.9541697,1.6034745,0.5047659,0.69804233,0.37306437,0.16706003,0.8288243,0.0040559103,0.43900138,0.67451155,0.96521705,1.0229088,1.9353839,0.7941159,0.6595295,0.30705124,0.29113248,0.38177767,0.7685556,1.5387189,0.30328813,0.45817673,0.4047458,0.4835815,1.0082563,1.4946365,0.6337838,0.11274296,0.70668024,1.2903569,0.66092443,0.5323394,0.75354844,0.315445,1.6055043,0.48817295,0.54481375,1.3793192,1.91237,0.66820294,0.048127886,0.37430325,0.50588596,0.058953654,3.4718838,1.2056564,0.6799268,1.9844943,0.7461831,0.81499386,2.1132839,0.67620325,1.0571105,0.705126,1.1312102,1.1764779,0.12727411,0.85279655,0.9693624,1.2656801,1.891487,0.35575822,0.6562832,0.1962375,0.6382967,0.82264334,0.82952905,0.1833669,0.4586963,0.011443177,0.004151814,0.70687646,0.4822789,1.0658555,2.3382747,0.7703744,0.6222919,0.06447027,0.9252354,0.626766,1.4748784,1.0415446,0.3263543,0.8514965,2.8705194,1.2821797,0.6975509,0.51044697,0.71139956,0.5583367,0.43306383,0.07673784,0.47536948,0.86839336,0.24318002,0.21383949,0.15682594,0.32056555,0.7118788,0.48872504,0.29304555,0.29566878,0.25400627,0.5666678,1.4507544,0.3178628,0.15179683,2.3008268,1.5635881,0.81171167,0.47713393,0.6899805,2.1670685,0.18042727,0.1987856,0.8240818,0.12534855,0.91879094,0.26312017,0.14135481,1.2558768,0.671516,0.9657407,0.6826086,0.12317089,0.15313494,2.3243413,0.91721755,0.1693767,0.30516335
hidden_0_n10,0.90557116,1.6459776,2.124873,2.7040222,0.9409973,0.31249008,2.562081,0.5125394,0.67535263,0.38021132,0.0,0.38046905,0.82694364,1.8318571,2.4776337,0.6958456,1.735918,2.4906857,0.9935029,0.37112862,0.19348529,0.50056756,2.5655541,3.546591,1.5969373,2.247529,1.2920457,0.6784922,0.86102927,0.6874022,0.65707767,2.7244945,1.0318261,0.06526187,0.4609319,1.0811952,1.5231372,0.73165435,0.7369797,0.95284307,0.8998,0.3294408,1.449589,0.5138715,0.84139556,1.3761666,1.7932364,0.583505,1.7121716,0.4881313,2.0817375,1.3820646,1.5328946,0.9272177,1.1127412,0.004689657,0.042178985,1.1524525,0.89446545,1.6109624,0.88353306,0.26336086,0.87098664,2.874401,0.4608883,0.98933315,0.85552526,0.3582723,0.13583209,0.18179788,0.26843122,2.9643316,0.952082,2.1574016,0.6667346,1.1051382,0.4489271,0.7063874,0.3308247,1.7807803,2.011263,2.644033,0.7480097,0.08252693,2.477982,0.38089666,1.1772541,3.1165876,0.39900434,0.79200023,1.0441284,1.180778,1.2638905,0.674361,0.51670897,2.2798517,0.24982187,0.3940536,0.8466207,0.724747,0.5265423,2.3360317,1.0219743,0.030192137,0.7501124,1.398265,1.8283715,0.2412361,0.25475696,0.9777032,1.1846671,0.6331834,2.188382,1.65547,0.9120171,1.5757927,0.70706975,1.3762698,0.67089605,0.36350065,0.130299,1.1253115,1.3662416,0.92411405,0.9546631,1.8740358,0.635023,0.7450507,0.39021182,0.545442,1.0156338,1.3033667,1.646441,1.189298,3.7384753,1.74363,5.380042,0.76581484,1.8192576,0.04130681,2.13801,0.5001052,0.8101153,0.18571481,0.5123844,1.4334735,0.18120705,0.9392653,0.76070637,2.9292924,0.14753106,4.114176,0.38662457,0.39567894,0.62460124,1.2613727,1.6100034,3.2859373,0.8035852,0.2644831,1.0593641,0.92222786,1.8716322,0.3517258,1.254306,2.5257952,1.7119362,0.93290615,0.6689352,2.5885408,1.7827209,1.6813492,1.2383409,0.58487475,3.8096297,0.30970052,0.011703814,0.70803934,0.114956565,1.5942789,0.11003935,1.5182539,1.047439,1.0975418,2.262851,0.7032404,0.3051941,0.18945643,0.6184219,0.33970922,1.3725492,0.40236863
hidden_0_n11,1.5609888,1.3809867,0.13807197,2.7435946,0.6418194,0.7528868,0.3089863,0.45354414,1.2937175,0.23764208,0.61876327,0.0,0.65819675,2.074339,1.4992535,0.2215987,0.5517217,1.2311088,0.95047885,1.4187334,0.5028545,0.5173076,1.4391321,1.5248352,0.96638805,2.1057572,0.020664588,1.0463787,0.6369721,0.6155214,1.6314747,2.464513,3.5121684,1.3206655,1.0327404,2.1480954,1.1874229,0.8661684,1.4649004,0.20338506,0.38985386,0.10076481,0.7542226,2.1958628,1.14456,1.1266298,2.02414,0.22232643,1.9502125,0.20740254,1.7781335,0.8841151,1.8958358,1.3717467,0.5393389,1.2308959,0.23358183,1.1299514,1.0570791,1.8212972,0.6526624,2.5057945,2.129614,0.7404197,0.6114069,0.95382833,0.5387372,0.7310759,3.4691908,1.6836435,1.7739581,1.2316555,0.31800717,1.6360428,1.1892458,0.007242459,0.3612014,1.5874555,0.5184191,1.8621899,0.6029691,1.6078855,0.75341225,1.0636971,2.229048,0.8998782,2.3359401,2.0684922,0.37179288,1.4903688,0.54748356,0.7758729,1.0036343,0.37944588,0.30392134,1.1398877,0.8238607,1.0903721,2.0184655,3.04841,2.807806,0.67365074,0.25552434,1.0811354,1.2249671,0.109117076,1.275304,0.64690137,0.25779092,1.578363,1.0043677,1.4510012,1.5941075,2.5649118,1.440595,0.40116373,2.4982393,1.5754124,1.6101727,0.30189735,1.0045594,1.6130317,2.644072,0.43800294,0.43555412,0.06607871,0.33410767,2.794647,0.07407981,0.8563107,0.8439987,0.5407149,1.6881939,0.41442806,2.299559,2.4224029,1.0860273,1.481461,0.49809527,1.4979066,1.112988,1.4389501,0.6299786,0.6958596,2.0764008,1.0577792,1.1898413,0.4005135,1.3540337,2.7326322,1.8240846,0.9668631,1.0506089,0.61076933,0.574489,0.9407054,1.6440831,0.3456098,1.4235748,0.8822795,3.6536703,1.3361027,0.33843213,0.4638851,0.51565,0.47599247,1.6488463,0.31188497,0.78421843,1.444594,1.0977949,0.06765065,0.27310702,2.0380476,0.55220664,0.11492281,0.15642557,0.75987434,0.06689385,0.95942867,0.33752555,1.2484771,3.2049391,2.299672,1.1620975,0.44028455,0.27772385,0.71531594,1.4174836,0.6928005,1.3295792,0.35575977
hidden_0_n12,0.4096293,0.53371876,0.20284119,0.03135878,1.9799064,0.89409643,0.5448988,0.4482141,2.9942133,1.6813549,1.0320017,2.4804068,0.0,2.9247394,4.145831,0.3137966,3.9694157,2.7005885,0.06546119,0.7569532,0.33730468,0.27575797,0.20521353,0.42817622,3.1656418,2.5044777,0.2769185,1.56873,0.3049069,1.6381115,0.8258342,1.4098302,1.7551212,0.21119869,1.4112796,1.1415071,0.43486288,1.4188133,0.7144171,0.19298385,2.9921026,0.15051635,0.23428829,0.66660154,3.6315048,0.97505707,0.69926655,0.95087576,1.9549226,1.4725726,1.0354052,0.80917275,1.0020487,0.95880985,0.28921592,0.74270463,2.451727,1.9666414,0.6731093,0.21270974,0.035669748,0.58459264,3.425341,0.33576623,1.1913236,0.20022985,2.8756368,0.46979755,2.1534717,0.4237868,0.9879166,0.6756764,1.3207966,1.2877477,0.6797876,1.8134369,0.8716566,0.90158355,0.6318039,0.8239999,2.4333827,2.4932153,1.4447936,0.5416679,0.5721232,0.837124,0.2852053,0.5766433,0.1723225,1.0103707,0.2718511,0.8500835,1.1058269,0.4091955,0.6308011,0.8894342,0.5876994,0.37967113,0.25472742,0.90071005,3.14158,2.4287345,0.41886112,0.97254044,1.6798289,1.3723242,0.373031,0.269723,1.8871622,1.2103332,0.49541968,2.6550312,1.26214,0.5099402,0.43936947,1.0586934,0.26853076,2.4303026,3.2413235,1.2488058,1.2484185,1.24171,1.0415509,0.103155,0.46992373,0.5296591,2.198772,0.3460165,0.82960397,0.60037154,0.04014248,1.4033138,0.86753666,0.42367223,4.056328,2.0039358,1.3781708,0.76214087,1.2190608,1.3516548,0.5181124,0.2543188,1.0025669,0.6915325,1.1736417,0.5139976,0.5975507,0.2278711,1.3074287,1.0246344,0.99986774,0.712041,1.2995754,0.9698783,1.1559141,2.8331497,1.1489604,1.7202067,0.4632989,1.0966136,2.2953882,1.4380497,0.62792754,1.264612,0.20053868,1.1884634,1.6795688,0.74021316,1.9786357,0.9502842,1.0847124,1.9148701,0.14681731,2.2624614,2.7345688,0.8053702,0.8259412,1.2182752,0.7186136,1.2402017,0.4187287,1.0605597,1.4942867,2.137883,0.072817996,1.3915073,1.1373155,0.5700437,0.5837288,2.5175562,0.6398088,0.641715
hidden_0_n13,0.4862374,1.7323087,0.059143126,1.6084119,0.4041153,0.10249485,2.979073,0.31056637,0.26589894,0.1001682,0.15764172,0.16428973,1.3553084,0.0,0.4073496,0.6986827,1.1243607,0.3115787,0.7228998,0.73610127,0.69752336,0.24917166,2.08622,1.1694536,0.3035018,0.77615744,0.63522124,0.8155489,0.76056844,0.61399907,2.47498,0.055236187,2.2292016,0.96381783,0.82409376,1.8109404,1.6056225,0.08252169,1.2831209,0.13005449,0.65066695,1.7630689,0.9041799,1.5799577,0.61664844,0.909663,4.00357,1.9600801,0.9351607,0.65314907,0.43041778,2.368268,0.27204525,0.03881038,1.1021414,1.7768953,0.14027302,0.4144357,0.5620442,0.5786327,0.25686428,2.214496,0.7219168,2.1587865,3.5360703,0.83897537,0.30830243,0.41851985,0.10819262,1.1130645,1.3624103,0.69620603,0.12284799,0.40535894,1.9852006,0.17586125,1.7675685,1.57062,1.6466079,0.88614887,0.17498176,2.4304862,0.41303915,0.14651027,0.1995934,0.6071509,0.13713992,1.874944,0.12124679,6.128538,0.8097725,0.7003045,3.4468918,0.7697989,0.03907159,2.92779,0.26288757,2.6824322,1.2748407,1.3565385,0.40471822,1.2970873,0.9806288,1.274275,0.23119554,0.33664414,0.06400409,0.32959187,0.1029158,0.2795124,0.24622285,1.0321788,0.73466456,0.77328414,0.7456693,0.45983315,3.3549216,0.881482,1.5249882,2.5551622,1.4490848,1.075948,1.6261204,0.19756103,0.9049868,0.85439175,0.51273495,0.99092907,0.282901,0.6063198,0.21945731,0.65186375,1.398848,0.7813374,1.3160721,0.657748,4.7963033,0.6912976,2.4822772,0.6466868,1.5610142,0.3160168,1.536218,2.3556318,0.36529663,0.94847095,0.7969373,0.10180914,1.7447817,0.8075296,1.898779,3.280487,0.26281136,3.7052002,0.41801488,1.5423069,1.4223877,1.345197,0.9562136,1.1663431,1.0306848,0.7315708,0.32074255,2.5213273,0.3397868,0.3937537,4.9381227,0.52546746,0.2729542,2.4571385,2.137606,2.7397683,0.012318195,0.5016368,2.9391148,1.0955448,1.4629539,0.4525457,0.41850436,3.660232,0.16732115,0.09982757,0.64939475,0.7983821,1.3156421,0.5095758,0.10800715,0.5132601,0.07945714,0.71122664,0.6043605,0.06687219
hidden_0_n14,1.8397241,1.9457518,1.6307807,1.1924537,0.6680426,0.42719182,3.9518495,0.591221,1.6792988,0.4060404,0.93266237,0.36122388,1.4898514,1.1653854,0.0,0.31817406,0.8612836,2.2218826,1.1841553,0.76909685,0.13870303,0.19903482,2.8116212,2.2031753,1.0845169,4.426516,0.37606427,1.0295907,0.32223135,2.0555024,1.5948765,2.4920366,2.024309,1.0565366,0.89696383,0.638682,1.91985,0.42124814,0.6692362,0.5987637,0.62447524,0.23861866,0.95452535,0.8036317,0.23486266,1.6630195,1.6882923,0.5916983,2.4686482,0.46172467,0.42267585,1.1546423,1.823958,0.79281765,0.5129497,1.3402398,0.5153097,0.51988333,0.51621795,1.5413197,1.0290184,0.80086595,1.666306,2.0147448,0.73695403,0.04652827,0.71710277,0.50739187,0.8945382,0.41622004,0.9222661,2.5966675,0.50761694,1.8707086,0.56387967,0.18072002,0.15679297,2.2923577,0.60995156,1.2244369,1.6195426,2.46852,0.58596283,0.84682614,0.91177636,0.5066605,1.2261965,2.363735,0.45535573,1.3010288,0.72503835,0.48082688,1.9909084,1.3380553,0.36794809,3.000049,0.4661491,0.6013639,1.7006958,1.4069215,1.2355952,2.2827525,0.16269708,1.3440577,0.48891497,0.35912058,2.1481576,0.16340987,0.14133868,1.4983917,1.596977,0.26312953,1.2917882,2.0520313,0.37633967,0.87833416,1.040776,2.8920124,2.0386677,0.5525016,0.34096283,1.2171406,0.7712235,0.8865657,1.4006402,0.43981448,0.86975646,0.23883952,1.5158322,0.177313,1.098859,2.9432478,0.2725977,1.1525285,3.5735333,0.6224444,2.9458392,1.127696,0.5551627,0.7824054,1.5115846,1.1289506,0.3709613,1.3166302,1.2752727,0.30590132,0.45856863,1.6294713,2.3254085,1.1212491,1.3159059,2.061788,1.1859239,0.8731909,0.09203504,3.277444,3.2463856,0.6581351,0.14818528,0.30158794,2.2181838,1.7370535,1.2001143,1.3890617,0.73982865,1.5001633,3.8787794,1.7459792,0.9676018,1.2967489,1.5199699,2.4661388,0.9205515,0.7062039,3.7282226,0.6776767,1.0087194,0.33622393,0.925084,1.2604754,1.5555818,3.0059075,1.178933,1.5040597,0.6090588,0.57283586,0.2013022,0.12253709,0.6776694,1.0623349,0.15887691,0.42010307
hidden_0_n15,0.13281079,2.5393062,0.20912606,1.224165,0.55699056,0.43994015,0.5574672,1.6862036,0.42245775,0.15719098,0.65791816,0.35091153,0.6388974,1.8789738,1.2859633,0.0,0.64105177,0.921955,0.8556463,0.8922663,0.51093096,0.69957626,3.5124092,2.5674756,1.0177274,0.54733235,1.1902876,0.58265287,0.94737923,0.9092476,1.0444852,1.5435536,0.25537634,0.57810915,0.5064722,2.1092484,1.0073073,0.56540656,1.70142,1.0068245,1.1046362,0.07708919,2.6541517,0.95298874,1.2383806,1.576862,2.328709,0.84849375,0.3880551,1.2107966,0.37540781,1.2079774,0.94974035,0.5328986,2.263216,0.9365712,0.15592152,1.0296702,2.9812787,2.5504236,1.1270733,1.3368188,1.0485001,3.2507463,1.635085,1.989979,1.3110889,0.08414854,0.0893228,1.1643244,0.056124724,1.662221,1.7600683,2.4246318,0.5848969,0.82338136,1.0962434,0.34781244,0.5703242,1.0476949,0.52631384,0.9654834,0.20776354,1.0553874,0.9353577,0.16444302,0.27547354,0.97811985,0.3791231,1.8733337,0.4236657,1.5628144,1.0324697,0.845753,0.62359875,1.1095786,0.4844613,0.91243523,0.7302297,0.9291485,0.14490494,2.6670728,0.74014765,0.9423862,1.0875671,1.3111839,0.73646283,0.6235367,0.3493301,0.07884409,1.4946376,0.9602754,0.9837101,1.1564559,4.521304,0.29809985,0.48260534,0.8947091,0.46970007,0.8403842,1.5964702,2.684143,1.0486158,0.3558465,0.81439245,1.3787168,0.2713098,1.6092414,0.9278958,0.39326972,0.4673388,0.23265006,1.9915291,0.94909805,1.0342987,1.0891083,3.605361,0.6647707,3.4433634,0.15564717,1.3926433,0.18703997,1.7613821,0.7483081,0.7991762,0.5178891,0.47955218,1.076466,0.17764622,1.636766,1.0741527,3.0314596,0.79553497,0.5682353,0.5118516,0.58905345,0.046732478,2.3751924,0.32375875,0.50161237,0.62321615,0.54196787,1.7009662,0.14749332,2.05054,1.4326868,0.968209,0.26927647,0.115917824,3.6332147,2.4701939,0.44766748,0.52103275,0.45568493,1.8918538,1.4381415,0.14375372,0.58567256,0.20353703,2.2196586,0.19943337,0.06978337,1.5814066,0.23605742,3.207274,0.54353946,1.4263645,0.81807643,0.63542724,0.78700686,1.6242226,0.07014172
hidden_0_n16,0.09699108,0.06789599,1.0059221,0.20576234,0.47616398,1.6849991,0.1316501,0.19871986,0.9980372,0.24047257,2.5420196,0.18382837,0.17722137,0.822817,1.6656072,1.8082196,0.0,0.16145706,2.622723,0.7447545,0.10980747,0.96855366,0.5555506,0.6988435,0.28724462,1.4797436,2.154126,0.58086777,0.47532225,0.4060024,1.2691833,1.8454685,1.123095,0.32791847,0.2223071,1.154742,0.28563595,1.6849282,0.40992445,0.82584083,1.415705,0.37893376,0.23630892,0.52750206,1.8060968,0.8824714,1.248884,1.1227217,1.2172655,0.11813762,1.1640389,0.39330533,1.004399,0.28998092,0.47126824,0.60885376,0.4074587,0.33648103,1.4946841,0.31693763,0.06941707,0.45017734,1.394831,0.88535017,0.17898688,1.0770693,0.5870058,0.7714056,3.1014032,0.5390745,1.8653026,2.2967887,2.5302362,0.67301357,0.993177,0.5098022,1.5543122,3.245681,1.1939619,1.0513948,0.87919396,2.2657835,0.82773596,0.7941773,0.069061264,0.22181405,0.9803146,1.6711085,0.8789028,0.7382615,1.7490649,0.06297412,1.7164395,0.25647086,0.607792,0.43398756,2.587733,0.58176696,0.5035422,0.95932233,0.5696625,0.9016343,0.29289186,0.89068604,1.52691,0.23974542,0.71873176,2.0737343,1.1258514,0.946674,2.3826444,2.806807,0.75936985,0.4880378,1.0302348,0.39011562,0.8179946,1.3806273,0.5008043,0.29824027,0.0959789,0.21942253,0.34722087,1.2735249,0.1231424,1.9410816,0.5743973,1.0509148,1.0423825,0.31358713,2.6734688,1.9537907,0.5552835,1.2446469,1.293044,0.30367726,2.764825,1.7945857,0.79072505,1.9271158,1.8673252,0.14805976,0.931818,1.3713396,0.9642666,0.21057463,1.5358204,1.0417153,2.4502943,0.60714734,1.6636562,0.5281384,0.69625866,0.96880984,2.0335424,0.1885645,1.9911379,1.3979179,0.78921807,0.47461015,1.0790919,1.0361961,4.250291,2.5809906,2.1085856,0.09387897,0.74285513,1.0914224,0.8029374,1.4810964,0.50433975,0.4178541,3.1149857,1.0630581,2.0331247,1.7265437,0.8072996,0.2113336,1.2646415,1.6376905,0.9007415,1.5824802,1.1930703,0.44480982,1.9128135,1.5814838,1.9361236,0.43350786,0.18745518,1.2948961,0.14816235,0.6831932
hidden_0_n17,0.55372196,2.5289125,1.3194504,0.34743208,0.6259246,0.95296335,3.3339593,0.28498805,0.5314573,0.21166982,0.114027545,0.46017218,0.93679184,0.5270164,0.5870615,0.43072,0.41946882,0.0,0.4725735,0.10981268,0.99978554,0.1250622,1.507128,0.50761545,0.501416,3.0362785,0.68190145,0.4181985,0.58561283,1.744505,0.9889945,0.7734396,0.17048082,0.86436534,0.76946115,2.105271,0.7771451,0.4385069,0.06901583,0.3668069,1.270885,0.92998666,0.38928023,0.14047635,0.14103271,4.3728247,2.065796,0.08491357,0.62295943,0.15645404,0.4814964,0.5330214,1.2221336,0.36964622,0.930261,1.2254827,0.011928396,0.5209596,0.11531031,0.29497942,0.30053237,0.48474094,0.7974926,0.4459988,0.6093592,1.829891,0.56414,0.45666066,0.46581462,1.4940221,0.2998097,0.6907971,0.9696722,0.3023058,1.7800276,0.5938404,1.1515182,1.3233526,0.7939025,0.94581145,1.1408147,0.8680124,0.71824765,0.4379785,0.6057927,0.3030998,0.6470698,0.7693294,1.0667424,0.54611844,0.052891705,1.3845276,2.0165215,0.18271421,0.64246434,0.5049594,0.7505803,0.7387897,0.357105,1.1003032,0.63282007,0.85294306,0.62557757,0.59750825,0.33718345,0.46264765,0.9084698,1.0701299,0.17175923,0.99620515,0.07543807,1.0908321,0.43553042,1.7426838,0.6218014,0.7787463,0.7895391,0.64286655,1.0560188,1.4885659,0.377148,0.058813643,0.22482865,0.26401034,0.9390109,0.39324695,0.14216295,0.16746552,0.5992338,0.1575996,0.53292125,1.393039,0.47234368,0.5048884,0.8529938,0.8175299,1.6921905,0.6754964,0.14220177,0.57389235,1.2065575,0.3718532,0.7825059,0.9788748,1.0308694,0.9540016,2.35261,0.34139344,1.0996989,0.39748478,0.8231834,0.09697825,1.3099624,2.4484837,0.4766478,2.5558574,2.0380714,0.22367302,0.18324637,0.4481932,1.1452998,1.0081632,0.3927127,0.5144044,1.7102071,0.56956273,3.3719356,0.6366362,1.6186823,2.9660296,0.99298936,1.8416524,0.49112734,0.80589414,1.075337,0.35029745,0.5536577,1.348583,0.08136893,0.76074934,0.5815788,1.0034832,0.8294291,0.6534409,0.7114521,0.35551676,0.45589995,0.23417191,0.42505956,0.5795218,0.8025402,0.13303939
hidden_0_n18,0.052846927,0.65218973,0.084925935,0.55884826,0.35178763,1.3244042,0.17998293,0.38300532,1.3986784,0.23837605,0.15961163,0.77771604,0.90059394,1.3159425,0.99867356,0.30824903,0.76050484,0.9268353,0.0,0.29558775,0.43854958,1.7981545,0.38324645,0.6142235,0.26804742,0.2124087,0.19801566,1.0714959,0.3469853,0.5031165,0.7259045,1.6232938,2.4613872,1.3494312,0.036131233,1.3771254,0.33696234,2.0440283,0.6148013,0.18406199,0.78145444,0.6437531,1.1908677,2.7863455,1.2987853,2.4733462,0.7806,0.14019088,0.14973672,0.5848771,1.7687819,0.3386179,0.2592988,0.7190059,0.8226798,1.5801935,0.6623401,0.63341635,0.9397698,1.5419763,0.4953489,1.0665711,0.1314548,0.47739685,2.7642758,2.0672991,1.207984,0.17436846,1.5386814,0.38450918,2.0675485,0.11710393,0.519598,0.8444153,0.6663337,0.291834,1.5503252,0.24260963,1.7885205,0.2669198,0.6144358,0.24469262,0.23576303,0.32025176,0.8818444,0.3102174,0.38500613,1.047775,0.044766307,0.8641922,0.4299727,0.92241323,0.74659747,0.68398106,0.755134,0.8924311,0.28826898,0.97612834,0.9268945,0.3844295,1.0368651,0.8528657,0.7012887,0.58571345,0.63328326,0.25683683,0.3183921,1.5602801,2.0703819,0.08373681,4.168223,0.1234374,0.44189924,0.22512758,1.1053528,0.7958094,1.8321207,0.9550517,1.5392036,2.3783708,0.5355818,1.0462354,0.15721664,0.31895027,2.1135027,0.14495914,0.80275863,0.9637265,1.2130024,0.76435477,0.27703786,0.43624753,1.0751798,0.602008,0.30393484,0.546661,0.21626592,0.11122353,1.0330068,0.08380969,0.18567505,0.014701978,0.42664012,0.7923039,1.9212457,0.19802362,0.30677122,0.60222185,1.0356702,1.7409158,0.86102086,0.4216465,1.6459016,0.19208993,0.14794375,0.25901794,0.29444158,0.67196417,0.89587903,0.26095408,0.8923259,0.9380727,0.83835703,0.46032253,0.47258478,0.41915685,0.086643495,2.2296097,0.4654059,0.52556974,1.0844948,0.1654927,0.36511657,0.99401575,0.4247886,0.34629896,2.063501,0.46223134,1.4991629,0.4538434,1.3294923,0.7224143,0.24563299,1.0808809,0.0070352685,0.89909583,0.37626162,0.57672936,0.4461695,0.6842687,1.2114408,0.8630264
hidden_0_n19,0.06255728,2.4691029,0.1645629,0.60128623,2.0225978,1.5172876,0.2633142,0.9867277,0.559893,0.24159206,0.2521791,0.8689436,0.5175065,1.3452036,0.025862977,2.4326286,1.4419966,0.10947116,1.1480244,0.0,0.8670674,1.556971,0.106338546,0.022928273,0.48892474,0.21901342,0.5125894,0.752901,1.479806,0.0554209,1.2291992,0.37054256,0.27634996,0.44620273,1.7883364,0.72582686,1.5004469,1.5972558,0.42938945,0.91640097,1.1316209,0.63277113,0.19550765,0.23729703,0.4921807,0.9447777,0.17048852,0.14857161,0.06644418,0.14730212,0.76214284,1.1166159,1.3531027,0.5157351,0.78728014,0.59058917,0.65349424,2.0196793,0.028403351,1.7348472,0.46554887,0.39309338,0.676987,0.9814371,1.2146132,0.45916295,0.3144667,0.9545215,0.45930496,0.37547338,1.0050762,1.2337263,1.363909,0.111919664,0.48667336,0.8610604,1.3621764,0.8371056,0.6523564,0.26252088,0.2019174,0.0703662,1.2222394,0.092011645,1.4410676,0.70344317,0.7890612,0.3356433,0.5584576,0.7662049,1.883263,0.20195039,0.32281458,0.7262726,1.3301799,0.17452201,1.7984133,0.98920214,0.17515028,1.6648792,0.4611549,1.3094578,0.56547934,0.945802,0.73530686,0.19955206,0.272687,1.755667,0.35730818,0.9277493,2.559407,1.6381027,0.4228026,0.69676316,1.0995971,0.21402086,0.66502345,1.3896093,0.1965833,0.51490104,0.580898,0.96758217,0.7128161,1.4449455,0.57673335,2.1373293,1.5257188,1.9359486,1.252584,1.7020454,1.6774869,0.7438317,1.9858192,0.32799205,0.5954557,0.9287271,1.4329984,0.08626643,0.28217342,0.3098081,1.0424032,0.17685726,0.09421495,1.5316541,1.3783094,0.67516756,0.35985065,1.3666912,0.1558073,0.559006,0.12196128,0.38397738,1.5776281,0.6272194,0.6440645,0.3467875,0.32804766,0.5184296,1.448624,0.21303335,0.12501213,1.0744385,1.7684646,0.41072515,1.9122372,0.22614507,0.47303694,0.72084206,0.025247043,1.1849185,0.30826366,0.35315037,3.5008032,0.040126942,0.7739728,2.521485,0.3146755,0.5173325,0.56160295,0.8279389,0.4101069,0.26410127,0.5142994,0.5614353,1.8705462,1.1403257,1.5365367,1.6658213,0.42980352,1.4102281,1.3894645,0.66495603
hidden_0_n20,0.28347751,0.40310985,1.4588814,1.1789677,0.9792242,0.1344521,0.30326536,0.96589345,1.9730443,0.2570203,0.81364304,0.019762782,0.74566174,1.4071292,2.375882,0.49212775,1.2828945,0.7712245,1.7147028,0.08657525,0.0,2.7080681,1.1619811,1.178052,0.15054275,0.7894807,0.75569725,1.6098908,1.6010534,0.53674895,1.0176493,0.27414873,0.1495506,0.54866195,0.5548118,1.1794951,1.3659505,0.4971157,1.6313956,0.38785446,1.6315372,0.11462994,1.139556,4.428121,2.8049004,0.69212043,0.7350826,0.2062176,0.5795921,0.9072424,0.567259,1.429786,0.6590797,1.5673968,2.0717127,0.5768866,0.57014394,0.89085,1.7172537,3.1166387,3.0186152,4.1395006,0.39663723,1.7330256,0.8297919,0.6109738,0.12556845,0.71413916,0.6030963,0.43042302,0.69729733,0.956207,0.5672124,1.6220713,0.14371458,0.1405167,0.34357533,1.186901,0.40145555,0.20384544,0.8064627,1.4183413,0.15037058,0.9616259,0.36597538,0.63549846,0.58571094,1.1014578,0.57364297,1.9000449,0.5010388,0.21094188,3.7167912,0.27580467,0.66820747,1.8705488,0.82863116,0.7103916,4.6731596,1.7922311,0.4974558,0.89375824,0.70476156,1.2480081,1.3551474,1.0307772,1.0526838,0.60322076,0.95836776,0.19603768,1.1406424,0.82309085,1.4060467,1.4707828,0.24289982,0.5680978,0.7142086,2.2695477,3.0456996,1.0777689,0.91932625,1.54234,1.0437143,0.08655167,2.0436146,0.9925149,1.6736428,3.3952627,3.7896595,0.83054745,4.1632137,0.23609972,0.9553223,3.6629653,0.04467131,1.641523,1.9271046,1.4976803,1.4581212,1.5038234,1.1132712,0.83534455,2.4493537,0.7692602,0.48066202,2.110536,3.2891564,3.1986175,1.4853402,2.334637,0.17896624,1.1595316,1.1232593,1.0407832,0.8791834,0.7849488,0.33845627,0.3352127,0.7604667,1.3717369,0.5937173,0.85229605,0.2996092,2.6687903,0.6246602,0.25337,2.9908788,3.8239284,1.2288283,2.5059998,1.8162074,0.73406345,1.9312372,1.0908735,2.1345196,0.35328734,3.4642935,2.4475682,4.1037602,2.0106637,4.943708,2.1454194,2.1042523,0.46427047,1.2092528,0.31966013,1.2708176,0.57812023,0.9534069,0.61538815,1.5085897,0.735572
hidden_0_n21,1.7185202,0.3076218,0.09690051,0.92296326,0.8238009,1.1380926,0.065375425,0.393971,0.6958488,1.1757085,1.2558305,0.34597397,0.1687124,0.27889287,1.0276171,1.3985301,1.6896278,0.4830267,3.8518493,1.0240109,2.157605,0.0,0.27055386,0.41822964,0.69707274,1.6465561,2.6031668,1.9045234,2.1281846,1.8819432,0.39540765,0.90340924,0.71446115,0.86054194,0.9745784,2.2999957,1.7187827,0.78833455,0.19748348,1.1731875,0.54765767,0.09434837,0.9790557,1.4851685,2.5584655,1.0770364,0.5416934,1.2553078,0.7717873,0.93633354,1.8429568,1.4655995,0.79902583,1.83015,0.7687089,0.79258716,0.49731112,0.739874,3.4310024,1.1292593,0.5737137,0.3416596,0.88412166,1.0105804,1.2203352,1.0489722,0.43531024,3.0820014,0.5770151,0.53174204,2.3853037,1.7190824,1.5866433,0.94560516,2.3455462,2.2958837,0.8770086,0.95582247,0.9104547,1.2313006,2.2100947,0.6480668,2.349433,2.9294615,0.940904,1.2825464,0.3205482,1.2214366,1.4700664,0.17208485,0.9944297,0.7944837,2.9572725,0.64943266,1.8511496,0.89655054,1.0161463,1.2324387,1.090076,1.4967989,0.6152679,1.2797221,1.0534794,1.9808556,0.33395097,2.0267625,1.3485069,1.2247559,3.4154744,1.3304685,2.548285,1.9212513,0.18215403,0.020033538,1.0565733,0.4290133,0.5216961,0.61450106,0.084412515,1.4983901,0.26392114,0.5222576,1.4389411,1.4052701,0.78078705,0.98275524,1.0514909,1.5503753,1.5832734,0.5129562,4.0850897,2.0655844,1.0734721,0.8398368,0.36593914,1.1723161,1.4534184,1.8114876,0.37049505,1.2561007,0.2981167,0.92140573,0.8214115,1.0884199,0.93185186,1.3449798,1.1506987,1.0965348,3.4358914,0.56823117,0.87431616,0.17024076,0.422174,0.29555413,2.911742,0.16741529,2.2502728,2.5261836,0.2888113,0.63343096,1.0603175,0.3309236,1.8664845,1.8978338,0.79448414,0.17667018,0.3686306,1.8104124,1.3037553,1.0960326,0.740532,0.95355153,2.0056252,0.28379843,1.0103239,0.055880062,2.5028584,3.0282013,4.1822433,0.7404157,2.9506328,1.748025,0.71286005,0.5553135,0.96455795,0.79145926,0.3182036,0.6475406,2.057554,2.2084558,1.0942779,1.5519222
hidden_0_n22,0.7075484,0.3017587,1.6127759,1.875866,0.50836843,0.16055663,0.20616622,0.11335826,0.15842292,0.52933204,0.54023206,0.52082396,0.61018586,1.3501523,0.48110482,0.4474544,0.8985224,1.3301762,0.48046494,0.51152855,0.33349377,1.1605883,0.0,0.19509046,0.707727,2.1401873,0.6831813,1.0050688,1.0126082,0.21719487,0.32135418,0.8081084,0.5900325,0.6263617,0.6368574,1.2481471,0.37774396,0.7594401,1.4164972,0.29608297,0.24570775,0.053890966,0.64763534,0.86334383,1.4463938,0.76196617,0.68850607,0.34582773,0.31717145,0.9798337,0.3924694,0.3698493,0.6305257,2.5387855,0.2628199,1.6584737,1.9703445,0.6689356,0.7505542,0.26378337,0.21762969,2.4256215,0.065334834,0.29242548,0.91891885,0.51854414,0.6825392,0.15649775,0.95807564,0.54395664,1.5570585,0.7802463,1.0986605,1.5728558,0.32640648,0.43951717,1.5124977,1.4790299,0.6414711,0.9908693,0.4943131,0.59038836,0.05979733,0.33729136,0.2796963,0.43601984,0.3115727,1.5576916,0.26042774,0.14869103,0.079537354,1.0305243,0.12542541,0.7054846,0.63124573,1.6938647,0.7859939,1.1681464,1.873556,1.0987107,0.6747143,1.506348,0.63122064,0.42297846,0.38883904,1.3743833,0.4811239,0.73905796,1.7742335,0.069449805,0.5508433,0.6177923,0.23354326,0.9861867,0.2350842,1.0403478,0.80459374,1.1240433,1.3703574,0.8377297,1.4109403,1.0411996,0.0897991,1.1040411,0.13250636,0.7018035,0.6136551,3.2823322,1.3423636,1.4632092,0.27907935,3.6609497,1.699098,0.13502908,1.5544653,0.49652287,1.110631,0.18464912,0.1312994,3.2840574,3.2813694,0.3612631,0.144114,0.28771642,0.27938095,3.0977263,1.329734,2.6945264,0.18625964,3.117931,0.56707567,0.29784507,0.18454574,0.4778496,0.48857412,0.75151175,4.590586,2.6847882,1.8800166,0.6330893,1.1599377,0.2065605,1.8459255,0.16811723,0.31972927,0.19103488,0.811089,5.274537,2.022859,0.45439982,1.1027526,2.871661,0.4621534,0.41006756,1.3122451,1.1500679,1.2897279,0.7699477,1.3620996,0.5741114,1.1896063,5.4265404,0.9485161,0.5490455,0.14083312,0.4984686,1.6272207,1.1609509,0.48503843,1.0640181,2.6499252,0.987893
hidden_0_n23,0.022104064,2.3661902,1.0232806,1.4117122,4.9984484,0.7826698,0.7382644,0.9808883,0.24918565,0.62407005,3.282416,0.76750404,0.11660919,3.5166903,0.8344351,3.27624,0.15499327,1.4074684,0.63585204,0.14955708,0.61688536,1.2547663,0.38136628,0.0,0.5548174,2.891107,0.4243708,0.8220532,0.83132,0.63663393,0.5879329,0.19613546,0.21332318,0.8562441,1.1169412,0.85210896,0.9600071,0.41008255,1.9091111,1.820929,3.3965774,0.11160622,0.119019456,1.4106443,1.1656258,1.9504365,1.1992342,0.7101864,0.25767222,0.99021375,0.017426323,0.0973619,0.64741373,1.3005939,0.6967411,0.82010007,1.0638627,3.5315397,0.6037048,0.84283817,1.0649573,1.5617471,0.52874833,0.78523946,0.8046519,0.42324835,0.8538507,0.7511714,0.48533207,1.6659173,0.18584687,1.0304941,0.32849547,1.1255866,1.061188,1.6613603,0.8832062,0.39428344,2.037802,0.59892535,0.76837504,0.80299044,0.32768068,0.22436857,1.4120885,1.8555799,2.0573072,1.0453513,0.53576875,1.3001367,0.64796257,0.43154407,0.28212553,0.7730653,0.24344328,0.5979249,5.9040213,1.3490726,0.8123909,2.128046,0.47911897,2.1772618,0.42132643,0.2935262,0.1374518,0.8361983,0.6031493,0.78458637,0.064864755,2.6506872,1.3881482,2.4507377,0.9767376,1.477992,1.1420145,0.412965,1.1502311,0.46754175,0.5871572,0.9171276,1.3728217,0.9420411,0.78513443,1.0003916,0.6813176,0.97629666,0.4986998,4.2942824,0.45841607,1.8826497,2.4099665,0.86705124,0.8154684,1.2227559,1.2811453,0.83618647,2.5503993,0.38125196,0.86304474,1.5342381,1.0175864,0.19478254,1.6440804,1.854265,0.3215555,0.850322,0.27462122,0.40808702,0.53753245,0.5168697,0.19243683,0.49203572,0.3158014,1.3202957,1.2629509,1.3857256,0.8242869,0.12872759,2.745943,0.5426859,0.84010255,1.3157039,0.564634,0.20001432,2.3400793,0.46000284,2.6742623,0.25585115,0.9819091,3.333859,1.0101751,1.0411447,3.046285,1.5487114,0.6683473,2.6805122,0.0055493712,0.78659594,0.041874606,1.8549494,0.2970402,0.40074906,1.1011443,0.522267,3.7256372,1.2090098,2.243425,1.7499421,1.5596756,1.8118244,0.44032112,0.26754048
hidden_0_n24,1.345062,0.97656345,2.31352,0.15534987,0.8868397,1.513652,2.3363676,0.1311075,4.6392817,1.1064621,1.9746333,2.4767835,0.51065254,0.28507158,0.33660942,1.182139,2.0015304,0.7715473,0.2703617,0.25226566,0.77462983,1.0625951,1.1231142,0.5003689,0.0,5.714574,0.37080798,2.4655502,0.87887174,0.24064408,0.80311704,1.8813621,1.9897792,1.5157436,1.4474546,0.07665724,1.6240406,3.4527752,0.276327,1.5266424,0.7966972,0.6877755,0.49276516,2.0379179,0.7299162,2.3335826,2.856766,0.19272415,0.16440514,0.82667047,0.39055365,0.552677,1.6516242,0.17219917,0.37744832,2.4329221,0.41352,0.1604554,1.4908812,2.2191465,0.4033054,0.8386014,0.9772035,0.10683235,0.59909916,0.21713696,3.30949,0.6629685,0.8746902,0.83500665,1.1574544,1.2910237,1.3314009,1.9202579,0.15917791,1.7824304,0.18056872,1.2742735,0.56170213,1.4389592,3.9463234,4.2959228,1.8414569,1.815889,1.2940629,0.5682448,1.0018817,1.4376165,1.9358371,0.3814721,0.18305254,2.3920507,2.1731415,0.1478861,0.8504122,0.08598131,1.1848775,0.8020545,1.9921478,1.1413907,3.7049875,1.5410814,0.21957721,0.49589074,0.35490793,0.48560598,1.4566432,0.8375852,0.4402101,0.5043682,2.893724,0.07728593,0.48896408,2.4614553,0.69218075,1.3675661,0.5871504,2.7506747,1.5588664,0.5408129,0.5340285,0.7309676,0.4409065,1.1780157,0.91408426,0.14692438,1.4077277,1.1795477,2.114232,0.11891589,1.8526951,0.7506445,0.3698786,1.7961147,0.7726293,0.8809476,2.822701,0.7319787,0.6743286,0.021821078,0.35412353,1.8735976,2.1278703,0.8676247,0.6721072,0.39774117,2.1251645,0.77687526,3.4019656,0.78182995,0.31646448,0.5421303,2.1396215,1.6402564,0.3754413,2.9591894,1.3300295,0.0732702,0.53966355,1.0951105,1.396366,1.3651043,0.42715383,2.3657086,0.727793,1.7420801,4.0894003,0.9309148,1.3835777,2.5345488,1.6751058,2.0084202,0.7440196,1.2323897,1.8766992,0.36155826,2.0870333,1.3458177,1.0300436,1.680848,3.1906636,1.1431324,1.1973659,1.1010493,0.69947904,0.90579283,0.62440985,0.121205196,1.386808,0.40133363,1.4038193,0.35039148
hidden_0_n25,2.005681,0.14420576,0.05484506,0.39172214,2.4402657,0.44085026,1.5322429,1.1151872,0.22720459,1.0540794,0.2722623,0.28877935,1.9264934,1.8369702,1.7332461,0.3195693,0.96148974,0.44413558,1.4306414,2.6405587,0.15722993,0.33846268,0.20820007,0.8125657,0.64583147,0.0,1.3587366,0.4856985,0.3962917,0.8361653,2.0581734,0.31564623,0.8345235,1.9051051,0.18315262,1.1074209,0.040341035,1.4655379,1.7444938,1.4356337,0.9742233,0.3025521,0.9875839,0.26750115,0.33764878,0.55894864,0.45224452,1.4373572,0.8928947,1.6060637,0.71888167,0.7933725,0.75500584,3.592374,0.60388607,0.47977906,0.6972179,0.382665,1.0594245,0.28389102,0.5131636,1.0308464,0.6035216,0.40560403,0.62113506,0.3941393,0.651338,0.5371455,0.99434966,2.123346,1.2345517,0.8705789,0.65500635,0.89403623,1.4582287,0.14940132,0.6062749,1.8630388,1.1984948,0.84138894,0.36833617,0.28880036,1.6057596,4.0115695,1.1436391,0.94937545,1.7215451,0.14426984,0.8254708,2.9177842,0.67731833,0.11489214,1.2527716,0.606503,0.6889835,0.97478706,1.915983,1.3540381,1.1225054,2.8164196,0.18529752,0.51661676,0.33184186,2.822461,3.524278,1.8920254,1.6465741,0.22915815,2.7490335,1.9698606,2.5009832,0.5474615,1.0173551,0.31980744,0.74264205,1.3105944,2.1961443,0.5530073,0.4739337,0.8750123,0.28907222,0.57751465,1.2521071,0.5205698,0.68356895,0.8979846,1.1377091,0.6374877,0.69825953,1.0433921,0.39260602,1.2211376,1.1526042,1.1322632,0.7063092,0.12303006,0.6097549,0.74601984,0.014251437,2.2903883,0.0076861065,1.5625296,0.84273314,0.4155419,1.1287462,0.39302015,0.30203933,0.24812113,0.60775113,0.19409548,1.0736238,0.21959893,3.1257293,0.89135987,0.12314483,0.55795866,1.0200913,1.2041084,0.8252942,0.17666154,1.0289032,0.46883884,1.173331,0.6767955,0.4383405,0.20238219,0.070213534,0.79535306,0.9922281,0.1499722,0.9669149,1.2481886,0.08765918,0.5714173,1.359557,0.56384873,0.6319477,0.10267192,0.3655452,0.20870623,2.4543145,2.0637393,0.8462371,0.24356458,0.1067376,0.19181104,1.0352359,0.7463527,1.6522852,1.5321882,0.661503,0.09806073
hidden_0_n26,0.784745,0.6316454,1.2103257,0.6230672,0.231279,2.6123967,0.29174852,1.1398271,2.4399428,0.54178643,2.2599866,0.56401974,1.7736269,0.44209087,2.8048584,0.68832463,0.21671619,3.46599,4.321866,1.8848938,1.2353559,0.43387854,0.38042974,0.051624086,1.4828193,2.5570147,0.0,1.6985805,0.31343493,1.2968379,1.3852944,0.48487416,1.0684314,0.9546067,1.0112987,1.3291365,0.7152613,1.4791402,2.2233763,1.4923958,1.9498392,0.8636397,0.047986794,3.2180846,3.5083318,1.1077387,0.86997473,0.68480915,0.33153284,1.4429585,0.5938359,1.0023279,1.7417482,0.49516606,1.0997348,0.49859008,0.54665565,0.7172777,1.9267396,2.5577989,0.43565577,1.6544973,1.6894076,0.38356754,0.1811752,1.0669423,1.357008,2.22904,3.811879,1.900249,0.35405788,1.4208019,1.7041343,0.42283544,2.3170362,0.21701895,0.5131808,0.89978015,0.5209783,0.51369935,2.9761622,1.9562796,0.9893183,0.82019407,0.44195864,0.042691052,0.7598224,0.0929724,3.0144038,1.0612539,1.4538713,0.4584227,2.778559,0.18255636,0.17151666,0.030940557,1.2290589,0.16938543,0.60327834,0.26837987,0.9115158,0.5218244,0.86807567,0.1156068,3.1660645,0.28077313,1.8306673,1.4415694,1.0982354,0.6626486,2.1956213,2.4388058,0.9586937,1.1865295,1.3934126,1.5859016,2.8879662,3.0652955,0.76789784,0.118243344,1.549044,0.85649246,0.04707663,1.0489342,0.18960194,0.9589541,0.21342063,0.71803784,5.545431,0.4907211,4.1652026,1.7285274,0.24389607,0.22782707,0.54120475,0.25421134,1.7889922,1.0099723,0.29755375,0.99683946,0.9803909,0.89579487,0.43152732,1.3222998,2.308944,0.37950596,0.51619077,2.6914008,7.346696,0.9855282,1.827322,0.34321922,0.35669664,0.41366163,0.5079354,2.1878996,0.77088094,0.18078157,0.893638,2.8394825,3.5321271,0.4515754,3.0775776,5.214379,1.3420738,0.10350931,2.7507255,1.3139377,0.54842937,0.94070286,0.91422,0.31236798,3.6416283,2.7605836,4.4296827,2.127793,3.5597858,1.4713695,2.528879,1.7501963,1.9501011,0.24958855,2.3767586,3.424637,1.3083268,1.4837569,0.339006,0.3828023,0.19678697,0.11709411,0.3988269,2.1742353
hidden_0_n27,0.49105322,0.9425221,0.6098217,0.07676934,1.2961564,1.1643426,0.2783668,0.9286218,0.8387003,1.1956892,1.0655241,0.36615095,0.58728987,1.9361,0.42652193,0.57118195,0.32473037,0.17175405,1.8004764,2.8280418,0.22654195,0.06871003,0.43831876,0.631675,0.10176215,0.9700383,1.7914243,0.0,0.23410895,0.41129363,2.6852088,0.5772486,0.7069965,1.3421688,0.30401266,1.9253973,0.18221554,0.38538393,1.0658866,0.9662539,1.8173531,0.4428197,0.11848615,1.4811352,1.5395056,1.519829,1.3594426,2.2361767,0.81829166,0.033895757,0.68945163,1.3878902,2.0622988,0.96037894,1.0418174,1.93604,0.1373873,0.47919804,0.96422476,0.9537131,0.15574652,0.34131333,0.745361,1.2328864,0.97560096,0.78753227,0.49722376,0.45873696,2.6470952,1.0437475,1.3397641,2.8486838,3.247214,0.17440975,1.6648452,1.2667955,2.0986373,1.8050313,1.7571753,0.18653382,0.94586605,0.6544054,1.2428529,1.922966,0.0013313254,0.3121278,3.118654,0.40811566,2.1859634,1.4288625,1.6200346,0.14493364,1.2965832,0.19667166,0.057709016,0.4930368,1.942299,0.13793783,0.17172794,1.0590671,0.7548442,0.5424482,0.3184336,1.2430149,1.7441647,0.94117063,0.3977698,2.8420227,0.9125106,0.89039963,1.6663449,1.801707,0.4130686,0.7055811,1.3555759,0.16430043,1.8168159,2.1549022,0.31827042,0.5741374,0.56907654,0.17987694,0.49344972,0.41702235,0.25543663,2.5774212,0.6739254,0.72124195,1.9561332,0.758902,1.5784408,2.3794317,0.81977606,0.6488956,1.4187962,0.36388943,2.723167,2.1258914,0.09192732,1.2120466,2.4479988,0.09682046,0.40093207,1.6874608,1.092645,0.88515717,0.25998935,0.7521312,2.6095932,0.36492097,1.758394,0.4226747,0.47698972,0.29674935,0.391666,0.7352648,1.7360396,2.1262546,0.40859222,0.32325682,0.97975045,0.8225458,4.630505,2.4988444,1.3652803,0.21558984,1.1005129,0.65044117,1.5518188,1.3701727,0.41378412,0.5352124,2.0395997,0.65667325,4.1639824,2.7116122,0.55929506,0.4069242,1.0444429,2.0426805,1.2593455,2.0859203,0.13959357,0.5779831,1.4856907,1.2911717,2.440789,0.6484114,0.71009064,1.7115215,0.96323645,0.9480294
hidden_0_n28,0.3611921,0.31062946,0.06250174,0.55964595,0.45746407,0.8532748,0.30828544,0.302957,0.64664364,0.44555447,0.8693952,0.48012286,0.7489991,1.5408477,1.2295833,2.3714867,1.2091248,0.7173945,0.9206742,0.012489328,0.108918175,0.33684123,2.0952659,0.17651904,0.2560049,0.55570173,0.9817896,1.0273104,0.0,0.61255044,0.09230146,1.8393084,0.07082909,0.67988324,0.9637051,1.4169184,1.4418306,0.82286245,0.8855384,0.3122914,1.5480541,0.48467746,0.6840187,0.4067917,1.0895118,0.8748747,1.0561187,0.18782118,1.0150145,1.21022,0.5141165,1.1369494,0.37265065,0.23439845,0.6166722,1.30786,0.27718195,0.9762698,1.5387454,0.15403827,0.17131741,1.0636684,0.26148,1.5554352,1.2166989,0.78701425,0.059502747,0.18195362,0.42264244,1.7758611,1.4289026,1.0551692,1.1832526,1.599805,0.9255996,0.12910238,1.5909303,1.2333927,1.0763118,0.90611273,0.58817446,0.87358445,0.15364017,0.3537101,0.3554866,0.3118368,0.040804874,0.99727106,0.11259556,1.1769099,1.6576898,0.5070086,1.8042055,0.9195747,1.1240784,1.0439185,0.50285006,1.3695194,0.31640816,0.8015021,1.1474733,1.5353787,0.5683809,0.6642487,0.48586246,0.4205366,1.1256315,0.90094525,2.2385342,0.7873804,1.5043324,1.4934268,0.6286894,0.24292628,1.1336362,0.27124083,1.0599741,1.0061495,0.7354274,0.8108888,0.82836777,1.483986,0.5466359,0.6169518,0.13516983,1.7579154,0.7444162,1.0143272,0.80355155,0.40952474,1.524342,0.26861233,0.69421977,0.6419337,0.2794208,0.038439427,2.5776882,0.114771694,1.0695168,0.44850802,0.6338364,0.3117404,1.3518226,1.3905711,0.23667863,0.3766596,0.745332,0.27244025,1.9256502,0.4882934,0.79375476,1.3977647,0.30793238,1.2437038,1.0313103,0.3490065,0.5017813,1.0443099,1.0176126,0.4262053,0.5324902,0.5915033,0.3259018,0.32593933,0.63008815,0.5151719,2.2510943,0.13863404,0.25470692,1.5482572,1.8097447,0.631659,1.030354,0.59234965,1.028662,0.97821623,0.8743964,0.22791103,0.56823623,2.6055813,0.091783255,0.052775417,1.5908507,0.37789053,1.6300452,0.89860445,0.18758848,0.065904476,0.38073274,0.00041329628,0.76261324,0.20911314
hidden_0_n29,1.1079537,1.6518904,0.20470017,1.2139318,0.7820516,0.032591574,2.4765728,0.57216245,0.41122958,0.28138363,0.16255192,0.15819463,1.2469954,0.8885817,0.30434027,0.2863015,0.706926,0.6888547,0.9302756,1.2525324,0.42869446,0.25805214,3.9574513,0.7451069,0.48074588,0.18762271,0.61988366,0.5333031,0.9267291,0.0,2.4000888,0.43704662,0.34829572,0.23378024,0.5722378,2.7763925,1.1236558,1.0322593,0.871159,0.12612255,1.6597013,0.04770134,3.754349,1.7201235,0.8842006,1.8531232,1.9227036,1.3130064,1.1090814,1.1071494,0.9554526,1.4223795,0.35466775,1.2992136,4.0700846,0.33186692,0.7549748,1.5526794,2.2954018,1.4353951,0.9161519,2.1961846,0.1586053,3.4955132,0.46650133,2.7083776,0.56068635,0.23138033,0.38443747,0.026787935,0.86283034,1.439916,0.45826945,2.2024372,0.7345811,1.3391083,0.7051028,0.49171132,0.52558804,1.0852371,0.3594129,2.495774,0.23618765,0.9024799,0.43014327,0.62719107,0.22963153,1.5937364,0.43377876,1.8341029,0.17463528,0.3914101,1.560489,0.19463609,0.6454221,2.091755,0.7594072,0.7709322,1.1098902,0.6455551,0.049761448,1.2533181,1.445301,0.24812205,0.65371305,1.0084907,0.58297914,0.19251338,1.7898464,0.745431,0.7538804,1.9753646,1.4430985,0.78756404,1.680925,0.28551653,0.565315,0.20950063,0.44810006,0.114168406,1.2298781,1.2021737,0.26359668,0.16504659,0.60776025,1.4061711,0.15559712,1.5854064,2.426387,0.3448014,1.5826943,1.0079911,0.4034493,1.1537343,0.6218883,1.0158757,3.8948345,1.0833242,1.9053128,1.2126625,1.7342567,0.101079196,1.2718819,0.5487763,0.78279227,1.1886909,1.0797949,0.30872086,0.40327618,1.6490382,0.2636543,2.7838817,0.46576843,1.5354966,0.06516102,1.133545,1.0437026,1.8754799,0.41597772,0.9788161,0.70522314,0.07008785,0.24386053,0.7937456,0.72990996,1.7419784,2.354092,2.339914,0.8752028,3.1851158,2.4050364,2.8052773,0.78101265,1.0096921,2.343063,0.67688197,1.8779923,0.94890237,2.6553977,1.6449641,1.5872931,1.2721645,1.7431355,0.49500886,1.6208999,0.22713304,1.0939754,0.35671434,0.4876304,0.94481087,0.7239612,1.0064245
hidden_0_n30,0.086540446,1.0643922,0.43906316,0.38199452,2.700836,0.29886395,0.3536797,0.2504588,0.30854395,0.23032038,0.87598395,1.1126428,0.17579165,3.085449,0.156101,1.8510382,2.4836218,0.3796081,0.056205213,0.088039525,0.1767675,0.3627501,0.43327695,0.08284801,0.32372925,0.24402216,0.47927567,0.26996982,1.3820597,0.9292445,0.0,0.36410996,0.5971882,0.09641847,1.5289531,0.71831334,1.7811953,0.12755965,0.3086623,0.76879793,0.97948116,0.16353115,0.4095144,0.39142492,0.98872757,1.0177593,0.1914448,0.70393693,0.16633222,0.17056027,0.6475193,0.36243138,1.3156648,0.8673704,0.42293537,0.6608246,1.246905,1.8542082,0.4916173,0.58389276,1.6748408,1.1392361,0.49688116,0.13895997,1.1594924,0.29284364,0.24323592,0.01265627,0.61421955,0.60258514,0.3696796,1.3723236,1.0972563,0.53489476,0.58502316,0.72683084,1.1392163,0.6262359,0.81699455,0.13109997,0.01507101,1.504343,0.41890267,0.87051195,0.9443362,0.86464894,0.2602903,0.35051644,0.33185735,0.82414645,0.8117826,0.22010405,0.50483996,0.0681462,0.5651567,0.4701573,0.8896343,1.61782,2.101129,3.2385802,1.2381661,0.6155403,0.13141994,1.913621,0.09363744,0.48686904,0.15022866,1.8551576,0.89628106,0.78545463,0.7454316,1.3655114,1.5857239,0.19361594,0.8116046,0.470971,0.072605625,0.27525386,0.7019897,1.4019432,0.7768662,0.5736503,1.7921735,0.5636721,0.94571793,1.823651,2.5651486,2.7191827,1.2461472,1.6366476,0.46112615,0.3037272,2.7501311,1.271201,0.68343353,0.5202281,0.48482817,0.03826653,1.3593007,0.5819806,0.8865614,0.3368715,0.46466607,0.4946885,0.4856232,0.42488515,0.6302495,0.4931177,0.8260422,0.83505857,0.32963854,0.06947579,0.32449886,0.08482411,0.24824965,0.13402408,0.19341081,0.7709802,1.0416001,0.47812992,0.5345746,0.387158,0.7577622,0.92644185,0.92968005,0.9027048,0.32083136,1.2611876,0.12892109,0.49586955,0.50541925,0.11620001,1.2239696,0.5143978,1.1315672,2.6289434,1.5109171,0.22432166,1.7325549,0.82835424,0.85768574,0.3616053,0.25575492,0.89033234,0.8058167,1.7663509,1.7919667,1.9784216,0.9181433,0.34209684,2.4154685,0.24954826
hidden_0_n31,0.29885265,1.2556353,0.70518184,0.88204783,2.4865825,0.2200172,0.4642089,0.45876,1.2903103,0.3978402,0.3269483,1.7298956,0.3485421,0.84220827,0.24917051,0.70316833,1.819327,0.96528506,1.270616,1.4606068,1.468078,0.27230468,0.9068695,0.78430134,0.33231178,3.7753322,0.43831584,0.5598925,1.0431598,0.55743694,0.64038664,0.0,0.6791995,1.0101328,0.53680146,1.0196992,1.0689601,0.71421254,2.008772,0.65693533,2.058246,0.22946273,0.18667713,1.2419823,0.16738792,2.366076,0.9094327,0.48088938,0.3423451,1.6863565,0.6122997,0.850798,0.02436508,1.3431822,0.38022527,0.32783073,1.9899958,1.2183536,2.1691787,0.93704784,0.9287256,1.4315171,0.2711817,0.20851399,1.062366,0.7562581,1.3328897,1.3278539,3.093948,1.5888488,1.9975219,0.29705808,0.89999723,0.18260878,0.10468452,1.6632384,0.83109576,1.0469584,0.5493836,0.44346732,2.1238546,2.3151667,0.85856724,0.85103273,1.0727375,1.1356208,0.5084687,1.2751827,0.965946,0.00984977,0.28307447,0.86399424,1.2367175,0.59112173,0.58357877,0.9311962,0.5477187,0.853286,0.9192608,1.1390336,1.9620526,3.9847648,0.26702663,0.98985714,1.960152,1.1315905,2.1623483,0.95630854,1.3692251,0.26141408,0.768208,0.79195106,0.23740429,2.1727965,0.105979316,3.3879821,0.47518614,1.4680312,1.2803392,0.45888782,1.7078379,1.7024163,0.34020802,0.445309,0.28974015,0.81291956,1.4835308,2.2992413,1.311736,2.0117292,0.4433196,2.2722583,1.5107286,1.0398874,0.5475182,0.26711264,1.3322438,0.48073092,0.5872843,1.816974,2.7994263,0.36803526,1.0693747,0.29267046,1.4206657,2.1463223,0.7498034,1.1417476,3.0011175,0.55110073,0.99270296,0.43846786,0.48678315,0.4712457,0.815165,2.449266,2.8789887,1.8270385,2.1294053,1.170869,1.6721939,0.42175138,3.3514695,0.98789805,0.052162204,1.4279267,1.2856525,1.7166331,1.0914613,0.58411527,0.7301515,2.393217,0.041034877,2.2571287,2.973854,1.1071527,0.5749064,1.631189,0.6341862,0.97415704,0.54762226,2.470606,0.26308504,1.5521264,0.17952508,0.785665,0.87662774,1.5911092,0.5956064,0.446521,1.782812,1.4620498
hidden_0_n32,0.6682435,0.8823807,0.2580568,0.09776279,0.8219672,0.42002437,2.2922273,0.3390146,0.5842292,0.98684263,0.088675596,0.17182676,0.5732279,0.9950168,0.2107161,0.24292865,0.20744807,1.3321077,1.1612238,0.23576593,0.83799446,0.39736515,1.7898728,0.33472362,0.90063006,0.8066241,0.12001972,0.23005064,0.5410615,0.75227267,0.90385,1.3704282,0.0,1.4090891,0.25764212,0.59601796,0.4276425,0.2227793,0.058915123,0.32804275,0.27910215,0.5031842,1.0944988,0.10827558,0.73957974,0.36260706,0.80474544,0.19108468,1.1812404,0.095045194,0.32378557,0.9363894,0.97785497,1.6099728,0.14664185,1.4640014,0.22531413,0.48780957,0.678678,0.7594956,0.09571646,0.15767437,0.84009844,0.81680995,0.5101552,0.2627573,0.32154495,0.26190373,1.1442959,1.3316774,0.18690334,0.87046045,0.59231144,1.0827292,0.9733374,0.06574472,0.45714864,1.1355622,0.7908393,1.378392,0.22796486,0.5251659,0.20310809,0.7328145,0.34067497,0.31104663,1.0597054,1.4492598,0.955052,0.4157225,0.72963864,0.61374754,1.1390121,0.837019,0.6754117,0.42377567,0.96725273,0.98426026,0.077058464,1.8961306,0.27895972,0.8096491,0.48455244,0.7963625,1.0871599,0.27567735,2.792138,0.28759277,0.4642981,2.403796,0.5847812,0.92284375,0.32351273,0.9626098,0.42350236,2.1557293,0.66933125,1.1650405,0.5393247,0.4463153,0.13959222,0.22527774,0.6922356,0.22041364,0.26888946,0.462691,0.19904062,0.27050418,0.15871313,0.28752398,0.24211289,0.54505837,1.1004052,0.57129794,0.6802234,1.8600533,0.5218795,0.9763484,0.023154128,0.81032807,0.1396296,0.35873055,0.15601066,0.68762934,0.70078826,0.41471243,0.060922805,0.1993278,0.63807416,0.34240222,1.1733389,0.8445859,1.0877339,2.2793415,0.6701435,1.3157456,0.29751652,0.46046248,0.13060872,0.48611024,0.8053866,1.1389099,1.8470718,0.08760686,0.61350733,0.69886917,1.402112,0.24343818,0.47470897,0.47794384,0.41316554,1.228742,0.7937776,1.5181395,0.49451008,0.22909282,0.13446164,1.2640083,0.20942852,0.21675535,0.69683313,0.18222412,0.29023993,0.51396966,0.31376642,0.4330788,0.74984753,0.40374714,0.3403128,1.6652188,0.40035444,0.75530016
hidden_0_n33,2.1703548,3.9369872,1.9234852,0.53133994,1.0465666,2.5425181,0.6658899,1.0440128,1.3163381,1.0575708,2.9747965,2.5396132,0.19876477,2.6370854,0.8756441,0.5039956,0.4764654,0.9850111,0.8915054,3.8181894,0.7020815,0.4822325,2.649123,1.5912328,0.13329901,0.63623285,0.42716724,0.490758,1.0975693,0.18019757,2.3341563,3.706065,0.38273752,0.0,1.0478426,0.7102193,0.47684062,0.48728725,1.0056977,0.9181484,1.0752307,0.45688638,0.346964,1.4147475,1.0802785,1.3505164,0.4573653,1.9401245,2.867287,1.6895939,0.12051963,0.09665618,0.16092,3.5836072,3.0601895,1.3330109,4.108581,1.3477956,0.21929245,1.829717,0.2791582,2.0340123,1.1260991,4.619742,0.7679528,0.8935652,2.6998868,1.092515,1.5114107,1.1646638,0.6085019,0.3623481,1.2324421,3.7851717,1.2519447,0.68930364,1.9527509,0.4181988,0.6537733,3.582647,0.84955853,0.14420179,0.49654996,2.2167492,1.5121126,1.9579731,1.1545616,0.9981358,0.15898827,0.967744,0.7807352,1.047916,0.23788173,0.8208846,1.0663322,3.519594,1.5015439,0.94305634,1.5656419,2.4623,2.3012128,3.310621,1.0638176,0.67181087,0.5829312,2.5033762,1.1725236,0.46685162,1.7365766,1.0042776,1.0306758,2.8273532,1.8164984,2.6711385,1.4262196,2.0135145,1.3559947,0.73370045,0.5916287,1.604915,1.9102238,1.8541311,0.3184677,0.0798605,0.2976821,0.25255173,1.4514633,2.7911582,1.4379772,1.7571751,0.33096313,1.9043176,2.2067459,2.486816,0.92384464,2.0840082,1.1628536,1.2297473,2.4702928,3.2294319,0.36430895,0.4686247,1.903802,0.88877493,0.91161895,0.15926513,0.30397627,0.8430285,0.49753657,0.90359616,0.9056644,3.5492873,0.4766848,0.87230235,0.8750032,0.74432075,1.40536,1.6417868,1.4710319,0.6066274,0.78287864,0.5186678,0.6957732,0.41835535,1.9061342,0.89962196,0.37405637,4.137786,2.0835845,1.3549771,0.69986355,1.1561896,0.4612966,1.2260658,0.25481054,0.27511758,2.364705,1.2164267,4.009153,0.7015659,2.2200065,3.2488465,0.93202424,0.80586886,2.3342257,1.3992682,2.7653766,1.1386759,1.6528808,0.9953428,1.7197052,0.51921386
hidden_0_n34,0.9867761,0.33713502,0.78428346,0.8587227,0.72861177,2.3136582,1.0584589,0.43202567,0.976623,0.57971066,1.2128053,0.68118006,0.5532061,2.405814,3.1564512,0.17865975,1.6323639,2.656757,1.0853935,0.6385594,0.579441,1.2442832,1.0685465,1.4748741,1.1039387,1.3926915,1.6697714,1.0708189,0.7680302,1.1680219,1.0705569,3.9332635,0.4425522,0.89620227,0.0,0.9602451,0.41260716,0.71180063,1.647507,0.5153369,2.7625055,0.20875692,0.26661834,0.5899778,2.2942584,1.5792496,0.1635929,0.17486864,2.0068054,1.8785872,0.6026771,0.71968246,0.79518914,1.9102727,0.25501594,1.3140914,1.2371355,1.6082814,1.9322413,0.14568707,0.21610563,1.5875659,1.7872137,0.76997083,2.169996,0.86048084,1.7767918,0.52489537,1.3164006,0.38017425,0.27934173,1.1944995,0.808405,1.571013,1.787231,0.53893864,1.0387716,0.73447543,0.8196716,1.3167531,1.4749433,0.9963428,0.07698531,0.5778953,1.8018541,0.11030349,0.1390309,0.18192232,0.08367405,0.6728894,0.5647146,0.45499086,0.60290426,0.43132704,0.5012583,0.9729441,0.16381589,1.555371,0.99248576,0.20600162,1.1951483,1.9573039,0.6832999,2.1656587,1.5055194,1.1354856,0.8983844,0.5967685,1.2525303,0.8393691,2.204033,1.1813539,0.5552375,0.78892905,1.0291108,0.048262388,2.2060568,1.7352917,1.4414127,1.1883585,0.8679805,1.0942947,0.6710983,0.054343104,0.86249757,0.2506575,1.0570812,0.3028699,0.4612842,0.8590638,0.29135796,0.6724246,3.0434725,0.1410131,1.8710942,2.6254997,0.24277237,0.4330209,0.09715967,1.6259392,0.08370656,0.21408623,0.22862574,0.7637071,1.2887843,0.069096215,0.18259437,1.0640619,2.4596834,1.3152497,0.9815222,0.49887082,0.49123523,1.4254142,0.40180773,1.6745322,0.46913242,0.30332297,1.3356391,0.57120395,2.1382644,0.86870205,1.2563071,0.9744462,0.19547026,0.3122801,0.21743001,1.3216004,0.7791747,0.78021246,0.21838878,0.562716,0.034089286,2.3334496,0.40346697,0.15701474,1.1843867,0.47818714,1.3537434,0.11132822,0.32831863,0.643377,2.711387,2.2136633,0.16219623,0.3418614,0.55490047,0.6375458,0.43148366,2.386635,1.1951958,0.77741426
hidden_0_n35,0.047491856,1.4683523,0.23601454,0.30463678,0.56803733,2.5885494,0.65105647,1.4616593,0.840479,1.0964327,0.5078528,0.1599426,1.8205286,2.805389,3.2428303,1.4158442,1.8597054,1.4888649,0.89144754,0.85521674,1.9341235,1.1498138,0.96808696,0.50202596,1.4491824,0.5572688,1.1029236,1.0021138,0.39164123,0.7398716,1.2562648,1.8393908,3.4787548,1.5014579,0.64234424,0.0,0.5214883,0.092702895,0.2699498,0.5836195,1.0863023,1.5353925,0.90848625,2.906667,3.931368,0.6636463,1.1146078,0.6994299,1.311568,0.93209386,2.3983128,1.9407079,2.332396,0.38068628,0.7439088,2.563449,0.10045246,0.33620325,1.8314209,0.11310415,0.5856364,0.806352,0.9800313,0.35214162,0.27037024,2.1924877,0.21089588,0.89505595,4.651459,2.1078732,0.84198123,0.81393576,2.9895177,1.4759271,1.8408996,0.45834827,1.1894884,1.338286,0.47135106,2.2263427,0.47491995,0.9888181,0.5891056,0.4442493,0.6823392,0.14097644,1.1378247,0.47389606,1.0735958,0.98966324,2.372278,1.7857488,2.7441401,0.37832075,0.42246687,0.2794866,0.3131306,1.4082891,1.6587211,0.29189804,0.831285,0.21452737,1.8452852,0.29736707,1.3513706,0.4212465,0.2563485,0.8875749,1.0988308,0.075248584,0.7470298,2.1938565,0.42313832,2.5570118,3.194726,0.9480814,0.9867632,0.9569841,1.9401591,0.3756992,0.2043052,0.16506983,0.6950463,1.4412026,0.576622,0.9419732,1.8223107,0.441421,4.914952,0.54194,1.263417,0.62825686,0.64682966,0.4267044,0.3667964,1.7945292,0.61214304,1.0936317,1.3681692,0.6705384,0.5836102,0.23427983,0.8623431,0.39569113,5.3764772,0.53771675,3.1065278,2.2968569,2.7276902,1.4401702,1.8363706,0.40747544,0.49589455,1.30028,1.4792173,1.5014987,2.9555829,0.58940035,0.45139477,1.9783486,2.6973624,0.7531929,3.397314,1.0791802,3.0219321,0.5778633,1.1094579,2.4023821,0.7669151,0.35670924,0.65954834,1.749599,1.1542499,3.0563774,1.7677463,2.0286074,1.962698,0.70168084,2.174003,0.21576332,1.963525,1.8899791,0.72280496,3.8389823,0.41236654,0.2758266,1.509705,0.551372,0.4808908,0.9297755,0.786987,3.0606344
hidden_0_n36,0.24271442,1.6616824,0.009269901,1.0664561,0.54503965,0.17042066,0.79867846,1.74184,1.291055,0.59684,0.46828762,0.36093855,0.44212356,1.4628234,0.7546174,0.31358847,0.8240366,0.45238814,2.5933623,1.0473388,0.37615043,0.68464303,2.222041,1.7759068,0.9431322,0.9248193,0.9302685,1.0783465,0.87999696,0.8166669,2.4042034,0.6102151,0.11047318,0.42880896,1.3692852,1.5458425,0.0,1.3164518,1.9065422,0.9750893,1.1518964,0.2507603,1.8765208,1.8180058,0.67115927,1.3538431,1.8882085,1.3271767,0.12899293,0.89763343,0.17395358,3.9846942,0.32216606,0.06999245,2.2459702,1.0412309,0.2389045,1.458075,0.4231793,3.5228698,1.7245073,2.373961,1.125011,2.7209785,1.2895468,0.66959333,1.2120287,0.18113987,0.2635551,0.72496367,0.38698405,0.75693953,1.417739,2.0180407,0.27633348,0.32651052,0.8376377,1.9793415,0.25769845,0.5159296,0.4270299,2.2071242,0.58662224,0.83600175,0.58959186,0.2419785,0.3069711,1.5635804,0.7848503,3.1245987,1.172145,1.1427335,3.0513957,0.8250329,0.45092353,0.88391805,0.9846412,1.6133105,1.4470845,1.1661258,0.5148605,2.3494978,1.7253875,0.4457269,2.3917258,1.3229966,0.67852074,0.31489283,0.11348848,0.22742417,2.8774364,0.7778935,0.6770567,1.1938728,2.0934975,0.20055714,1.2286588,3.7383277,0.49954754,0.25164223,1.5598483,2.2536306,1.8709898,0.5657603,0.54378796,0.76334643,0.3146938,1.446645,1.4940827,0.13114381,1.8513892,0.44568402,0.732739,0.536913,0.48441407,1.2992421,3.8187428,1.6312529,1.5190151,0.1585069,0.5396253,0.034700703,1.1454725,1.3931319,0.3031719,0.22037058,0.9729381,1.1056976,1.3929368,0.5195968,0.19204931,2.0860877,0.37712735,0.78849983,0.24724075,1.0381694,0.7411821,1.8903204,0.29295778,1.1086245,0.3109156,0.7978943,1.3439083,1.2369928,1.6079253,0.7261747,2.1370413,0.51290727,0.029939145,4.0888753,2.49128,0.9086667,1.9674735,0.6100809,3.0361667,0.3361927,0.38435823,1.1302762,0.7136834,3.0026886,0.9432304,0.9390159,1.1241513,0.28955433,2.8517532,0.47367406,0.7042221,0.23524843,0.2497389,1.3050568,0.45746556,0.9003175
hidden_0_n37,0.22574584,0.63371164,0.10537752,0.9070537,0.6865579,0.3894713,1.5478879,1.0549611,1.064689,0.51860374,1.0751119,0.4033841,0.17611097,2.9284308,0.9220098,0.44255957,0.060731005,0.8989695,1.7711884,2.7878828,0.34939307,0.9324186,0.26382914,0.59758526,0.7084064,0.75233173,0.7269517,0.22518334,0.30625954,0.41496176,0.67232245,0.21498248,1.3636103,1.3039819,0.032322478,1.1298541,1.060249,0.0,1.8273723,1.5012337,0.41314146,1.2075787,0.12927037,1.0303036,0.64080703,0.755166,0.58421344,0.7206817,2.2280324,0.9710943,0.33612216,1.0845357,0.87233377,0.7764946,1.0020256,0.090533726,0.91277415,0.20874551,0.82723325,0.44476438,0.2295144,1.3077921,2.443006,0.7773467,0.8040526,0.6044174,1.3714461,0.56085604,2.3653953,1.4494076,1.7031852,2.5056612,3.2459965,0.072400555,0.87251425,0.5574447,1.0901078,0.68820506,1.0169675,0.36601052,0.51321334,0.05272982,0.41384602,2.250639,0.048071317,0.49656764,2.9410105,0.7316395,2.3371809,2.0953276,1.4360626,0.24273174,1.4672153,0.41847137,0.4677907,1.9354153,0.86301243,0.5161832,1.2667749,0.7252981,0.44155127,0.07485193,0.65726066,2.795767,0.89695114,0.987566,0.29469314,1.4188241,0.1592374,0.270869,1.4126108,1.3301396,1.296659,0.9881484,0.60989165,0.9716663,0.6763124,0.7314704,0.27651477,0.5888868,0.19753432,0.18399121,1.0352409,0.40762836,0.21682967,0.72166514,0.9086937,0.5351525,0.78878355,0.59086055,0.20015159,1.3309052,1.3221328,0.24233112,2.950065,0.08892747,0.35522094,1.1992625,0.17756914,2.281084,1.8092829,0.6172977,0.2458386,0.3678069,1.5031446,1.2219627,0.61407566,0.5579245,1.2117193,0.88010997,1.0059427,0.9537371,0.93686616,1.0205772,0.13318448,0.96580124,0.63664687,0.4489897,0.32274926,0.26727137,1.7752221,0.17436215,3.0061445,1.7200994,0.56650925,0.31088477,0.7266277,0.8827361,0.40879288,0.18888319,0.978857,0.045960985,0.040845368,1.136996,0.94246554,1.0917494,0.05410701,0.16014579,0.058003306,0.5489987,0.91477495,1.557822,2.1285002,1.1944942,0.08631217,0.2849432,1.3111805,0.70173514,0.05914315,2.2610605,0.8704393,0.5798134
hidden_0_n38,0.45854035,0.9912102,0.75498104,0.9698523,0.6870426,0.8047412,0.21733716,1.1813002,0.6782736,0.26290524,0.3119028,0.5864192,0.18745765,0.10913342,0.100210324,0.16920881,0.2658993,0.38634244,0.90804327,3.2115593,1.3509058,0.108595125,0.77228653,0.49683237,0.090651564,0.43078086,1.6254613,0.15084685,0.45133355,0.436665,4.9849205,2.389426,1.3201475,1.7298001,1.3966296,1.344924,0.39835873,0.60335326,0.0,1.2387912,0.75456107,0.6364433,1.0840579,1.3717654,1.0736997,1.5132964,0.356227,1.621887,1.0673971,0.05654498,0.3680885,0.40681815,0.6856531,2.620601,1.7586994,2.931019,1.1197027,0.1767276,0.24592917,0.62039745,0.9875033,1.9133216,1.1164688,1.2889149,0.8966189,2.7338326,1.8278841,0.74814826,2.4982474,2.3158364,0.6089465,0.60195756,0.8276671,0.61144376,1.4011168,0.26440173,1.1446699,1.2402307,1.2575709,1.0041196,0.4577576,1.934402,0.5112779,2.7346375,0.595816,0.45702127,1.3982404,0.03918011,0.8003209,2.4777145,0.7373973,0.79920226,0.7944445,0.11205126,0.06691699,0.2565845,1.7907168,2.7085037,3.4946969,2.7006922,0.90708363,0.16199246,0.3852188,2.174555,0.7764061,0.3078049,0.32164863,1.0718874,1.4919963,0.801217,0.67417395,0.49360722,0.2731389,3.209513,0.13774088,0.3397803,2.5390751,0.88535213,0.42135707,1.0281514,0.762285,0.6008989,1.393457,0.5279833,0.38754055,0.6423685,0.34081334,1.3418827,1.3320383,0.4515336,0.11947582,0.7480371,0.98497915,1.8603945,0.31318367,1.1591489,0.3348273,0.2550944,0.05753918,0.94675744,0.06106628,0.17533636,0.4098435,0.8780649,2.11502,0.5182941,0.6512227,0.4347834,0.9247754,0.33822265,0.80502063,0.115752675,1.062211,0.48690328,0.14847621,0.4115022,1.3908106,1.0088102,0.4590914,1.2148912,0.73637354,0.31703496,1.4486729,0.31992885,0.35347715,0.5905895,0.3426025,2.0533898,0.59157115,0.03561041,0.2606551,0.46169415,0.09990536,0.54772025,0.90017265,0.34060943,0.8632152,0.03899163,0.99263686,0.47802314,1.5753053,2.4855406,0.26553014,0.9366866,0.23277716,0.28094867,0.8750255,0.3758613,1.7606637,0.31338596,0.3592347,0.47927916
hidden_0_n39,0.19940953,0.9721621,0.11526221,0.4704153,1.0645294,0.4351736,0.6364564,1.5050234,0.10002795,0.2972844,0.8937664,0.45861265,1.0421557,0.73380977,1.6950345,1.4654062,0.4811237,0.24805285,0.8111017,1.8133459,0.6466197,0.08097376,2.0774844,0.6274436,0.40798485,0.24703594,1.8251965,0.578111,0.41605794,0.8947035,2.4307427,0.49342996,1.1776488,0.64362216,0.8929377,1.612257,0.57128894,0.7136246,2.291554,0.0,1.0423657,0.30702996,2.5623622,0.91860193,0.20240414,0.50004756,1.2531238,2.0871296,0.15835042,0.40987027,1.3844545,2.2048135,0.1440983,0.34161335,2.4450219,0.49150094,0.29568428,0.6639325,2.600282,0.72297,1.1573855,0.9647632,0.37322766,1.9614962,0.9628561,1.3334522,0.7462649,0.23247202,0.32300356,1.6297626,0.74371445,0.5363837,0.6677534,0.93744594,0.35968974,1.4043581,0.45882052,0.8995584,1.0624361,0.83705,0.7457627,1.576139,0.6299546,2.509413,0.9081566,0.19496322,0.7230225,0.71973807,0.5365445,1.4871845,0.39312816,0.9442304,0.72161573,0.34092823,0.38792115,0.738143,0.39105147,1.7451645,0.6621686,0.33900484,0.07215633,1.8359033,1.1339543,0.8693027,1.8903552,1.8814529,1.810837,0.20403698,0.26837385,0.28832707,0.16246317,0.4788663,0.23914468,0.47343084,1.7327123,0.61591333,0.52014166,0.4205297,0.4484607,1.1537151,0.86336994,1.3121604,0.37089214,0.7916927,0.33743638,1.9674455,0.07474951,0.18525109,2.522042,0.5100819,0.91727895,0.68972784,0.4291094,1.4565344,0.07364381,0.063404225,2.3360271,0.1669527,1.1254349,0.14459734,0.5374612,0.17919016,0.69881284,0.9820751,1.07684,0.8551073,0.12187255,0.898944,0.13389473,0.51570106,0.5452455,1.9444474,1.6574496,0.3773433,0.5901452,0.20854585,0.8509304,2.4816632,0.6571271,0.1463943,0.20967832,0.43871966,1.4656518,0.21885006,1.3774756,1.0892123,0.63309604,0.01665234,0.16296922,1.3110129,2.3703465,1.2776436,0.33382675,0.25849923,2.0923555,0.5144688,0.19646366,0.28040865,0.38010824,1.413087,1.109352,0.8604671,0.18213572,0.28295323,1.1490786,0.4413427,0.43801627,0.31015882,0.16419147,0.6449237,0.22812018,0.63182867
hidden_0_n40,0.8909385,0.37496865,0.093074635,0.49967638,0.9610235,1.3511379,1.3421707,0.30227932,0.5619004,1.7850469,2.4970384,0.39573497,1.9862007,1.0477319,1.576919,0.34681877,1.077978,2.108805,1.4989411,1.8211429,0.54424566,0.14343514,0.9310824,0.84791696,0.9923727,1.3885219,0.51074743,0.5958939,0.41416776,1.6349078,3.686822,2.0989788,0.3706152,2.3774605,2.028131,1.14088,0.10918827,0.7515199,0.93550044,1.1563023,0.0,0.011212883,0.320502,0.43358204,1.7687345,0.23396789,0.2956645,1.2469902,3.1112802,0.20701276,0.5499262,0.54516464,0.33620563,1.3335905,1.5942662,1.3931569,1.8507056,0.27459988,0.17589416,0.42100528,0.18207003,0.83094966,1.0669981,2.3575733,0.63119787,0.061686855,1.9266518,0.8654644,3.2432225,1.722568,1.157597,1.1368486,1.2759217,3.2733471,0.66856855,0.31031725,0.7573581,0.6417229,0.45612293,1.5503998,0.06339666,2.512804,1.1675175,2.8437057,0.3377748,1.9095181,0.12100476,0.38001078,0.4001674,2.1240175,0.29359007,0.021644674,0.064809866,0.31978372,0.588389,1.6002288,1.3358366,1.3238682,0.37486693,2.1567135,0.2408679,1.1572139,0.5031877,1.010273,2.1490495,0.5143132,0.57109,1.3007158,1.1011733,0.6575451,0.58557767,3.5802124,1.6432979,1.2493343,1.1294528,0.5413864,2.502913,0.7133453,0.4166894,1.4120619,0.13408586,1.5573696,0.24531984,0.38141367,0.73779935,1.6188928,0.3130409,2.69969,2.3918924,1.1550684,1.6084871,1.2541524,0.22677673,1.0998548,2.1222403,0.6146809,0.9052142,0.2337038,0.41648313,2.6860034,1.4099395,1.4591243,0.55242294,0.3196586,1.0529834,1.374033,0.07108184,0.12235716,0.76456106,1.1496205,0.8538731,0.61826885,2.8785694,0.4594965,0.6090872,1.2326236,1.1931565,1.3371377,1.1008353,0.37576607,1.8660148,0.19750722,1.4824584,0.46426043,0.99877024,1.2201446,0.84709305,0.983249,0.27866936,0.41380832,1.0473706,1.0620334,1.0387782,1.4676464,2.0332334,2.0431864,0.4139767,0.3045507,0.18535194,0.52557576,1.3509922,1.8955685,3.3847961,1.2874826,0.9575459,0.43847212,0.6714137,1.0102212,0.18607177,0.91284376,0.41052723,0.45617247
hidden_0_n41,1.6359469,0.23259246,0.5919464,0.06712933,1.0552391,0.8870299,0.8323706,0.17466924,2.5556808,0.04792886,0.48669764,2.073915,4.005416,0.93767256,2.2044418,0.810214,1.8138797,0.45788357,0.47806427,1.1695151,1.2514763,0.19769605,0.34899464,0.2708665,0.36714414,1.7420368,0.20605022,2.277019,0.09456747,2.457043,1.2659502,0.99476564,1.650579,0.64708954,0.84350044,1.9893955,1.4596726,2.0664423,1.7463111,1.2081565,1.2015172,0.0,0.19099094,1.073442,0.25603834,1.5176667,0.30751154,0.5224521,0.35062796,3.6925588,1.0094515,0.90505767,0.98427826,2.748752,0.6791492,0.5134987,2.0823925,0.32594672,0.35848513,0.86932003,0.6872953,0.523383,1.7323256,0.45890734,1.9280798,0.24227588,2.6498837,0.7559465,1.5003724,0.23212507,0.30602157,0.93499094,0.50267124,1.2278024,0.5011186,0.094282754,0.7246861,0.28431156,0.11529398,0.36163035,4.2542114,1.3440977,0.38489035,0.08732339,0.4438271,0.08727577,1.8881354,1.4016759,0.29995945,0.26870316,0.2730772,3.12025,1.5308895,0.70538276,0.7510813,1.007417,0.6351545,0.45415917,0.08288562,1.7740113,3.0183427,0.7159028,0.46096498,0.97978926,0.26017904,1.1472754,3.3792622,1.0790688,2.7248611,3.4419193,2.8069916,0.03129755,0.47825173,1.6002852,1.9429283,0.7715033,1.0836242,2.6555617,1.7087562,0.7788329,1.613175,0.44792202,2.80189,0.6150565,0.631773,0.09844532,1.276531,0.3348507,2.3461654,0.3953901,0.71422136,0.73410696,0.15538658,1.012583,0.6301001,0.3030988,1.102329,0.8494208,0.3185584,0.8323127,0.18444477,1.5814184,0.24065588,0.56405514,0.40416437,0.5647164,1.9089242,1.5028288,0.6496379,0.013056886,1.2498589,0.36497197,0.025561819,0.319208,0.3769496,1.8369873,0.6465915,0.6022109,0.13303111,0.577378,1.2458315,0.71409875,0.18722293,0.9323822,0.0365831,0.623323,0.96744055,1.2275977,1.881887,0.7535565,1.312788,1.6412172,0.8359272,0.76559323,1.529525,0.6974122,0.97627604,1.2905552,1.4716591,0.22836597,0.5109988,0.5970621,0.87742233,0.29322585,0.13755319,0.6911055,0.5195906,0.20481572,0.59709895,1.4064443,0.6489195,0.30656183
hidden_0_n42,0.044110876,1.9430978,0.611815,0.85891104,1.0119581,0.75094324,0.35078877,1.0723286,0.55145323,0.03127945,0.68902284,1.6581506,0.3706854,1.2430884,1.8650427,1.3419731,0.90183675,0.93597275,1.6158751,0.6692734,0.055961736,0.68553287,0.54624766,0.7732669,1.4471756,1.4337779,0.5787608,0.46623287,1.4963894,0.39849806,0.8678465,0.52755105,1.1897434,1.7837459,1.2167885,1.5071183,1.0357393,0.32856455,1.263577,0.5739655,1.0817199,0.4109646,0.0,0.96942264,0.76522017,1.535109,0.42414722,0.3189989,0.82801336,0.6323327,0.39659047,0.62136763,0.55685866,0.25247085,0.18495251,2.2076917,0.67841846,1.2236019,1.58454,1.6543446,0.052990127,1.4343704,1.4803154,1.1437951,3.010936,0.4541751,1.2275577,1.0177332,1.7186488,2.5168393,0.211425,0.4584078,1.968397,0.6572222,0.6553569,1.2753363,2.0308514,1.9998664,0.63891476,0.024582049,0.5463529,0.5830565,0.7343855,0.09520637,2.215415,0.7400304,0.6583683,0.9691939,0.21652904,0.33666235,1.7285339,1.422029,0.6115606,1.1501738,1.2960728,0.8132761,0.49420798,2.3390117,0.21024975,0.4499371,0.8329953,0.62567514,0.9164498,1.7445238,0.6214868,0.8633951,0.2382691,0.64384425,0.17520137,0.16991504,1.2035947,1.117804,0.34038633,1.977724,0.19910885,0.6409035,0.47474086,0.5929614,0.76942694,0.96519274,3.2909582,1.5645108,0.25636667,0.26136786,0.7211431,0.5704291,0.38545522,0.9209756,0.24369794,1.2527406,0.6531512,0.14974232,1.9249369,0.21100251,0.5147587,1.5352021,0.23639941,0.50535774,0.532106,0.35342622,0.81518537,0.15985847,0.60952604,1.343377,0.37277317,0.8573936,0.64732754,0.082379945,1.2899742,0.87217045,0.1276047,0.44235322,1.1154256,0.58128774,0.92463416,1.1876258,0.8429354,0.5613441,1.2508988,1.0575128,1.6837051,0.4448355,1.4793378,0.16799672,1.6589614,0.32329392,0.56486845,0.21221246,0.7343711,1.3030126,0.22382365,0.14814337,1.7811316,0.7878137,0.22329795,1.338357,0.27981353,0.9001935,0.2794587,0.13562465,0.068153575,0.3464339,2.2301705,1.0067949,1.1437819,1.3875239,0.5504106,1.9934065,0.6244734,1.4899117,0.7859698,0.99459106
hidden_0_n43,0.08918529,1.7139932,0.5439099,0.008797772,0.4637192,0.5992635,1.0218337,0.2859075,0.5224029,0.24929172,2.469532,0.43314442,0.3197901,0.94565886,0.58786434,0.6067966,0.21886323,0.9417007,0.8345779,0.29292288,0.65028405,0.31819198,2.4896126,1.0765742,0.70864767,1.0870869,0.70791125,0.82961005,0.95347446,1.7806646,0.95016074,1.5335706,0.96243125,1.8172138,2.6294713,1.4031734,0.9675933,0.022130163,1.246135,1.5229831,0.33712092,0.52894706,0.24456252,0.0,0.23314147,0.20293583,0.65331966,0.7318804,1.1641508,0.5283872,0.24870335,1.7901262,0.26004764,0.83161545,1.1307526,1.5073068,1.501482,0.5287475,0.6041603,1.0534245,0.3662034,2.5771058,0.6384663,2.2176626,2.5351233,0.60411066,1.7600943,0.26887202,0.5645029,1.8634087,0.42298642,2.3850281,1.5794294,0.24495184,0.6480623,0.34931293,2.2263472,1.7422103,0.2740441,0.70756495,0.76256335,1.1933798,0.26983047,0.9295822,0.8393281,0.6826037,0.5841572,1.146755,0.18136072,3.0691702,2.34472,0.33380917,3.779051,0.6420201,0.31429484,1.0686401,0.25297353,1.8192682,2.688758,1.5930662,0.37784487,0.7188209,1.5129067,1.5998507,0.1769274,0.019889778,0.22791034,0.4680117,0.67319417,0.12425146,1.3072464,0.8678711,0.49850085,0.97119623,0.21327426,1.3586451,1.5533285,1.2691649,0.94155407,2.2491627,1.1240435,0.8843512,1.0150719,0.03311045,0.30206135,0.10943365,0.11614071,1.4162688,0.4511022,0.7505944,0.38241497,0.17710218,3.3634808,0.42957807,1.6212559,1.5331093,1.022699,1.2414638,0.4069345,0.5063223,0.4866522,0.07287416,0.07521221,1.0237501,1.0242528,0.2305611,0.46100405,0.23131506,1.5511923,1.251677,0.16579661,0.9327527,0.8901106,1.3431809,0.48008332,0.42871782,0.53100437,0.75541013,1.0834872,0.59841514,1.8542751,0.4828974,1.9259624,0.42979068,1.5974609,0.95808333,1.7789383,0.31698647,0.8877844,1.3465093,0.58088994,0.39670315,0.25516072,0.74993855,0.25571066,0.30492595,1.4402162,0.7020104,0.73536766,1.9094287,0.5322977,0.13359386,0.62751997,2.2611327,1.5940692,0.6072481,0.7436047,0.8484157,0.56233656,0.9839637,1.5230914,0.4722819
hidden_0_n44,0.32809263,3.062728,0.52511,0.3122453,2.0540645,1.6124285,1.9140892,1.3247133,1.5223743,0.6758069,3.6603262,1.3932209,0.303075,1.0611813,0.72571725,1.60287,0.34814575,1.3561668,1.1577812,1.0513806,0.43455786,0.22433263,5.0008125,2.3799915,0.4934238,3.6311014,0.3319053,0.74588466,2.31804,3.3140194,1.6386666,1.9921194,0.6986592,1.2320555,2.8847475,0.5382498,2.002284,0.40194836,2.8952887,3.7222476,1.8665206,0.8574857,1.3433022,2.5753272,0.0,1.2187397,2.2178228,1.5446916,1.9984783,0.27639243,0.38653526,1.8479217,0.5877963,0.37222502,2.8501282,0.19392255,2.6580887,1.4150323,1.9206171,4.2946954,1.9088174,3.6950693,0.37185344,4.0801907,0.7785367,0.5601932,4.98245,0.08167568,0.70219886,1.5937316,0.3496856,2.8102114,0.35433897,4.882073,0.20310172,0.26346055,1.2042688,0.19175465,0.17761058,2.4008093,2.8435915,2.1662052,1.2198045,3.7452605,1.0132898,1.8076426,0.12317856,2.2967036,0.30088297,1.8175154,0.32576883,0.8016469,1.4218645,0.7875459,1.5658919,4.0704646,0.68627733,1.106618,3.2209265,4.4070854,1.346966,5.2375174,1.1404775,0.86940885,0.5509283,1.2609855,0.6153713,0.21265875,0.23355998,0.10790051,1.135432,1.7403002,2.8501387,1.164,3.0087092,2.8087316,0.37750816,0.81214887,0.8629103,1.7518681,1.8760611,2.9982097,0.34407884,0.6806255,0.64378196,1.380724,0.22570346,4.3292317,1.2828329,1.1023891,1.0940863,0.5473144,0.6952041,2.2934508,2.408437,0.32828435,4.172103,0.8482668,3.0560172,1.2648259,0.6824588,0.1371247,2.036587,0.51195484,1.5066944,0.1501841,0.63556784,0.061604314,1.6152742,2.0279462,0.2672047,4.9706244,0.18912674,1.035693,1.2227323,0.29499328,0.248034,1.5607177,0.72636926,1.3728544,1.1194531,0.6821523,0.51158303,0.83161193,4.4314113,2.3053637,1.5673642,1.7109106,1.160233,4.1426635,0.9665029,0.1525157,1.43482,0.2787426,1.2863332,0.33652434,2.4565668,0.6609187,2.1505225,2.5943494,2.2284586,0.16713709,1.7629037,0.81516755,3.5424752,0.5142432,1.59533,0.97286373,0.77978885,0.5273256,0.7750629,0.50161994
hidden_0_n45,0.4631898,1.225716,0.354928,0.39713046,0.76408327,0.071222074,0.95002574,0.93212277,0.9685489,0.37046108,0.9780511,0.27727917,0.19000691,0.3977409,2.7316878,0.22526316,1.7863731,1.6153755,1.9620206,1.4338305,0.98727995,1.1253594,1.7999297,1.3127602,0.5807215,1.9313706,0.6182883,0.5521428,0.6203667,3.048331,0.44820377,0.40975896,2.4776363,1.9408823,0.0592281,1.0398433,0.81274515,1.8069721,0.78477263,0.9330341,0.6816898,0.14466767,0.51763076,0.40773755,0.83569735,0.0,0.935373,0.7070045,1.4515735,2.1174161,1.7108372,1.1222045,1.0696377,0.6106179,0.889169,2.318882,0.4700866,0.34186465,1.5404786,0.03735968,0.16439316,0.65367573,1.1353337,1.0568185,0.22768013,1.5282661,1.5785652,0.97402847,2.9226553,2.835035,0.5262693,0.3658827,0.9673923,0.7832302,0.6316434,0.37542084,0.2649364,1.1463321,0.5980183,0.73697865,0.5370752,2.6902943,1.740116,2.759341,0.17983402,0.5162262,1.6957748,0.4711823,1.3452662,3.564664,0.8551944,1.5227064,1.3037634,0.24816896,0.1180796,0.8395042,0.684069,0.7697777,0.75143397,0.22502892,0.49887294,0.7340275,0.63829577,0.18433437,0.18864788,0.726766,3.4762557,0.17770042,0.65482956,0.45246452,0.83835864,2.826075,0.5171158,2.1659944,0.839032,0.60710746,1.3154243,0.70958555,0.9415274,0.8535019,0.05729238,0.31458697,1.0783814,0.34857032,0.6011091,0.3655352,1.9945844,0.9358575,1.4518543,0.17681824,2.134018,1.4484708,0.044221066,0.7437225,1.0499551,0.915998,1.231457,0.55905527,1.1073354,1.0164777,0.398048,0.5153382,0.77453625,0.35749412,2.2625666,0.63568914,2.0993044,1.1437322,2.3377867,1.2434717,1.3260386,0.80521935,1.2475342,0.5862039,0.8400514,1.2405167,1.0400958,0.5591632,1.2775655,0.8930674,2.3889198,0.9187958,1.1818197,0.75137407,0.6563772,0.982373,1.8546759,0.8894959,0.5483873,0.7066622,1.3634572,0.72368544,1.030127,1.1917853,2.2070336,0.59953123,1.003315,1.1119056,0.8894203,1.1577069,1.8172045,1.8883198,1.9476336,1.9046916,0.76453847,0.44152206,1.0136174,0.3278786,0.5161106,1.0475113,0.37319285,0.67053753
hidden_0_n46,0.73985004,1.4571854,0.9901983,0.8531638,0.37514472,0.65772253,1.1671774,0.12431545,0.95825446,0.15745607,2.7525291,0.46773145,1.1267655,1.3399231,0.14072031,0.4758502,1.5345901,0.9450983,1.74873,0.24287294,2.4934628,1.3413843,4.542386,1.4431931,0.77834415,1.3676078,0.8697726,2.4597788,0.17064168,1.7758691,1.1080048,2.3591423,0.6472745,0.66196334,0.5961796,2.0927494,1.62675,0.14713438,1.7192954,1.35117,2.0274098,0.7498848,0.68988186,2.1471117,0.2739706,0.65459913,0.0,0.7860917,1.309557,0.35611662,0.39319864,2.187808,0.3582678,0.6986153,3.5164566,0.11786325,1.570796,1.6619457,0.8184632,1.106228,0.86598027,5.03228,0.86545634,4.2455077,0.6341176,1.1190176,1.1326904,0.7118304,0.8115541,0.13339053,0.24475801,3.060687,0.42815062,3.1550012,1.7185735,0.08747675,0.8039471,1.4811208,0.80802,1.16572,1.7539662,2.7629209,1.5038615,0.3292645,0.6112126,0.45737892,1.0241417,4.400465,0.33896554,1.8644038,1.0597528,0.07933244,4.064722,0.7932008,0.16827811,2.268971,0.7569535,1.379351,4.476525,1.5367916,0.7623784,1.5619813,0.5330998,0.31412685,0.29978818,0.056036398,0.9375884,0.3511705,0.52299976,0.95708174,0.36653826,1.9302167,1.3583078,2.026716,1.60688,0.554973,2.5429482,1.2868971,0.7488533,1.2172612,1.3507707,1.820978,0.29532376,0.4261061,0.33798575,1.1840922,0.47541937,4.6180644,1.3755674,0.2587732,2.6549096,1.5004395,1.2270449,1.9741004,2.1481216,1.5261273,3.3912504,1.2905185,0.9530099,2.7315195,2.5442016,1.5877514,0.45285213,0.5920769,0.5745906,1.398856,3.4903724,1.0954034,1.1502202,1.9141592,0.22490123,3.3212512,0.28993136,0.914,0.9226839,0.9637717,0.82314634,0.36590937,1.0827117,0.76550466,2.1859303,0.474098,1.0891082,1.029391,0.39812464,2.1095567,3.2577167,2.3694794,0.9428596,2.192794,2.6059752,0.09165885,1.944771,0.80408525,1.5288845,0.5891994,3.5011156,1.4759035,3.4953587,2.4062738,1.4325193,1.1865054,2.711392,1.4657838,1.7965966,0.6706896,1.1621633,0.15495798,1.1274949,0.7721148,0.76618224,0.2702071
hidden_0_n47,0.071243696,3.3770885,1.2854689,0.49265364,4.742845,1.5287968,0.31798,1.6468183,1.3550621,0.09824886,1.603177,0.42895004,0.81692404,2.2303584,0.2309305,4.0428576,1.3047625,0.12082311,0.10312571,0.51349187,0.29224697,0.36066976,0.28250507,0.53812593,0.39790007,1.3028553,0.008460231,0.7860773,2.740869,0.36089295,0.8527314,0.060821384,1.147195,0.21286546,2.9014218,0.32317415,2.8630614,1.9339966,1.2526727,3.1228015,1.4942455,0.18342516,0.86238474,1.6798754,0.88988405,0.5137894,1.1877283,0.0,0.13255805,0.14747913,1.0396482,0.91663665,1.2050437,0.6107226,0.46410728,0.17845647,0.8592749,3.4054806,1.4001535,3.5672731,1.3589272,0.7148638,0.16447541,0.7477509,1.206607,0.06644107,0.3569185,0.09319511,0.8434731,0.17104372,0.5567232,1.0961818,0.47122413,0.7661383,0.17996746,2.185184,0.50953317,0.32031077,0.94653,0.99420744,0.025106428,1.1426564,0.03753517,2.22519,1.8881645,1.5190445,1.0558338,0.31459948,0.8060689,1.0280268,1.0047231,1.0795099,0.1132454,0.38555512,1.3538427,0.4649678,3.098369,2.3596058,1.2523113,1.2514688,0.08261423,1.292818,0.22087768,0.72124475,0.4895176,0.80182093,0.25245878,1.1575952,0.2218106,1.5596415,2.5013509,0.6519882,1.3453336,0.93387026,1.2233431,0.029085018,1.4227681,0.957483,0.5608634,1.5843037,0.5125536,1.4398378,0.7592015,2.138869,0.24828693,2.3021839,2.1821125,3.0937653,0.48259234,2.4758408,0.605785,0.6584554,1.8080956,0.026887592,0.063383885,0.4727039,1.9959697,0.6672577,1.1576798,0.5167965,0.50181675,0.60078424,1.1234013,2.1279118,0.23811899,0.6337005,1.1081618,0.422698,2.214875,0.14494629,0.4816113,1.2457693,0.3629229,0.95258266,1.1922685,0.37251014,0.3338109,0.17458539,2.1692312,0.4576209,0.1274785,0.70466805,0.2221113,0.35730028,2.3851767,0.43651545,0.96024853,0.06027402,0.12719026,1.2343863,0.334803,1.4302866,1.9120145,0.28086942,0.4589822,3.3112109,0.11375383,0.9055472,0.1703814,0.7734415,0.26311314,0.071766965,0.35340655,0.2756788,2.2246094,1.7317194,1.7911724,2.5749457,0.3909553,0.60700786,0.9415509,0.2980803
hidden_0_n48,0.116290346,2.547627,2.37818,0.31600899,1.6435895,0.80779135,1.5872223,0.15425603,0.11336413,0.31248054,1.897672,0.66981566,1.1879876,1.7873313,1.0022935,0.59020865,0.38509786,1.2087499,0.6562857,0.47265673,0.22669873,1.0626338,0.42821193,0.15460189,0.58067095,2.0901992,0.1831294,0.9367279,0.37671083,1.1730691,0.86798334,0.8894596,0.4365285,0.41990083,0.6533173,1.9906152,0.17511007,0.13806874,1.0044249,0.72461426,1.8114846,0.35460064,0.18404382,0.7881765,0.56864905,2.1507661,0.232147,0.21205688,0.0,1.7139051,0.07632176,0.3991767,1.1360044,1.6473055,1.2261918,0.14391473,1.578839,2.609105,0.5832391,0.7599676,0.36522904,3.1148288,0.35378698,1.467179,0.60847443,1.4823827,0.25808445,0.97561884,0.44004697,0.25916883,0.38852695,0.36722782,0.8254358,0.6539786,1.7293015,1.0001941,0.7223095,0.29770222,1.8950845,0.80081886,0.56968796,1.0891979,0.07352402,0.17172658,0.7158421,0.88853186,1.4878334,1.0236787,0.47419462,0.671191,0.77999,1.0138958,1.0168617,0.55917996,0.051970225,2.1676445,2.1208324,1.6274706,1.3519788,0.568401,0.42014167,2.9818046,0.72609603,0.15113422,0.20244606,1.0922623,1.5033112,0.3342992,0.83581483,1.0979759,0.76520795,3.6171808,0.44805354,2.216491,0.24424893,0.5645561,1.3178666,0.27337387,0.18969047,0.63790685,1.1491288,1.4590814,0.28606057,0.46264952,0.5986961,0.279992,0.28017467,3.8487759,1.9595361,1.25655,1.1522661,1.8856915,1.3858801,0.33908468,0.4727502,0.98631275,0.76610374,0.3045892,0.44336042,3.1989934,0.2536614,0.24065135,0.17958266,0.8373265,0.10760979,0.2025156,1.3394973,2.3360763,0.51467025,0.4671613,0.32490048,0.28485197,0.4953984,1.3714377,0.10778262,1.385697,2.924492,0.74612194,2.7024045,0.6500369,0.30760777,1.2425346,0.5378616,0.37934136,0.69893074,0.5012773,2.8515873,3.2798452,2.6976352,2.7900226,1.1694202,1.3968863,1.2064205,0.6629455,0.6362583,0.3287827,1.118317,0.22213067,1.1712614,0.9538332,0.97471386,4.7465043,1.1122273,0.5903243,1.3681569,0.14989707,1.3620994,0.92841816,0.4554792,0.5328546,0.5197396,0.62124383
hidden_0_n49,0.57258284,0.8182477,0.33910844,0.77198815,0.62106407,0.35228854,0.6650163,0.92614925,0.30148563,0.7445589,0.21597102,0.6669494,0.37683973,2.0343854,0.3227517,1.5056984,0.3925446,0.3627034,0.65039045,1.4287022,0.5510764,0.5449582,0.3812329,1.0139749,0.1805911,0.17527205,0.67315567,0.3447173,0.3417205,1.1730869,1.6507242,2.0726798,1.1449937,2.4204433,0.87514067,1.767467,0.43098244,1.1889037,0.20500873,1.2051736,0.25634956,1.1025184,0.2395873,0.8186165,1.2509677,1.3533704,0.81266224,0.8088086,0.99725497,0.0,1.0846207,0.60096836,0.62972236,1.220407,0.6090705,1.9071736,0.29064152,0.47161722,0.77044976,1.1120083,0.986485,0.20884295,1.6733965,0.4927754,0.8160612,1.4459702,0.5993774,0.612155,2.83834,1.3719912,1.8055435,1.9552808,1.5768095,0.9361383,0.953119,0.1964824,1.0742896,2.96889,1.0583901,1.1324494,1.4679482,0.08537492,0.46087313,2.42536,0.8308633,0.29419428,1.5358181,0.18971872,0.9974574,1.1024135,1.9196427,0.388914,0.9260971,0.61593294,0.01507714,0.92150164,2.3658361,0.49636045,0.72007895,2.2177851,0.2156388,0.119147636,0.19295731,1.8905503,1.5450138,0.26912713,0.28096154,1.4375734,3.1588857,1.2706212,1.8064009,0.5694993,0.27579457,1.4214715,0.4642881,0.97862583,0.95013916,2.138105,0.4667614,0.5587053,0.5386527,0.18197247,0.96165246,1.2172967,0.029960189,1.1718869,0.07062054,0.16593525,0.77476484,0.080573015,1.0261681,1.3716681,0.53237915,1.0591737,1.383231,0.34267193,0.389634,1.5315784,0.33292282,1.4289068,1.004633,0.042516965,0.5948621,1.9588215,0.250363,0.49690485,1.0242332,0.93321985,1.2702181,0.17117351,1.5085166,0.28402296,0.6697471,0.27419636,0.73663425,0.3897444,1.7294457,0.5205958,0.27249816,0.633339,0.9671667,1.0910203,1.2854359,0.80389535,0.49279568,0.08139874,0.05680944,2.6996164,0.3434886,0.44143912,0.27949902,0.044677675,1.5927093,0.5986006,0.3177187,0.5501456,0.6900373,0.37411922,1.4290855,0.33569202,1.8032328,2.9896636,0.071703315,0.3325177,0.81870776,0.7600347,0.701941,0.043500047,0.7258572,1.4986836,0.12786919,0.60341144
hidden_0_n50,0.54148144,0.79942316,0.41477764,0.1755413,0.78922355,0.2600508,2.2255185,0.39664972,1.1504117,1.0168706,1.1345319,0.76795596,0.017272016,0.112390794,0.9873941,0.29585418,0.6196405,1.306406,1.2292072,0.60548145,0.7382545,0.22309554,1.5603718,0.48356482,1.1054229,2.1732118,0.17321204,0.32519394,1.2252215,0.25217274,0.19194646,1.081666,0.59438485,1.9286962,0.15150088,0.37127262,0.3874281,0.76832956,0.51944333,0.3705389,1.1942017,0.097700365,0.38595086,0.024703184,1.7554048,0.626278,0.98957944,0.46774116,1.4095514,0.14278413,0.0,0.4526731,0.5700447,0.8462354,0.4666222,1.6034707,0.7995952,0.42866224,1.360784,0.22314425,0.13833922,0.16348195,0.89735186,1.0153811,0.4205638,0.34961903,1.2172604,0.26450065,0.9711085,2.2394097,0.4551618,0.297415,0.44362807,1.0456542,0.43841198,0.047179595,0.4035539,0.33062005,0.04464441,1.1615354,0.4211249,0.35479578,0.38000047,1.4499604,0.36005855,0.25424582,0.37299657,0.5363105,0.28446695,0.060713466,0.08783947,0.5726063,0.09857644,0.5106133,1.2532644,0.8044281,0.4798952,1.043058,0.093991265,0.57272995,1.1417991,1.2287534,0.10023557,1.4015642,0.4434759,1.2812449,1.3179977,0.7474709,0.6071729,0.60180664,0.74324346,0.7925976,1.4678631,1.011716,0.1327442,1.320965,0.05966172,1.1623315,0.19339164,0.62535906,0.06672243,0.2258534,0.2980696,0.3108996,0.28381282,0.9835845,0.15223108,0.07657272,0.75607646,0.156005,0.05402154,0.34128448,0.6847869,1.7591505,0.7236766,1.087692,0.8464455,0.3148976,0.5234512,0.4742164,0.15583491,0.1930039,0.77354187,0.23183365,0.43329886,0.5730199,1.7047255,0.2284553,0.75392777,0.5757726,0.11332399,1.6970913,0.98600245,0.7180441,0.9134362,1.3149767,0.3173401,1.0463494,0.010742511,0.9898647,0.41159937,0.3016322,0.9585833,0.22209771,0.9667377,0.5826518,1.5173973,0.5480571,0.7583472,0.85106564,0.78430104,0.52561116,0.23318025,1.1680973,0.23740841,0.34753087,0.66708136,1.4051664,0.3221444,0.3402625,0.9694388,0.22366601,0.42595774,0.1281335,0.5246473,0.048260204,0.55851763,0.3888566,0.5813551,0.3448109,0.710821,0.5847515
hidden_0_n51,0.7507397,0.927896,1.2835793,1.0272218,3.30806,1.4752421,0.7293689,0.48766997,1.6658607,0.25916547,2.2688587,1.3106786,0.6504787,3.351791,0.33529472,4.322462,0.4904945,0.41671392,0.3538246,1.0046479,0.81120056,0.12086499,0.21997596,0.9053987,0.006715394,0.81081903,0.08981704,1.687925,1.476826,1.3467551,0.77697355,0.7615765,1.3712382,1.1048229,1.4971153,0.955743,2.942286,1.3576882,1.2349554,3.3758614,1.5841348,0.2730275,2.0652115,1.0187097,1.7879567,3.3387828,0.27384672,0.71045905,0.5801765,0.41455722,1.6210892,0.0,1.6081775,1.0450956,0.49857488,2.6412141,1.4318697,2.7933755,0.8565905,0.46549115,1.7670633,0.6776777,0.15790957,0.42258006,1.4801327,0.89109063,2.3459392,0.1801548,0.5518718,1.2699533,1.2762816,1.9513649,1.6551898,0.49106017,1.1095972,1.0455358,1.8669703,0.6264422,1.1988094,0.9759714,0.88036996,1.4559224,0.30158758,0.50847805,1.5722811,0.83543956,1.0998011,0.5871427,0.53860784,1.6488197,1.0934074,2.1386933,0.08101978,0.11384533,0.41108838,0.20886461,2.3678777,1.7856815,1.0850466,1.2638593,1.9503177,0.2088501,0.9374674,0.4578954,0.23401378,0.44425344,0.90108305,2.923974,0.966601,1.7652256,3.7680628,0.7370436,2.3683004,0.21462771,2.1940029,0.9339198,1.031989,1.3440442,2.2132902,4.385454,0.765662,0.19681166,0.9310474,1.846701,1.7391573,1.8863235,1.2334567,1.6245103,1.2258309,2.314619,0.95470726,0.30048895,2.206328,0.14670925,0.49300778,0.6579605,1.962257,0.67062086,0.87700135,0.060087703,1.3116192,0.19523783,0.8670434,2.074692,0.40753227,1.181974,0.13337947,0.7840783,0.81376934,1.299989,1.6038636,0.27584428,0.47410163,0.15037233,0.56330705,0.61046886,0.20753956,0.22984794,2.2388504,0.29604954,0.53573483,1.5883919,0.7011037,0.8529496,1.7432649,0.5939012,1.1281565,0.7422096,0.13652489,1.4794325,1.0295815,0.805117,2.1259742,1.0484389,0.16264708,3.6238577,0.3746578,0.6326876,0.4951859,0.21940064,0.2455276,0.027999783,0.16800669,0.83862877,1.7035028,2.3273375,1.9668541,1.8658832,0.86209977,0.84192663,1.9430684,0.10178364
hidden_0_n52,1.7119817,0.3698758,0.4135449,0.46383095,0.50390834,0.7102321,1.501562,1.5936838,0.7648029,1.7624619,0.4363958,0.19454794,1.1401931,0.70197767,1.3187201,1.0102117,0.49189392,0.3336042,1.5996282,0.66520727,0.42262018,0.4540817,1.0158844,0.9692658,0.6747612,1.5010934,1.5679778,2.3920434,0.41705066,1.4031667,1.8724862,1.3986703,0.24444841,1.9691882,1.335021,0.5252874,0.9343919,1.5504674,1.8435764,1.0612816,0.7678644,0.448702,0.0058936807,1.8633176,0.19995527,0.6740909,0.5854769,1.8045348,1.3084532,0.10616055,0.08695467,1.4622513,0.0,2.4062319,0.5141025,0.37025648,1.5226042,0.31965822,1.9447933,0.89636254,0.4116379,1.6727368,0.8366674,1.0486884,1.7047961,0.998895,1.4317667,1.8112185,1.3902755,0.28085816,0.8256907,0.2691569,1.8733758,1.6005346,1.9016929,0.39987135,1.9300469,1.5421816,0.49618417,0.48230174,0.13224901,1.817308,1.7324073,0.06109379,0.66534865,0.9599176,0.8445642,1.374068,0.16688967,3.1371355,1.0955596,0.31569278,1.1408318,1.0246178,0.9159711,1.2599686,0.9854465,3.1597304,0.8456655,1.9804882,0.119449146,1.1052377,0.9762638,0.7074116,2.520906,0.31812,2.911024,0.6717561,0.32166532,1.4554429,1.9920563,2.089111,0.7033712,0.77977693,1.2359235,0.69878703,2.3856323,1.2197547,0.85457635,0.25408682,0.7273817,1.410158,1.1159858,1.2515237,1.145966,0.50799316,0.39835903,0.7970912,0.110408336,0.75476724,0.56108457,1.1075087,0.64465183,0.54072636,0.57475215,0.50158864,1.4627994,0.066334456,0.54831314,1.6688398,0.10312546,0.46889523,0.18852136,0.86077493,0.4779532,0.1713982,0.3490258,1.4699184,1.2178534,0.18405123,0.66314685,1.4369059,1.8156946,0.35591647,1.4224728,0.23237371,1.0885832,0.71257854,1.2540895,0.42785764,0.980511,0.1072843,0.86900383,1.8105626,0.8694762,0.20077947,0.7582105,0.23037158,0.7254868,0.4096524,0.8988829,1.1974481,0.5558803,1.4050174,1.0430428,0.37667206,0.69068,0.65060383,0.37860003,1.6050843,0.5529167,0.47140184,1.4928555,0.21364416,0.702443,0.17292911,0.16540241,0.41856444,0.81513596,1.7289536,0.3411625,0.25585663
hidden_0_n53,0.28534037,1.5241687,0.6114341,1.3114636,3.6986141,0.86483675,0.9561798,1.0432836,0.4658405,0.43175185,1.9973257,0.42520005,0.7807951,3.460308,0.23991941,2.764845,0.11123917,0.9436795,0.64146364,0.9933901,0.29292354,2.042377,0.9930312,0.56568563,0.28298357,1.334891,0.18884802,0.7502596,1.3868779,3.071886,1.3701459,0.49885413,0.682588,0.9076905,0.7521227,0.6278411,2.895531,0.5333637,1.0341388,3.6383357,1.1489844,0.74848014,0.5080815,1.2624365,0.93807477,0.019835323,0.7167824,0.7234842,0.6426209,0.19510272,0.05511116,0.59915966,0.8149557,0.0,1.0684072,0.58099705,0.52989775,4.4405246,1.0872494,2.7481847,1.1681291,2.2805698,0.3457147,2.601275,0.75208485,0.6317177,0.81709963,1.1448579,0.80581945,1.1672226,0.44092122,2.2939332,0.5483355,0.20359786,0.46832427,2.1160374,0.98385817,0.76466167,0.71503085,0.4552162,0.3049831,0.09532284,1.1558975,1.0390122,1.1270816,1.3739154,1.1971414,1.694286,0.28677964,2.1583114,3.6843755,0.037600625,0.55044067,1.0939014,0.7266734,0.5420539,4.047335,1.2194798,0.8387254,0.922246,0.15419243,1.6177014,0.29799706,0.022671236,0.14587566,0.22447667,1.3124135,0.46963334,0.23260008,2.8944645,1.3332311,1.1558695,1.322564,0.30821478,1.35925,2.2527149,1.8859526,1.2518789,0.05720367,2.6494803,2.3595464,2.199552,1.2259346,1.1797142,0.8308785,0.5095876,1.0187585,4.189039,0.26660484,0.5968502,1.1193113,0.11297922,0.84113735,0.30287632,0.30246043,0.46979102,2.2587595,0.20431283,0.8359561,0.21865812,0.08687708,0.21724664,0.9070318,2.2102323,1.9004154,0.3778264,0.5710655,0.90874535,0.8335231,0.81766605,0.23460737,1.189573,1.7006733,0.9566453,0.5287875,0.19604246,0.68405044,0.13182053,1.3781979,0.73349327,1.2550043,0.95014054,2.5875137,0.80362576,1.428868,0.2553521,1.1190989,0.7675901,1.3651655,1.3063893,0.8858564,0.05601738,3.1142533,0.7147291,0.3572391,0.7203418,0.5271146,0.34107685,0.24883845,1.2190511,0.31207174,0.78427523,0.9723479,0.7137869,1.9292574,0.6831173,2.5176637,0.6847894,1.3031863,0.38425434,0.4951349,0.40018392
hidden_0_n54,0.57154197,0.8580859,1.1265727,0.08269194,1.091637,0.6538511,0.38121212,0.22829242,0.8053464,0.54766715,0.3703652,0.6494747,0.2100398,0.8075423,0.34021372,1.0897772,0.65915143,0.11377972,0.4790967,1.3639168,0.33769155,1.7739335,1.2249355,0.19395353,0.14471422,2.1520429,1.1743464,2.3168795,0.7851607,0.25839552,0.39154476,0.44778916,0.07773422,0.5396166,0.7987591,0.21825619,0.55284053,0.72252554,0.7413597,0.7202462,0.3562184,0.37297878,0.25434038,0.64129156,0.8001193,0.9177428,0.92368925,0.90042686,0.36723197,1.6730071,0.57356864,1.5287569,0.47668013,2.3514557,0.0,1.376536,0.6399379,0.4371087,0.94522613,0.08056794,0.3070565,0.7340486,0.26136476,0.69832355,0.1398714,0.13013357,1.2748635,0.48714802,0.92027587,0.7090996,0.41614458,0.9469955,1.7811451,0.63955927,0.054840993,0.25137976,1.2411547,1.9392463,0.69073135,0.06026907,1.3960654,0.9061409,0.41817743,0.8764709,0.22672991,0.54317224,0.34072942,0.99604344,1.2704785,0.24879776,0.5808898,0.6868884,0.41720316,0.49001428,0.36840147,0.52437437,0.32347578,1.303378,1.0137954,1.3475858,0.7767259,0.06917131,1.4061487,0.7916948,0.46651545,1.6844138,0.6882405,0.9774036,1.7521828,0.0934871,1.7095897,0.76649344,0.85255075,1.4399698,0.74387974,0.16561231,0.12123275,1.5902938,0.236076,0.111469366,0.28689164,0.031630557,0.6046891,1.2595369,0.0035939028,1.3928725,0.78701526,1.592419,1.2038244,1.0279332,0.65826595,3.3373868,0.8352357,0.3140134,0.94853014,0.38927624,2.4751637,0.699628,0.16388792,2.2445772,1.7705415,0.44625944,0.6404031,0.3280321,0.3913595,0.9510523,0.29922366,2.5322278,0.69819945,0.6260273,0.25814927,0.3872156,0.13884959,0.5210349,0.72486615,1.004125,3.2943096,1.9558753,0.6560183,0.7842577,0.82361764,0.15217827,1.4308132,0.25068292,1.627086,0.2684599,1.2379494,3.1255102,1.9750357,1.4157857,0.64077395,1.1456257,0.94201154,0.13384776,1.8329215,0.9359765,0.6415691,0.16339193,1.6284754,0.82208323,1.1394211,3.2049055,0.32767627,0.12580821,0.9159894,0.7612489,1.0074147,0.56184304,0.76211166,1.1644137,1.0461284,1.8971943
hidden_0_n55,0.20082748,1.3023434,1.4196894,0.4238217,1.930293,0.94667476,0.4102595,0.77062243,0.10354081,0.54248595,0.09949018,0.66806793,0.3157343,2.4053676,1.0333992,1.2009951,2.6236267,0.21965994,0.25432613,0.64371496,0.9724515,1.2581432,1.3950822,2.08963,0.5945044,0.771607,0.51599896,1.347842,1.9717419,0.18861519,0.27060956,1.522511,0.88566387,0.45540196,1.2579243,0.47153053,0.42526087,1.2778667,0.51931626,0.7787412,1.5667155,1.057952,0.105717406,0.6296674,0.73345095,2.0927105,0.02830193,0.8387142,0.33444783,2.3499744,1.1519436,0.74291223,0.75768477,2.2597508,0.9355408,0.0,1.1827223,0.45646718,0.58904886,1.1051636,0.9675887,0.4088357,0.7910153,0.5981718,0.41102514,0.62272114,0.099449694,0.55506986,0.92213297,0.20324212,1.0098838,0.37264752,0.36790958,0.60216016,0.4416858,0.7671397,0.7908523,0.8944687,0.21656768,0.45714942,0.69827807,0.30388173,0.4731616,0.85094947,0.71985817,0.9706774,0.83797365,0.26791,0.6203481,1.478686,0.20976476,0.76203775,1.9024426,0.8023205,1.494769,0.35868245,0.370266,0.46751451,1.2457951,3.376707,0.64162356,0.07367911,1.4025564,0.70547646,0.54126835,1.9474164,0.8063838,1.8620341,3.7785563,0.164061,0.5896786,0.10524046,0.54682946,1.7943468,0.6687863,2.3585296,1.0372798,0.414188,1.3781044,0.14221583,0.5478219,0.49831167,0.8528213,0.71584976,0.16216852,2.966445,2.8404403,1.8075633,0.98485273,1.6929513,0.4926438,1.9173003,1.687232,0.9548939,0.3813994,1.5287961,0.3027425,1.0130153,0.60002774,1.4862888,0.8478395,0.07153869,0.13490035,0.35641792,0.6944364,0.81888145,2.5668082,1.4058944,0.33490565,1.4672561,0.28310728,0.6713472,1.4939318,0.6560557,1.1131008,1.9348974,0.97137934,1.9073658,0.69896346,0.08223505,1.1502082,0.66939086,0.12465989,0.1704231,1.1317257,0.6143541,0.37089145,1.48918,1.4556241,0.45214984,0.96455944,1.3058345,0.47453603,1.238295,1.2518765,1.7791643,1.0880568,0.2996975,1.9074389,0.8797244,0.86512715,1.8223377,0.46185708,1.0233876,0.7599488,0.7546851,1.2234106,1.8242015,0.7307454,0.46225336,2.264298,0.8918889
hidden_0_n56,0.3878474,0.09618073,0.6459789,2.3632014,1.5462021,0.33862922,0.7792557,1.0574676,0.034057114,0.026772685,0.2098967,0.082633086,0.3675291,3.1143947,0.8053996,0.68314767,0.33772394,0.43707895,1.5474317,1.1015395,0.06836272,0.22846977,1.8428745,1.0796142,0.04464284,0.715742,0.753572,0.08855053,0.47698027,0.8705367,0.20477715,1.3293118,0.8643704,1.2764401,0.13910046,0.44176584,0.867464,0.5268634,0.27979758,0.9036426,2.4610612,0.9991192,0.5713277,0.22002137,0.61053574,0.89107263,1.4331362,0.8399461,2.3505027,0.8211167,0.10910797,0.18684208,1.8072112,1.0315397,0.050083067,1.0206221,0.0,0.1893268,0.23765577,0.12407915,1.7047234,0.6289842,0.5589007,0.69392675,2.0685256,1.3580215,0.7963746,0.23827486,1.0837322,1.7551955,1.1062927,1.2065936,0.5571295,0.54553735,3.099046,0.9209763,0.028824134,0.9294356,2.092588,0.66644025,0.2648998,0.13130453,0.5969232,0.9893114,0.25952995,1.0274321,1.6676838,0.24410103,0.4651996,2.629861,1.1384192,0.08550059,0.41444066,0.081611015,0.6359345,4.2580223,2.3319795,0.5420839,0.50701565,1.7598169,0.5721494,0.8044836,0.30468595,2.0365634,0.33441782,0.3179541,0.6967515,1.8004158,0.71350837,1.1470225,0.4916974,0.54370856,1.7137132,1.2201339,0.6721314,0.97603524,1.9066012,0.27048334,1.2717471,1.4027039,0.45880052,2.9379842,2.8536696,0.47350398,0.67297417,1.811093,1.8178569,0.57313234,0.59197944,0.2522673,0.28450918,0.53892004,0.1822535,2.228708,0.9537343,0.13905019,0.6308044,0.7662985,2.280934,1.6671168,1.1835938,0.6383566,1.9467416,0.36124003,0.51189584,1.3962681,0.052961655,0.27597314,0.6876834,0.68529385,0.84715396,1.8441538,0.8499253,1.0374501,0.46919098,0.164146,0.3506192,0.074486084,0.040987898,0.49035844,1.0473547,0.15666978,0.6254507,0.59715205,0.49399236,0.33416343,0.87714416,2.4073534,1.4471126,0.6749265,0.18887736,0.28859347,0.0787626,0.34844476,0.072587594,0.93153477,0.7798626,0.51881206,0.78501093,0.7492004,1.2014749,1.5406613,1.5721749,0.4455519,0.5215672,0.26587766,1.3700159,0.6536528,0.9459035,0.67528623,0.5399749,0.24026604
hidden_0_n57,0.0673159,1.1366416,0.23940405,1.3243154,1.0496596,0.06500909,0.5311654,0.56337667,0.19971098,0.18550053,0.39144772,0.1620902,0.27489024,0.17908524,0.23623142,0.9093963,0.08855571,0.32227394,0.98094404,0.2599424,0.8360821,0.1424859,1.8803204,0.16770409,0.76267767,0.61497724,0.5688952,0.44576183,0.43481186,0.32004386,0.57829654,0.81054103,0.61724865,0.14760818,0.22502463,1.125261,0.8716189,0.02887244,0.9927484,2.110811,1.1209126,0.35243157,1.4932775,0.5806884,0.69527894,1.1631228,3.2042418,0.49777046,1.1418127,0.9939018,0.44499934,1.0133318,0.5026127,0.7445866,0.40657833,1.0751529,0.19457962,0.0,1.3026806,0.58472526,0.5898569,1.8116593,0.6036182,0.96248037,2.201053,1.2052546,0.21493655,0.34536734,0.20089357,1.7429509,0.8174143,0.297824,0.19770364,0.07832062,0.34894046,1.640713,1.065707,1.1112328,1.5414069,0.31576347,0.04539193,0.38936228,0.021725535,0.21461041,0.11539092,0.22793147,0.4705739,0.6918011,0.092782,1.6954014,1.3910244,0.39857498,0.60174817,0.26569593,0.028325487,0.64339215,0.14984895,0.9892726,1.0824113,0.6801351,0.2939078,1.7467632,0.6097405,0.74252796,0.4423438,1.0683103,0.8597298,0.28134432,0.31253737,0.071529165,0.24646129,0.8189402,0.5923384,0.27960256,0.8943056,1.0301559,0.62546545,0.5347392,0.5321974,1.8983663,1.8377156,0.8797767,1.2459472,0.3300914,0.5622961,0.42224446,0.26337782,0.051822938,0.30796388,0.4820965,0.19944233,0.61708313,1.0566713,0.69158345,0.094679564,0.39531174,2.904317,0.02603733,3.2093782,0.6138779,0.41692102,0.054078653,2.0628219,1.8817117,0.24885197,0.37081426,0.17339471,0.61884534,0.3879806,0.054141294,0.91038793,1.7685766,0.15885185,1.6400387,0.63525546,0.66495466,0.32817352,0.37994432,0.61640555,0.62944645,0.07298866,0.42253715,0.9296744,0.71596974,0.5697522,0.1645961,1.6417785,0.68839735,0.2899663,1.6937469,0.8183819,1.4832246,0.2113294,0.019360116,0.5952598,0.118472986,0.756432,0.69770426,0.29916888,2.1708517,0.30897984,0.29790625,0.22868384,0.08574266,1.0725774,0.40945756,0.2577085,0.2912346,0.1279988,0.17785919,0.6022519,0.12858528
hidden_0_n58,0.050022278,0.2729272,0.14842907,0.39230612,0.093262665,0.99581736,0.36252347,0.31638858,0.9914001,0.37806448,1.566364,0.96152353,1.862836,0.3279918,1.0784876,1.7238044,1.0577909,1.7654481,1.0737306,0.058789406,0.34031066,0.4802743,0.31979638,0.40030968,0.74106616,0.84627426,0.640413,0.5347501,0.6298734,1.1613952,0.15159519,0.7636853,0.10969938,0.6492764,1.7890264,0.8086506,0.9844557,0.94958955,1.258243,1.329963,0.33399618,0.6272623,0.7995872,1.5181683,0.6185113,1.0324119,0.13425769,0.07511715,0.06160282,0.14022782,0.38971034,0.98929226,0.9554846,0.043287728,0.41436175,0.4590388,0.86334836,0.1829744,0.0,0.76161593,0.5827531,1.0288813,0.53506345,0.3942923,0.71386856,1.1620865,1.8411477,0.8435234,1.0262598,0.43446296,0.33409932,1.9592667,1.4623435,2.1016254,0.31158426,0.7099422,1.2700653,1.8405825,0.5551082,0.14732519,0.69703174,0.23118751,0.25163168,0.22901297,0.8602551,0.26590776,0.5140728,0.31490353,0.2512726,0.13726567,1.8589443,0.07999624,1.353659,0.81443757,0.81634235,0.9707374,0.18314497,1.1099889,0.16964045,0.3280158,0.8837386,2.4765537,0.73776007,0.7943834,0.27659667,0.37877446,0.7049886,0.3874626,1.2241874,0.0057525104,1.7029268,0.57269883,1.2122039,1.0377525,0.24393745,0.9816372,0.15489148,1.1870365,0.31510293,0.12001286,0.2512536,0.39795205,0.19877575,1.0333346,0.27844962,0.75431234,0.7383097,0.71925277,0.4863421,0.18794745,0.4126075,0.748945,1.2252158,0.013811872,2.5051494,0.47280648,0.22567633,1.29522,0.7135546,0.26399815,0.7105144,0.20649256,0.3495046,0.5355325,0.6733749,0.19119382,0.6141874,1.0779308,0.5743132,0.6413193,0.06654619,0.6460584,0.94557,0.40972602,0.963306,0.45077097,1.1187066,0.7841133,0.48370597,1.2557437,1.1664286,0.052981477,1.898278,0.0740446,1.0760547,0.3411296,0.41459927,1.0831453,1.009377,0.29955515,0.5654797,0.4513728,1.4484333,0.67935425,0.20816344,0.5524235,0.6906636,0.9616188,0.5672728,0.7909631,0.28604147,0.739353,1.4109714,0.56944036,0.099592045,0.24692084,0.11111678,0.22106366,0.24509485,0.6284664,0.44893038,1.6046728
hidden_0_n59,0.523137,0.69748664,0.8890643,0.67654085,0.42963463,0.82057005,0.12626554,0.15623963,0.54550153,0.11649245,3.11301,1.0113404,0.3778954,0.47148523,1.8288167,0.581729,0.7100158,0.7618101,0.12715945,0.15972824,0.29239538,0.3867342,1.5193969,1.2442222,0.09006136,0.75773364,1.2971171,1.007449,0.56524765,0.05756557,0.64664954,2.248325,0.61018753,1.3149318,1.6413313,0.82886,0.332557,0.41615063,1.9075356,1.3671122,1.1403011,0.2604776,0.7507288,0.08255378,0.7863527,0.7366005,0.15574098,0.071995534,0.9195567,1.7156656,0.75741357,0.28516695,0.040231735,1.618452,0.29031262,0.89576733,2.1556513,1.0024539,0.7988646,0.0,0.109902054,1.7675359,0.5130616,0.31078476,1.7922748,1.2931635,1.7005835,0.22938989,1.0023459,0.89180857,0.23922153,1.4174063,0.69365007,0.6666744,1.0049196,1.088874,1.192663,0.34966615,1.1048796,0.573416,0.9466287,0.61541736,0.15449819,0.40275794,1.7701015,0.9185644,0.29021934,0.032934245,0.42212558,0.7938327,0.9535945,0.5890475,1.4095094,0.11783857,0.7559037,0.8584361,0.29440796,2.1240118,1.0057423,0.39967903,1.1359482,0.97163683,0.5259281,1.1375837,0.40854502,0.80190784,1.6060624,0.37735274,1.2040117,0.98058474,1.1990755,0.44464666,0.54094654,0.6304906,0.30619815,1.0282682,1.674103,1.5320256,0.26817188,0.6003722,1.8857765,1.5194498,1.5984917,0.190277,0.23432468,0.039518137,0.5512157,0.7416608,0.004932889,1.3465593,0.1233286,0.7080807,2.6636875,0.27902693,1.8325299,1.9475791,0.0077591455,0.28643242,0.057207305,1.0483342,0.22908838,0.16615891,0.051533807,0.551629,0.7639741,0.7255059,0.33963215,1.176732,1.4350752,1.1643947,0.34949377,0.28029287,0.847548,0.34029716,0.43541297,0.49195856,0.17158411,0.5427753,1.7013011,0.20393981,1.0050858,0.60105634,1.2903672,0.2897817,0.29841834,0.071926296,0.100080945,1.4937011,0.92127514,0.22682434,0.5586755,0.44612384,0.1750645,0.5223298,0.26873738,0.16918667,1.2598939,0.55097604,1.0081701,0.27176753,0.19693097,0.5430244,1.3278037,1.2673327,0.34112585,0.24110638,0.7870156,0.79512495,1.1164227,1.0202914,1.993938,0.66173583
hidden_0_n60,1.2220908,1.8443393,0.031313747,1.3838712,0.8194255,0.15190352,0.66874295,1.0976058,2.3493292,0.21755998,0.3427515,1.3133038,1.4502385,2.4179368,3.2456434,0.73348886,3.0479083,0.9024663,0.4076333,0.46002358,1.2041376,0.41256493,0.6336001,1.3519052,2.1101706,1.1331471,1.7455065,1.2820082,0.64449376,1.0520271,0.7052938,0.622988,3.5532734,2.1272075,0.6918556,3.3866801,0.7550382,1.1325036,0.82435757,0.862732,0.67528975,1.7511386,0.5662004,0.5115491,1.8359653,1.33919,1.3153478,0.046926875,0.3701403,2.8820748,1.6211798,0.34232998,2.8268034,1.212522,1.1500579,0.8164736,0.7610677,0.8735845,0.15416768,0.27872786,0.0,0.12367313,0.9569592,0.3272956,1.0212817,1.1588778,1.7489643,0.32181668,2.351257,0.47281644,0.2371407,0.44502124,1.6523396,0.52985704,0.32328573,0.5972597,1.3577065,0.72219914,0.7513145,1.0058379,4.575176,3.4952347,0.53282684,0.5921315,2.6500213,0.26944482,1.8144879,1.6202288,0.8149568,0.80534047,0.93636304,2.5718486,1.2624578,0.35296953,2.8258631,0.4674786,0.34514025,0.24338837,0.8871388,0.15523738,2.7922037,0.5250198,0.19295566,0.9389205,0.8212549,1.0454081,2.6535864,0.23901106,1.1344033,1.3793083,1.5877702,0.66069794,0.31957498,2.5023541,0.7508866,0.52075875,0.8520289,1.5595708,1.1747267,0.59357876,0.88347024,0.031257246,3.8985884,0.18032058,0.5013243,0.6448596,1.8702193,0.82472867,0.40929106,0.59659386,0.47358894,0.82235694,1.7414136,0.16690738,1.3570384,4.833879,3.4818203,0.9803138,0.9870151,0.54064125,0.7195332,0.44239888,2.2147486,0.61032057,1.7952592,1.5175126,0.75806856,0.20494184,1.507843,0.25682867,0.794027,0.58785456,0.6225396,0.8098685,2.2303429,3.9211533,0.3797941,0.47573987,0.57679224,0.7203828,0.919,0.8033905,2.5966737,0.6011138,1.1941801,0.7498381,3.3549562,0.20215614,0.41344473,1.9777069,1.133853,1.6030492,1.4013437,1.1520419,2.3999612,0.7533839,0.27565312,3.0443022,0.062943995,0.85771537,0.5139882,0.099731036,0.10179453,0.94108933,1.5297706,0.38497767,1.366576,0.6074014,1.1691483,1.5029432,1.2686843,0.66515607
hidden_0_n61,0.15601149,0.9231522,0.7178376,0.45977157,0.30311805,0.007572594,0.15446824,0.30597803,0.5558216,0.21816416,0.37119967,0.1603937,0.228423,0.6449956,0.72635543,0.10675955,0.46697718,0.60081416,0.36551416,0.46436328,0.7260353,0.10919712,0.4165978,0.85048527,0.44019222,1.1003913,0.7263818,0.3289723,0.24268809,1.0069383,0.71631026,0.685179,1.8333488,0.9602483,0.9488609,1.2635137,0.14858373,0.50623274,0.14713784,0.9706908,0.42333323,0.32878643,0.6233581,1.1924304,0.60097355,0.6360859,0.8012014,0.3964778,0.05991522,0.5914475,0.6601033,0.3379874,1.4439166,0.6597921,0.6205617,1.1154993,0.20250063,0.28285366,0.13313787,0.41227505,0.048977755,0.0,0.36498734,0.36215764,0.57848036,1.0610262,0.7574147,0.15915617,0.7584972,1.2846369,0.6182813,0.36562276,0.74742174,0.43045607,0.4826199,0.42213103,0.2532182,0.9379109,0.15796335,0.31596974,0.6352883,1.3672184,0.38998362,1.2696848,1.3712232,0.38033655,0.9528662,0.10160889,0.25742036,2.1382184,1.7584568,1.7267402,0.92038965,0.31871966,0.43271393,0.29294223,0.41568112,0.9092007,2.0935197,1.4021931,0.82331276,0.97545385,0.96914274,1.1496023,0.051344126,0.098930955,0.8760247,0.5241647,0.41979972,0.5577206,0.4329908,0.13289715,0.11597857,1.4351499,0.14245091,0.4875335,1.5204382,1.3411632,0.08844571,1.0941176,0.24517724,0.4508609,2.1406207,0.10187336,0.38986874,0.063698396,0.9437754,1.0566553,0.22831266,0.40977582,0.10811281,0.08905394,2.1182208,0.19291764,1.109971,2.1095083,0.46247196,0.64677894,0.8653495,0.15651102,0.28093398,0.026835551,0.45411283,0.27088958,0.47551203,0.28507203,0.5950015,0.1555857,1.0754007,0.59519595,0.08337943,0.25431076,0.24394222,0.3076033,0.06904637,0.37988192,0.18967356,0.12693335,0.63227445,1.2359713,0.74489224,0.17083149,2.173283,0.12792917,0.15826537,0.31752732,0.7969615,0.24409781,0.47832423,0.73206794,0.016996194,0.11502512,0.14228217,0.37193754,0.22060914,0.15341789,0.5238844,0.2932539,0.20819016,0.27141297,0.16894908,0.1459437,0.11303751,0.6386755,1.0275356,0.2266014,0.15329304,0.35680282,0.42415944,0.10730236,0.7629344,0.46835807
hidden_0_n62,1.5552592,1.698778,2.055368,0.01741934,0.9043631,0.95833397,2.715528,0.7708397,1.4127473,0.5649372,1.1557884,0.78977346,0.9274965,0.6717068,0.34174266,0.050619714,0.30088836,0.53533447,0.89572024,0.16775535,0.50097823,0.16083597,2.1506367,0.40940684,0.6406492,4.2327547,0.9119684,0.35358936,0.94059086,1.5536777,0.10654915,1.2739633,0.78673863,1.1117144,1.5386508,1.6306438,0.52475077,1.2109988,1.6352373,0.29211727,3.4613478,0.18588674,0.05565945,1.1553296,0.10784249,2.0084956,0.974795,0.43002245,1.9186475,0.073146656,1.053545,0.19413337,5.307897,0.041258626,0.09892807,0.5649088,0.51462036,0.16911386,0.8877399,1.5361019,2.3392642,1.2555985,0.0,0.5936464,0.43356028,0.7295313,1.8050157,0.24664696,0.5295198,0.21571182,0.545099,1.2167088,1.8638016,1.0078115,2.7565572,2.1214576,0.030542511,0.4803403,1.4299663,0.5602778,1.0378224,1.1212015,1.2881877,1.0982878,0.94664025,0.9716666,1.244915,0.28604797,1.4840271,0.33988756,0.23295948,1.1308497,0.6182943,0.31238383,1.6112311,1.5114249,0.8603925,0.83557755,1.4838667,2.0754032,0.94994646,3.612408,0.33365145,1.3306057,1.3430653,0.2872515,2.4473047,1.4890671,0.10791487,1.3385127,0.061258934,0.24189183,1.3968835,4.15348,1.2474897,0.5573348,0.5508603,0.6927094,1.5677999,0.761054,0.89263743,1.5020566,1.088196,0.71884364,1.1077458,1.2763859,0.07014711,0.7464518,0.277115,0.2715076,0.05755845,0.85884094,0.66825837,1.9632874,1.7169832,1.1090598,0.2817824,1.4379717,1.9473664,0.16023043,0.41334513,0.57663536,1.3189735,0.16928829,0.59970456,0.57819366,3.0715027,0.9950394,1.1743562,0.73628813,0.8682505,1.9882344,1.3674217,0.27712503,0.6917911,1.4083143,0.8929987,1.159222,0.12579302,0.3283437,0.38907403,0.7812198,0.7919103,1.1430892,1.58498,0.7525685,0.18872514,1.8944137,1.707799,1.2127154,0.31655452,0.41342506,0.13775739,1.412158,0.53515154,1.0932839,0.94674194,1.2338734,1.2841896,0.4914582,1.4099053,2.129896,0.70631653,0.58849156,1.0147369,0.08180566,1.2540417,0.4441612,1.8730388,1.3073697,1.1967231,0.060112838
hidden_0_n63,0.5152414,0.20265035,1.0123552,0.16594239,0.24715394,0.87553525,0.23791751,0.99300283,1.1240383,1.5229099,1.8257773,0.48564085,0.5602418,0.25451276,0.47807896,0.6207976,0.35790554,0.657411,0.75871396,0.23104545,1.622454,1.1255499,0.43982804,0.36407992,0.22570652,4.4109616,0.80781156,1.5452965,0.66581494,0.5484727,0.094691835,0.83207893,0.2027198,0.059407,0.67512375,1.3063924,0.3407114,1.5866101,0.72053844,1.0869356,0.75805765,0.365192,0.34372032,1.2329304,0.7778771,0.6530539,0.6291978,0.27686158,0.28847355,0.989964,0.114505604,0.43382743,0.051967595,1.6061145,0.29103565,0.149325,1.4741968,0.233154,1.1617908,0.22124918,0.38115212,0.8510428,0.907813,0.0,0.19971932,0.49482098,2.0911477,0.64205396,0.94057035,0.33067217,0.6403883,0.4830863,2.5526276,0.8304666,0.35161418,1.0444204,1.2619141,0.7173694,0.3284852,0.07313482,1.2509392,0.63938665,0.7461013,0.6958812,0.26868907,0.65341556,0.94933975,0.39142105,0.41295746,1.0382321,0.6875842,0.3380434,0.3047929,0.952493,0.6177703,0.8186125,0.09202531,1.289136,1.2980427,1.1547492,0.72466886,0.66702104,0.25534537,0.51266724,1.3795977,1.1088295,0.7378631,0.5720412,2.3536808,0.033043224,1.0662339,2.6360867,0.15925944,1.3525262,0.4357747,1.256229,0.0998545,1.0847589,0.1736982,0.76092136,0.43503034,0.2246687,0.7575313,1.5990634,0.21795994,0.3205868,0.11370964,2.0338025,1.9459049,0.6259224,1.2469993,3.5035996,1.1692427,0.351497,1.0289553,0.70059365,0.8688501,0.31542054,0.38827482,2.071291,0.5694846,0.3408171,0.032293446,0.09167906,0.5662451,0.36114085,0.4334481,2.272216,0.86354107,0.63307863,0.22510001,0.49185973,0.41910195,1.0900489,0.3878026,0.52526647,2.2356207,1.1349556,0.85624236,0.26107636,0.9510124,0.081492975,1.6336173,0.26174337,0.6298048,0.14345801,0.568967,2.6809738,1.661426,0.41607276,0.389039,0.9286658,1.1625931,0.68845046,1.5138501,0.26550764,1.7410538,0.68782705,2.2356234,0.9492086,1.1635988,2.3185554,0.37075454,0.7685809,0.7500023,0.61842644,0.5868732,0.3689873,0.5921068,0.8270216,1.3235871,0.81840926
hidden_0_n64,1.4252703,1.5628483,1.603975,2.442941,0.13684945,1.2244096,0.24320585,0.9752735,0.80946535,0.18632941,0.37103006,1.5975556,0.13813064,2.7224362,0.99586326,0.43342915,0.46668333,0.39363265,1.3070472,2.5846136,0.6650742,0.7083445,0.94181955,0.97418624,0.3070868,0.9397282,0.50633144,0.7286147,0.18302241,0.20786515,1.7451713,3.2801824,0.8125701,1.2768626,0.7648423,0.6929596,0.8981951,0.85368574,0.10509152,0.6665325,1.332424,0.5628294,0.55041325,0.44600895,0.88608617,1.7213525,0.30815354,0.44113287,1.7829293,1.636132,0.8240303,0.14128901,0.8925502,3.451474,1.3339989,3.204998,1.1903807,0.68149805,0.07883051,0.39047506,0.25139266,0.19962226,1.3428465,1.619497,0.0,0.7238591,0.9731206,0.8400583,1.6735339,1.7740952,1.11874,0.3177539,1.4846231,0.6584655,1.0405532,0.39789903,1.2357578,0.49061292,0.8394558,1.6714454,0.29432523,0.5772869,0.5438893,1.9102592,1.861652,0.13214958,2.963834,0.3017461,0.82551646,0.80078554,0.7182214,0.27861005,0.13104625,0.69554263,0.4118274,0.39175835,0.5272993,0.35009345,0.24539413,1.0595208,1.7431297,1.0827538,0.2303169,0.65203923,0.7589356,0.6927186,0.22461973,0.518108,1.9512649,1.3522415,0.9810246,0.39575666,0.26083362,4.557088,0.53052586,1.3325019,1.7232869,0.6126348,1.4163922,0.9954839,0.66093063,0.19035052,0.8135167,0.764955,0.5520295,0.031373292,1.5414926,0.5735094,0.4756378,0.43431163,0.37394527,1.8162549,2.6324463,1.790596,0.46472025,1.9791124,0.074312,1.1616114,0.20801282,1.779924,0.02533521,0.15411144,0.6382977,1.4884634,1.2628815,1.1095892,0.18012908,0.5668171,0.6102657,0.60348386,1.133596,0.38668802,1.4181097,1.3993956,0.8723938,1.492698,1.488098,0.41264558,0.6305463,0.10421819,1.9720294,1.3674122,1.8013113,0.17836028,0.57958055,0.35605973,0.34063202,1.8020266,2.0366337,0.086348794,0.5911986,0.47695553,0.30013204,1.065517,0.5687584,0.08860828,1.4455777,1.4175566,1.791685,0.22200145,2.3250206,2.6802797,0.7046095,1.2178845,0.59642786,0.5972938,1.176887,0.22555836,1.229077,0.62678564,1.0376039,0.2553385
hidden_0_n65,0.91564983,0.66424984,0.39959,1.0838765,0.37777004,0.007235933,0.30288452,0.57937855,1.3965807,0.49439418,0.69683915,0.48260346,0.34279215,0.83993566,0.17540772,0.67744786,1.4319545,0.20510994,0.5580123,1.3819318,0.8287994,1.9960707,0.41076717,0.31564835,0.6818156,0.34413582,0.10450588,0.99149674,0.38284707,0.038392656,0.5826897,0.41146666,0.93267787,1.1372145,0.6827067,0.29134715,0.916445,0.542276,1.3696756,0.08211526,0.10099673,0.22563511,0.4071793,2.0640311,0.56739765,0.028568845,0.6902616,1.1040999,0.14893027,1.2038959,0.775202,0.4259189,2.463722,0.99064124,0.19595997,3.7891116,0.5177108,0.08387266,0.7764723,1.6382321,1.3408732,2.4290469,0.37742433,0.03529146,0.36122507,0.0,0.6835778,0.46606416,0.8277484,1.4795227,1.0290283,0.89031285,2.5378225,2.6316202,0.017043974,0.35449547,1.4102379,0.7297101,0.27778658,0.42110756,0.65300775,0.9109002,0.8337883,0.67848164,0.26521808,0.3995643,1.0581456,0.11030004,1.3923842,0.2946139,0.6017946,0.6707378,1.6104294,0.37419817,0.46080437,0.48685056,1.0828314,0.8594892,2.360672,0.41147804,1.731027,0.652445,0.8001881,0.08419893,0.50143707,0.14544146,0.58263254,0.572351,0.89677906,0.30954552,1.5449669,0.19395097,1.3995179,1.6801604,0.47028375,0.6137095,0.33466265,0.8641341,1.6268642,0.5016813,0.6897262,0.63949704,0.9533551,0.2010097,1.1205463,0.27168378,1.9398079,0.6635019,0.42544734,0.60962886,0.36116558,0.27827716,0.5794404,0.18146032,0.68239766,0.32343504,0.075062335,2.1396081,0.47688487,0.57259923,1.2298267,0.45638376,0.13135618,0.23142904,0.34807765,1.8987294,0.4721519,0.83530915,0.69176304,0.93327135,0.05894921,0.3000396,0.10287547,0.8847156,1.1050781,0.98640144,1.7398444,0.14809316,0.7292315,1.9027594,1.3817564,0.5202548,0.45174953,1.691264,0.29802048,0.110175446,1.1707934,2.1771657,1.0105995,0.2657945,0.6223135,1.3435639,0.8476003,0.52886164,0.5599748,0.38867626,1.2723972,1.5233704,1.6709696,0.33007374,1.4476342,1.1691041,0.8494338,1.0264943,0.16234824,0.09861413,0.19836392,0.45754868,1.0095865,0.6378066,0.977382,1.558136
hidden_0_n66,0.5059458,0.972426,1.169365,0.80237675,0.5267819,1.1468495,1.1976938,0.44199294,0.54077756,0.116571695,0.6552261,1.232709,0.5320608,0.3975046,1.574185,0.901599,0.50841385,0.8326602,1.4185823,2.212253,0.20308283,0.8133391,0.5789385,0.96108764,0.4367477,1.225192,0.2215662,1.4410748,1.0833528,0.32692352,1.3097752,0.69949204,1.9769708,1.0931742,2.0950363,1.5539632,1.6071113,1.6689721,2.6914618,0.1079347,0.33732882,0.3439478,1.0359747,1.6332719,0.9242019,1.0199033,0.48618403,0.9186405,1.0345873,0.16396421,1.0806073,1.6398832,0.5322772,0.6874641,1.0089566,0.22166334,0.49426845,0.28505072,0.46679616,1.4267346,0.39402342,1.4927365,1.2591459,0.9631182,1.1838244,0.9575564,0.0,0.21217498,1.2113707,1.9517721,2.1256423,0.94918597,1.1781827,0.2643352,1.6955007,0.11537127,1.2164943,1.2110027,0.843317,0.7026479,0.081304796,1.0367979,0.44383696,2.6099672,1.6423539,0.5019164,3.1025183,1.3529298,0.9055618,2.0921056,1.0716251,0.3174771,2.1227744,0.98470455,0.31646273,0.18896922,0.7495315,2.2346327,0.84202725,1.3475914,0.3451567,0.1915572,1.0186692,1.6685019,0.7521684,0.5105584,0.22683893,0.98734087,0.6871588,0.427068,0.299722,0.5302525,1.057897,1.5098678,0.17833214,1.4163575,2.6430457,0.42932975,0.5812767,0.4707787,0.36779085,0.52913177,0.3635964,1.1350602,0.2560264,0.38225192,0.061745092,0.8819112,2.0120947,0.7780784,0.96958256,0.92574626,0.6113774,1.1574236,0.77181923,0.60118866,0.56975466,1.3781601,0.29026178,0.3674289,0.052591506,0.360016,0.25973615,1.0781893,1.4624915,0.13575259,1.1483641,0.5819074,0.7164064,1.0477173,1.115353,1.1660898,2.4774816,0.5723641,0.3667336,0.1715991,1.0432309,0.6716887,0.962812,0.55824256,1.0201592,0.7123982,0.7339633,1.5523901,0.443918,0.45340332,0.28841275,1.0635462,1.8141656,0.1863899,1.4418519,0.86138994,0.5398351,0.5460241,0.3131741,0.30339682,0.5283225,0.11134032,1.2188032,0.4289361,1.6217597,2.6893818,0.74089354,0.8428534,0.35977525,0.25996226,0.11537005,0.572895,0.512644,0.7220965,0.4832143,0.44428718
hidden_0_n67,0.710387,1.1724916,1.6847968,0.12977189,0.49977085,0.6950753,0.51658,0.6275347,0.44101968,0.084882565,0.93744457,0.034916535,0.5962203,0.34784377,1.6700706,0.29752225,0.69989276,0.33821785,0.40260136,0.120047785,0.35270956,2.468326,0.3191531,0.40820926,0.20345636,0.64989334,0.11162059,1.0782973,0.1907777,0.42057088,0.7249728,0.37261978,0.16180222,0.17966005,0.09040031,0.6400226,0.20770498,0.33425343,0.5288312,1.8270363,0.38358098,0.2721482,1.014118,1.9461255,1.5397589,0.49469244,0.4066905,0.17882937,0.20856759,0.100612886,0.8159363,0.62768227,0.34167433,0.7113211,1.5738899,0.8594546,0.044503808,1.0600832,0.9854771,1.1120933,0.13226844,0.70137405,0.1851215,1.0923405,0.94271815,0.9653231,0.029376378,0.0,0.49187392,0.39994776,1.2067379,0.47081015,0.24301426,0.17073007,1.1498771,2.130577,0.23424932,0.28173673,0.3808278,0.8094483,0.52457726,0.16083163,0.5373585,0.22615716,0.067474686,0.09520615,1.3023299,0.5702366,0.30989182,1.7109531,0.96133095,0.34709254,2.8537211,0.74186856,0.31404686,0.7471244,1.7848841,0.17899418,0.5319068,0.62109685,0.032008797,0.25690836,0.15314142,0.03609015,1.1382174,0.5610135,1.2611614,0.71426857,0.27881834,2.1852856,1.4075451,0.5732242,0.1452771,1.4301362,0.46326357,0.9710642,1.1914185,0.8842751,2.071138,0.34407273,0.18565574,0.091520205,0.64298016,0.33109286,0.84679705,0.12424576,0.6112797,1.4665853,0.95123404,0.07984645,0.8901166,0.5156645,0.3668812,0.6068157,0.2680559,0.8236483,0.83857673,0.5020908,0.1543266,0.18069868,0.77926093,0.48384795,0.28032228,0.9950352,0.68479943,0.45810091,1.344523,1.0730226,0.16617812,1.0416361,0.4300709,0.10683588,0.42599598,0.17310861,0.594766,0.8523161,0.34190497,0.7978966,0.20742399,0.22759649,0.11052463,0.44448254,1.8838229,1.3398268,0.74051255,0.0909492,1.2530588,1.012802,0.8077609,1.2044514,0.9404454,0.46649387,2.0041673,0.14637637,1.2016588,0.4995609,1.0368302,0.35480198,0.634825,0.48029056,1.1075233,0.75758463,0.69489706,0.005038038,0.91459674,0.26719972,0.461459,0.15029213,0.12600452,0.07948124,0.49641177,0.06123722
hidden_0_n68,0.17614378,0.789505,0.9365439,0.41673088,0.58384275,0.7593398,1.7443022,0.3887811,1.2727435,0.61730045,1.1986701,1.6336098,0.35626003,0.6402836,1.0164278,0.19229202,0.9675935,1.3003205,1.1191015,0.4241841,0.22621843,0.13986665,4.962387,0.4743255,0.3443113,2.4793704,0.15453695,0.6852332,0.2153872,0.81474125,0.19650567,2.2949193,0.46908015,0.27815875,1.26427,0.3741519,0.027369775,0.44786763,0.6826832,0.39860633,2.3810008,0.13568377,0.18788216,1.8096728,0.33804402,0.69197977,1.1426352,0.3121511,2.1106534,0.1808384,0.07831057,0.7383474,2.3008902,0.27242583,0.8260558,0.15132694,1.5551329,0.11230539,0.23768046,0.6282693,1.066337,0.6478629,0.62538207,2.113461,0.862759,0.3446486,2.777918,0.14118959,0.0,0.3984731,0.30388913,1.4283719,0.66004086,2.0036047,1.6145397,1.5732188,0.5112333,0.16415186,0.7863672,1.4255837,1.1239798,1.3556226,1.0877786,0.1967168,0.12358019,0.6273137,0.56352836,0.56925327,0.77647156,0.24464558,0.7700683,1.0342814,0.72629684,0.15662245,0.82897854,2.0743778,0.82413507,0.5517272,0.4916523,3.6634142,1.3298833,3.8861103,0.7301016,0.63213825,0.23269117,0.33954176,2.321294,0.34551632,0.047224313,1.3260245,0.31238806,0.39601916,1.1298175,2.2073421,0.88848895,2.3550246,0.4530667,0.7256767,0.91968393,0.61853284,1.7531643,1.7120768,0.67512536,0.16558193,0.46171978,0.83866453,0.73132926,0.6464781,0.0451871,0.13182189,0.030117584,0.4420191,0.33338794,2.4049308,1.3210573,0.21663685,0.70746875,1.1594071,2.3469155,0.35193512,0.67446554,0.54932064,1.3646417,0.16605224,0.38293806,0.16343552,0.5187762,0.3356123,0.23778747,0.31828284,0.121741794,3.4647799,0.23100743,0.44675022,0.659698,0.47884956,0.8284977,1.2765672,0.22635648,0.19886264,0.28332078,0.70396906,0.5848684,0.618571,1.5393604,1.7436117,0.3075574,1.515322,1.2605246,0.7573472,0.6402149,0.59956515,0.28675166,0.8306063,0.53199786,0.32442403,0.39413968,0.8271906,1.0497003,0.5903488,0.17036636,0.6069588,0.9931399,0.335156,1.3824844,1.171505,0.506109,0.27893752,0.547126,0.84689885,0.26080322,0.1361398
hidden_0_n69,0.031287815,0.8838756,1.0124835,0.6825691,1.3335297,0.20883682,0.63009685,0.17680404,0.25697657,0.4289187,0.93667746,0.64801455,0.4768768,2.2788136,1.4701669,0.19315787,1.7710093,0.6876374,0.4126581,1.783624,0.52471006,0.21501362,1.5843245,0.9401642,0.8368954,1.596051,0.94797814,0.5606617,0.28991848,0.62972087,1.1442513,2.273834,0.48944104,0.5836856,0.80726767,0.3951791,0.23135942,1.0789962,1.0858734,0.07953668,2.0942016,0.3893859,0.822039,0.25853622,1.1245939,1.0518279,0.70425963,1.0822663,0.7814566,2.3795524,0.31710348,0.3874277,0.29213503,2.7772334,1.3108647,0.8227852,2.1942303,0.9847549,0.9736617,0.3154001,0.5505129,1.5541112,1.7451282,0.87471753,2.296528,0.8250205,0.7356324,0.66954046,2.3677197,0.0,1.1543231,0.9981106,0.6918296,0.82900614,0.2416708,1.0050386,0.48809338,0.43105805,2.1891806,0.58679026,1.0802358,1.7881911,0.38725644,0.930194,0.25945574,0.33804792,0.5630102,0.033614036,0.38365313,0.41808105,0.5275787,1.603555,0.64110136,0.29638457,0.73729235,1.6847755,0.9768039,1.8247898,1.1489246,0.863651,0.40535057,3.3435056,0.89104,1.6952145,1.7653229,2.9999478,1.948975,0.07456706,3.718186,0.54530704,0.6191586,0.34974292,0.925446,1.3826871,1.1642579,0.32374913,0.25008032,0.27053353,1.4012737,0.11898772,1.3592412,1.258383,0.4288305,0.601548,0.027149344,0.844696,1.2742153,1.6503426,1.3470393,1.0899568,0.33424288,1.8490337,1.3881271,0.25850162,1.3783176,0.40792358,1.0344049,0.63981795,0.6720227,1.6619855,1.0672632,0.17879087,0.3171227,0.616461,0.5318855,0.87224877,1.9870188,1.5069878,0.28664154,1.2665263,0.04352089,0.8764514,0.8468262,0.66436625,1.8675212,1.5409501,1.8631232,3.9954927,1.3479832,0.7963205,0.7104063,0.6221269,1.1996707,0.56065917,0.6451839,0.8079731,0.55983347,0.8989088,1.6556501,0.20066372,1.2667962,1.4576238,0.06922058,0.25024357,1.8436987,0.6881396,0.4774266,1.0174077,0.61992514,1.3975312,0.8161522,2.842371,1.9590292,0.13303877,0.62524194,0.35299426,0.8515312,0.85503286,0.8491853,1.0662599,0.9451726,0.4174258
hidden_0_n70,1.0677196,0.5982477,0.39453205,2.1120865,0.01856177,0.47247976,0.36884,1.353058,2.0876305,0.5629411,0.7036172,4.476696,0.34377217,1.1568674,1.7774581,0.9343366,0.28185174,0.8320028,1.6776525,4.0396056,0.95276415,0.092496835,0.37407362,0.41925344,0.16847865,1.7968875,0.31235573,1.9962856,0.35324103,1.0810685,1.8384818,1.4105592,0.77734905,2.0652406,2.122935,1.2200297,1.5008904,1.1546485,3.3829436,1.1290514,0.88239473,0.78919923,0.74545074,2.6707492,0.57915705,1.3797294,0.36239177,1.1999199,0.74033993,1.1114794,0.31006488,0.06583263,0.3061544,1.3613566,0.8673147,2.646142,4.1887736,0.13825147,0.7383658,1.915827,0.7970978,3.109745,0.5185404,0.8716268,1.7411563,0.2700037,3.1510918,1.3529468,1.9536622,2.7219536,0.0,0.18119437,1.8796887,0.53207266,1.0970958,0.4824018,3.3572307,0.6235771,0.2550827,2.421066,1.6284317,0.41565496,0.7167608,0.31973132,1.9823396,0.73104095,1.3689082,0.25909752,0.4309754,1.8572577,0.42606646,2.5824275,0.3443232,1.0784895,0.1752669,0.6308206,0.41490236,1.2416372,1.1448644,1.9179404,2.2331219,1.120879,0.034361526,0.95181364,1.3315661,0.5830695,1.095374,1.487063,0.3387706,0.5711247,3.4415338,1.0048872,0.25939265,2.7106643,0.12169978,3.5481644,1.4992213,0.9911705,2.321482,1.6898235,2.3118215,1.8865836,0.65406704,1.2192907,0.23925778,0.6222213,0.66110903,1.0267453,0.46639538,1.441829,1.1278621,0.9296399,1.4983723,0.61581594,0.30282456,1.4969977,0.69999087,0.23019952,0.7723371,1.0835735,0.8962231,0.23687364,0.2049525,1.5771599,0.49028504,1.5665573,0.29795316,0.06892179,2.749286,0.6360828,2.145744,0.11549688,1.9792178,0.51274735,0.74449414,1.3253082,1.3515378,0.87404567,2.1904545,1.1806756,1.1875663,0.6509337,0.1683982,0.92994684,0.17383759,0.8209985,0.3094331,0.38354105,0.8603147,0.16845238,0.3100854,1.696514,0.034023467,2.2626135,1.4594185,0.6487013,0.903852,1.3105317,0.9182442,0.49914432,0.0601659,0.6239898,0.5574655,2.391663,1.0911744,0.9558778,0.09736225,0.60739386,0.82461256,0.30043977,1.6092318,0.5769633
hidden_0_n71,0.07073249,2.7803233,0.32313985,1.174634,1.2977636,1.3426067,2.0690696,1.4436015,0.048976384,0.17765908,1.1594969,0.16279325,0.5669639,1.3109027,0.20076877,0.44780034,0.11436142,0.40967584,2.7367575,0.6659323,1.6228175,0.21775585,3.350328,0.4348914,0.025314579,0.5138145,0.57717854,0.7063522,0.23132585,0.37653413,1.7708967,0.20785387,0.56533736,1.5448273,1.5947993,2.8286815,0.38360956,0.3094677,1.7987552,0.7681617,1.5693175,0.2936773,0.950201,0.90931433,0.5778411,2.3623571,3.164868,0.85647064,1.0597008,0.47643802,0.53979164,2.2162967,0.73258615,0.6124545,3.2664592,0.7112391,0.65396684,0.87502676,0.36564153,0.75521827,0.3709258,1.6433041,0.3324322,2.4171448,1.4848045,1.5027387,1.2841403,0.50697595,0.91552424,1.9937342,0.52273256,0.0,1.886931,1.3015343,1.4081893,0.36367178,2.732691,0.32916814,0.6601793,1.8831639,0.50948966,1.414854,0.64072746,0.4821106,0.30082223,0.91748923,0.7547064,2.1114445,1.0163215,2.998155,0.23892619,1.3898214,1.768632,0.4379798,0.23184828,2.8651757,1.68791,0.6864726,1.1376109,1.719894,0.12954806,2.1231441,1.2678226,0.09844554,0.120301075,0.25426072,0.021046204,1.3624152,0.10582174,0.43693396,0.59662503,3.4648352,0.9488029,0.84863645,3.3664052,0.682668,1.6220996,0.8054065,0.45870098,0.08722306,1.3426628,1.1000253,0.46618798,0.25543603,0.4072201,0.65495455,0.11571322,2.5155277,2.4225168,0.97856146,2.9223704,0.8799512,0.45951658,0.2666063,0.7330581,0.7324857,3.9777677,0.55394125,1.613256,2.115448,1.3216932,0.74056464,1.8048677,1.3358095,2.0611188,0.36053938,0.6724461,0.28763044,0.26229474,1.1676284,1.35337,3.2144902,0.35696182,2.6214986,0.04420122,0.47088462,0.60833156,0.73250145,0.7099711,0.30782697,1.6575851,0.17380701,2.5739079,0.5860303,3.309242,2.182948,2.6581137,0.3951599,0.5229095,4.413077,2.042003,0.85530776,1.8999424,0.2622941,0.8353975,1.9783851,0.091890454,0.9108652,0.45401755,1.4959795,0.41290557,0.11269264,2.0201364,0.47183678,2.8703637,0.032944117,1.7241164,1.0221105,0.4862194,0.83686996,0.2067135,0.9053621
hidden_0_n72,0.32397848,1.5437751,0.69816804,0.55678266,1.0272548,1.9256641,0.72626954,1.1780441,0.14562415,0.49321306,0.56527215,0.22476146,1.429541,1.0415461,2.1635532,0.7176566,0.6393892,0.5685456,1.9439415,0.2724259,1.6048654,0.5130411,1.9311188,0.14006786,0.054771256,1.3618886,0.80757153,1.1590121,0.56474334,1.2762837,0.16375531,0.22423892,0.20172127,0.7183297,1.9406343,0.6297752,0.20407721,1.6487079,0.6643299,0.37671587,0.8667412,1.1414093,0.7757309,2.741252,2.0765352,2.9339392,2.8255315,0.043601952,1.6110349,0.3593212,0.1231216,0.7188108,1.1199548,1.0712737,0.48096567,0.40288574,0.7470619,0.76066816,1.049382,0.889597,0.52340055,0.94950974,0.9606033,0.89357704,1.7720424,0.9036102,2.1521292,0.27643374,0.3103636,0.9631972,0.3661174,2.1459033,0.0,0.9536717,3.050409,0.5696257,2.0429063,0.118039794,0.81434083,1.4773209,0.38079432,0.065272346,0.11106795,0.962532,0.7862462,1.2486969,1.3130635,0.455634,0.040682774,1.0447482,0.83289516,1.3753289,1.6415966,0.4411726,1.0421703,2.5793614,0.2669997,0.8168505,0.45909935,2.5846994,0.016991887,0.54700255,0.36449978,0.8484561,0.37106216,0.5874912,0.9743973,2.6377172,1.1962237,0.24238616,0.3344024,2.0849168,0.85992914,0.97601986,1.9707164,0.25669444,0.67013824,0.521266,0.18423204,0.6455372,2.0641043,1.0772816,0.8791117,1.906896,0.016345626,0.7957249,0.4959499,2.3036854,3.9856162,1.1188715,1.6879034,0.6210355,0.27799776,1.8179556,1.070329,0.15258165,1.2118841,1.4968122,2.000204,1.7236254,0.75777185,0.4011908,2.1539528,0.36840585,2.292078,0.66130286,1.3980341,1.9448929,0.858673,0.7721008,1.3043282,1.9462907,0.2881425,1.1840948,0.5149376,0.12732439,0.32269916,0.26920265,0.6193171,0.3768573,0.7749157,0.23742513,0.64482003,1.4203879,3.0172846,0.5243057,0.68912363,2.9194267,1.4922409,1.0986558,0.5645055,0.43202937,0.84309876,0.60311615,0.35824308,2.0550494,1.7052479,0.40370318,2.4226851,0.6801363,0.79870933,1.8653547,1.7048056,1.0717002,1.5192963,0.6549369,0.5375406,1.2654735,0.03955757,0.65523124,0.5222831,0.83485585
hidden_0_n73,0.13115042,0.6716181,0.6425198,0.20638946,2.5555255,0.15904978,0.30397892,0.6229677,0.27522358,0.19568303,1.4022695,0.87192273,1.0615937,0.93892723,0.051331304,0.33315676,0.29693896,0.71389675,0.5405667,0.089721106,0.5605782,0.14465661,1.7796682,1.8041797,0.42135155,2.6883726,0.6496296,0.18809299,0.5850135,0.7400798,0.2751238,0.58021253,0.47323585,0.5645654,0.33381963,0.49298057,0.07628871,1.3533883,1.3711177,1.1192961,3.552032,1.2978706,0.0565677,0.61705476,0.9633832,2.295515,0.48390967,0.30072093,0.9968155,1.4721009,0.35128462,0.31822604,1.0784703,1.1580398,0.6048472,0.58180004,1.3232836,2.0360832,1.0733835,0.08184803,0.3921564,1.7927563,0.5593164,1.7452344,1.9719332,0.75171435,2.4088612,0.8596087,0.54341996,0.14548455,0.45222718,0.1261642,1.3839319,0.0,0.69230855,3.0912797,0.7771846,0.7039238,0.8773069,0.09045694,0.8491875,0.37745798,0.17948714,0.5375557,0.024564382,0.97018063,0.35919684,0.052248403,0.21392287,1.7305458,0.6088686,0.9342683,0.90669143,0.38139904,0.041906655,1.6181693,1.6547433,0.74152935,0.19092299,1.1181592,0.5439029,2.3377285,0.68475014,0.19700374,1.1719531,0.77320004,1.3497065,1.5561001,1.1206704,0.9419648,0.5436159,0.8934702,0.80158436,0.66076577,0.23135516,1.0072275,1.5874102,0.51200986,0.9018888,0.670619,2.1173887,3.0030797,1.2942412,0.38220596,0.34289473,0.5579568,0.4075951,0.75456136,0.9399224,0.41227114,0.23368426,1.5320138,0.61764425,0.5945628,1.1167941,0.25443152,0.15155873,0.8501011,0.8523777,1.8129816,0.39101315,0.22488686,0.48973152,0.59496194,0.34416264,0.2729555,0.8695127,1.0847049,0.2845911,0.39069316,0.13053575,1.7063674,0.73066014,0.0070027458,0.12931263,0.26589322,2.2736793,0.16433917,1.0716933,0.1811163,0.92799264,0.6871757,0.9448488,0.2092266,0.1409226,0.65091085,0.39176106,2.4302855,2.3906984,0.1544858,0.07171327,0.47939017,0.071315005,1.5874118,0.1951786,0.09154449,0.561233,0.15372698,0.5019256,0.11707207,0.23138861,2.0075521,1.123165,0.7150168,0.92305696,0.26122284,0.8208871,0.35855967,0.6237797,0.93549556,0.29311997,0.8990691
hidden_0_n74,0.3478862,0.89681906,0.91060305,1.3891149,2.2203577,1.4233853,0.3733235,0.35733876,1.6750377,0.11299463,2.688505,0.40123615,0.28259352,1.1018195,1.9152802,0.54737484,0.74071956,0.333381,2.0247612,0.9136323,0.7860029,2.0026994,0.33105475,0.089538746,0.4567477,0.14400132,0.24709593,0.68377084,0.46319273,0.29411548,0.27004135,0.8168421,0.2666707,0.9266926,0.75625694,0.30585393,0.2729636,0.77307725,1.7534329,0.53546184,0.396689,0.04308551,0.39560524,1.8270215,0.54317456,0.7400857,0.19959006,0.59823316,0.41607854,0.2590932,1.0397193,0.13447517,0.04603606,0.603632,0.7175385,0.7364456,1.5786401,2.116835,1.1234037,1.8640109,0.8974559,2.2203555,0.70662713,0.60135764,2.0965683,0.65529364,0.666963,0.9351775,1.954186,0.7502178,3.057118,0.5023043,0.6360158,0.794701,0.0,0.945678,0.1305315,0.20604323,0.6865294,0.4928354,0.4649623,0.5893174,1.1120719,0.725857,0.8117782,0.9721029,0.41846818,0.9993063,0.50940955,0.15778667,0.55529785,0.47662655,1.5942805,0.14478649,1.3206904,1.9107996,3.4707825,1.8002932,2.011273,0.0441813,0.7407186,2.2822413,0.49987477,1.0689625,1.4355414,0.9875305,0.5308172,0.34106523,0.5807908,0.7308079,1.7374779,2.367208,1.5645173,0.6735638,0.39108422,0.6028869,1.7508237,1.038701,1.2417558,0.52095413,0.5536536,2.0134227,0.18463166,0.31167293,0.26871756,0.34678897,0.3944286,2.9821043,0.36247456,0.6739593,1.7168353,0.47575694,1.6145004,0.57812434,0.25086257,1.0760777,1.4653586,0.3312708,0.14316474,0.7757036,0.55985105,0.115565866,0.9174207,0.79456013,0.41540837,2.1789021,0.8409528,0.5696634,0.9651005,1.2166133,0.14239034,0.31097397,0.8683929,0.6190865,0.32600614,0.70521784,0.4944222,0.5744848,2.343906,0.89734256,0.5276357,0.5625188,0.26618263,0.44238555,1.8723915,0.12992597,2.9306343,0.9597759,0.23206414,2.857023,1.0218389,1.3271122,2.6813726,0.89738,1.3677851,0.49490172,1.5055249,1.357095,1.2886575,1.66668,1.201838,0.6006986,3.1814413,1.5955478,1.6832724,0.35656732,1.0714116,0.9369703,1.1420306,0.5543981,1.4546179,0.84879905
hidden_0_n75,1.0370312,0.38443944,0.21032365,1.1257614,1.5883336,0.63073635,1.6171927,0.61633676,0.18822575,1.2556933,0.33988762,0.09778031,0.9110007,0.35337088,1.3088902,2.7397628,0.3044351,0.6721856,0.96826404,1.0038142,0.23673788,0.17154865,0.26639643,0.28914282,0.75965834,0.8155902,0.24487191,0.40177047,0.5882759,0.20150831,0.6627179,0.5485385,0.72985774,0.72338885,1.1942071,0.65362763,1.7775146,0.96214783,1.3605806,1.8622351,0.3139747,0.73829097,0.48554122,0.22594851,0.6669239,0.6396363,0.13557531,0.45080447,0.33933145,1.0199679,0.5953457,0.79607534,0.42106187,2.1888192,0.34271434,1.0569412,0.61678725,0.29329368,0.36872754,0.28562465,0.54258996,0.42902458,0.7736013,0.22095618,0.09577295,1.0299677,0.38350695,0.30888462,1.9121788,2.9476867,1.2373165,0.98841995,0.31430915,0.14394255,0.0491333,0.0,0.28939444,1.1240246,0.08854065,0.70829386,2.054072,0.30006772,1.074936,0.20148927,1.081712,1.8305063,0.843724,0.34908497,0.659248,0.55634403,1.8492868,0.023809455,0.050561495,0.5066303,0.08903016,0.87990254,1.2553569,0.15621048,0.45361513,0.93302983,0.09997198,0.569098,0.7855136,0.16800754,0.5456306,0.22974265,0.087582864,0.94249684,1.642689,1.0896449,0.41833398,0.081105374,0.96443856,1.894148,0.54213554,1.96903,0.30769297,0.5490118,0.97364813,0.29952088,0.27675003,0.927276,0.6088549,2.334106,0.12978774,0.20354298,0.84596753,0.5159312,0.07336088,0.7728104,0.05403075,1.4361488,0.22698003,0.46610212,1.2693065,0.86299586,0.61402494,0.46046504,0.3928226,1.4975113,0.30716702,1.9930975,0.69762266,0.5630135,0.96271545,0.11746233,0.605376,0.6375442,1.1455455,0.6990548,0.72153413,0.10176308,1.159747,1.1448805,0.93788785,0.940399,2.058877,2.2653337,0.4762709,0.79531014,1.3737171,0.07537108,0.38671613,0.9182762,0.40012258,0.14112402,0.076083206,1.2108406,1.5206826,0.40943852,0.90000206,0.40247092,0.8159438,0.31924325,1.0487535,0.41266778,0.48853663,0.9200138,0.39480913,0.57636976,0.4048378,0.63327485,0.72842705,0.35913387,0.35120472,0.7379943,0.5677193,0.30234268,1.7398896,0.11325507,0.65362114,1.9451642
hidden_0_n76,0.2618689,0.39198175,1.193018,1.6991758,0.484782,1.3605142,0.33242068,1.7556366,0.32737544,0.69698095,0.19708046,0.8822664,0.47761053,1.3507748,2.811034,0.2287417,1.0478084,2.1381915,1.2313461,1.4659033,0.59474325,0.63904446,1.197787,0.61330765,0.37379736,0.4480939,0.03419774,0.84677744,0.5283262,0.64451855,0.40576687,1.406861,0.9050687,0.6505727,0.76355296,1.8700062,0.40170637,0.7589948,0.37473157,0.17661394,0.26684475,1.9124833,1.1576685,2.5354912,2.969004,2.3799605,1.7709335,0.44110653,2.083457,0.99935603,0.7371091,0.3988018,0.9649158,1.3860974,0.4309029,0.85634524,0.26392314,0.7004222,1.9461796,0.5535914,0.4056735,0.61247146,1.2124015,0.35443652,1.8463323,1.4973763,0.13603821,0.6195568,1.4825704,1.7672712,1.1121973,0.66789913,1.067853,0.22891663,2.6787462,0.11400382,0.0,0.2605901,0.5102607,1.0096451,0.7233534,0.0478271,0.15363674,1.4474634,0.9110378,0.5249387,1.5740138,0.17369713,0.16181698,0.5038502,0.8041687,0.39604694,0.6217639,0.48211595,0.6071745,1.2858497,0.31378075,1.185623,0.8885024,2.0096316,1.02741,0.26794237,0.37640166,1.8107616,1.0625317,0.8233721,0.14254169,2.5193923,0.8773658,0.22953413,0.7812762,1.1566253,0.7352229,0.81694055,0.8704161,0.78843105,1.3875239,0.24493802,0.54708135,0.47089356,0.7787195,0.52623695,1.2924474,1.0770874,0.12533319,0.58257234,0.77944887,1.1470855,3.4798794,0.6325672,1.6197232,0.50468516,2.238191,1.728824,1.0404124,0.77497363,0.9846464,0.71803373,1.1462971,1.5072821,1.3057259,0.033728164,1.514197,0.28715447,2.2709963,1.3557986,0.77475774,1.6742493,2.2170143,2.090315,1.4060599,0.7067793,0.47054964,0.6255467,0.5274907,0.28715244,0.3729754,0.33374488,0.29423535,0.33399442,1.9939061,0.16633205,0.411924,1.5199373,0.9989212,0.609472,1.1282369,1.9407004,0.97680366,0.50122356,0.8707033,0.05468245,0.6357374,1.9921743,0.26500136,1.1195534,2.0639987,1.3445841,2.4553509,0.44957408,1.0013031,1.9442443,1.5866733,3.0074477,0.6577066,0.3049988,0.11218636,0.8921931,0.43663204,0.6828223,2.0467157,0.76545244
hidden_0_n77,0.80764765,0.8998143,0.3953715,1.2165248,1.6971942,1.7508614,0.6976688,0.3863703,0.48009282,0.13718489,2.0213983,0.6716051,1.3534764,1.7357476,0.4200088,2.2444751,0.66776764,0.020286657,3.8967636,0.8164521,1.0852232,0.67316186,0.1635598,0.20068029,0.32395074,0.28680518,0.96731126,2.31644,0.33564252,0.9889076,0.6397573,0.06263285,0.20448856,0.5865361,1.1038963,2.7986784,0.5568235,1.5631148,0.47293323,1.3417172,1.8142596,0.71117496,0.8443827,0.12744805,1.4906468,1.6451952,0.8102524,2.0503435,0.6282609,0.6857476,0.3005161,1.3366112,2.065252,2.8777175,0.60823226,0.58946514,0.76429486,1.4457384,0.7499745,0.6129742,1.3653125,0.3152591,1.052213,0.39249954,0.609269,0.34196633,0.84941435,2.673993,1.7779357,1.0300454,0.4882203,3.10369,1.9899244,0.69559485,2.1656058,0.1594498,1.4596554,0.0,0.90206194,0.97085637,1.3362801,1.2611961,1.219895,0.41624892,0.16854547,0.68089145,2.305114,0.7567227,1.7967448,0.14595461,1.8585008,0.58932817,1.6109045,0.26184136,0.084293395,0.27306393,4.31727,0.2809943,0.5083073,3.1034834,0.6312178,0.605694,0.5483908,0.95021755,0.106778026,0.66380876,0.23906262,1.2719922,1.718529,2.144877,4.041495,3.5483232,0.8170377,1.3706839,2.5318425,0.31877658,1.2148277,1.4077878,0.55664134,0.040183324,1.3223349,0.9615483,1.742812,1.236084,0.26258764,2.3350437,0.34572595,3.1470356,1.1829122,1.071174,3.1727285,1.7704821,1.0616817,1.302371,0.21786045,1.1228921,0.92947227,0.93460065,0.029764714,1.5845895,1.4037851,0.25129783,0.5250701,1.1587435,0.8425708,0.07677363,0.8735144,0.58793235,1.4063044,0.11531506,1.71168,0.0042319424,0.7161003,0.76139885,1.2071373,0.49064425,1.5873004,1.4656909,1.180597,1.043424,1.3193579,0.47864878,3.1699853,2.807354,1.79649,0.13832988,1.4394711,0.53271943,0.4113342,3.3159559,0.74659634,0.30789167,3.2625608,0.51667315,1.6055773,3.0544946,0.4783728,1.0118845,0.94872326,0.38065875,0.64194727,0.5036662,1.1726199,0.7512449,2.5095985,0.28940094,1.9133817,0.9765551,2.2401557,1.897314,0.52336717,0.29860637
hidden_0_n78,0.5518424,0.5037117,0.13541503,0.72958434,1.7530675,1.3456341,0.25356457,1.4884279,0.8063442,0.90631074,0.6217935,0.26472843,1.1414342,0.5865487,0.45234716,0.23459296,0.071188964,1.0493859,1.0421113,1.025488,0.363361,0.26272303,0.07883649,0.012816273,1.2092242,0.51867086,0.38950518,0.043350566,0.5624189,0.59475195,1.1184274,0.3470622,0.8030212,1.3822081,1.2449954,0.3551675,0.20742534,0.6494781,1.8879868,0.5452036,0.34588075,0.27679995,0.6665391,2.0190167,0.40397343,0.31090096,0.3926519,0.5203442,0.96468085,1.0383219,0.61981094,0.36232847,0.37732333,0.37316787,0.07585471,1.3271321,0.8883489,0.79620486,0.51470363,1.3631217,1.8526751,2.3337355,1.2576506,0.09258612,1.6193061,0.097320005,0.24305758,0.8071422,0.8959239,1.6980088,1.8701879,0.27478033,0.78839415,0.35848036,0.26609436,0.1396787,0.1319743,0.5023908,0.0,0.511512,1.4273984,0.40463406,0.66465497,0.9714867,1.0892113,1.5292368,0.15225196,0.12487545,0.8691134,0.28560928,0.74783105,0.20333466,0.6030293,0.48496583,0.5981118,1.4032232,0.5034003,1.884947,1.5418674,0.21571217,0.063604414,1.7376176,0.8852029,1.4940658,3.3293393,0.7212928,0.11966586,0.6431761,0.03222916,0.17663623,0.48380506,1.3076912,1.1086344,0.6855094,0.32714134,0.0650073,0.60080534,0.4247381,0.71036875,0.43526813,1.0786422,1.9061902,0.5633856,0.17115739,0.10904566,0.82146084,0.27109176,1.687307,1.0356386,1.1816819,2.1087334,0.5164072,0.94875526,0.29056183,0.53331304,0.42299294,0.30353278,0.8025535,0.40571365,1.3768141,0.1824585,0.80683225,0.49650234,0.938136,0.5675644,0.7897229,0.30838293,0.23583677,1.4199187,0.34491432,0.47261378,0.10854868,0.71677923,0.9076472,0.15422396,0.49237505,0.2278696,0.2532402,2.0684485,3.8023357,0.39070877,0.74610496,0.5375672,1.8962002,0.81935877,0.36980766,1.8108208,0.22314799,0.04918462,1.0429755,0.23849595,0.23567033,2.6316683,1.2343764,1.5453062,0.74699277,1.8246169,0.8255683,1.3462641,0.9892279,1.6173235,0.19964167,1.6009225,1.4397317,1.029154,1.0390823,0.25177434,1.5819678,0.46943998,0.4455105,0.20959978,1.4232843
hidden_0_n79,0.5624761,0.36130822,1.4295914,1.3527764,1.2305952,0.39739463,0.28866392,0.17801051,0.4846019,0.9027293,1.5514839,0.4453731,2.1140425,1.6599951,0.39692283,0.03350951,1.8284781,1.4637524,0.23465212,0.6692354,1.983025,1.8856307,0.5440535,0.12412018,1.1788714,1.4508792,0.45147803,0.9225243,0.41322383,1.3866906,0.64676917,0.58898455,0.80866677,0.9021693,0.04417993,2.2048762,0.16502854,0.08600176,1.7463518,0.30281934,0.42026782,0.61735505,0.3123375,1.5396523,1.5591594,0.7800382,0.34927112,0.37608752,0.68346184,0.842108,0.7512622,0.5074669,0.96274114,2.496115,0.22422993,1.389109,1.1869745,2.1399715,1.90969,0.62691176,0.18932068,2.8368425,0.26550123,0.17476667,1.3374664,1.578407,0.29606742,1.0823193,1.8349625,0.88823086,2.5085483,0.31933597,0.45377433,1.4441226,1.6264763,1.7005938,0.26448983,0.6982382,1.8302004,0.0,1.1177022,1.1753508,0.86857784,0.47080433,0.24421364,0.85335875,0.87822396,1.3694794,0.9456668,0.20660943,0.14499006,1.9610988,1.1628141,0.15688768,1.1253967,1.8273524,1.6100171,2.3011885,2.318179,0.45363522,0.93100095,3.132683,1.477431,0.39459097,0.8244824,1.421733,0.4044019,0.94169724,1.9066784,0.6179208,0.78811723,1.3185637,0.367957,1.3423402,1.1438133,0.9663849,1.4878266,0.3448583,0.9134917,0.48429435,1.2343125,2.3201554,0.24878712,0.5571804,0.079108685,0.55169994,1.6710343,2.881464,2.5618007,1.116287,1.1062204,2.0951,1.5174873,0.26170376,0.36723045,0.87327796,0.61295795,0.2944595,0.8691115,2.7599034,1.2698946,1.0929708,0.12149128,0.8617777,3.4991953,2.3143618,3.136839,2.5083582,1.9614723,1.9612484,0.9941101,0.3567637,0.32651612,0.9842925,0.5079755,0.88243335,5.3975654,1.7529756,2.3737302,1.5918741,2.1230197,0.99833673,1.1465254,0.202883,0.80240506,0.5906198,1.8182734,3.747601,1.9816024,1.2529346,0.994106,2.019726,0.40473095,2.0499766,0.9925067,0.52660173,1.6738745,0.7449901,2.0291665,0.648808,1.327481,4.5779324,1.28112,2.938073,0.42633188,0.32133472,1.1153882,1.0297414,1.4355097,1.0016128,1.6918494,3.0258865
hidden_0_n80,1.0363106,2.2104697,0.11616713,1.1333679,0.81862295,1.3276169,0.80336577,1.4747943,1.0323079,0.4914939,0.15707795,0.8520707,1.2028735,3.0103521,0.5616265,0.39468163,0.42317906,0.2424264,0.80350727,3.8844504,0.5407092,0.3246362,0.1771755,0.7716812,0.2244512,0.16301255,1.0383649,0.048928153,0.17666128,0.56335473,6.2502003,2.338452,3.5210783,4.190623,0.9406063,1.7278978,0.41841927,0.058451205,1.7607266,1.1265547,0.2573878,0.2980653,0.8364511,2.0021079,2.0550094,1.5724174,1.3280869,1.4623721,0.39897528,1.6425753,1.3418103,1.1244158,0.69788784,0.9578916,1.4932145,2.4527278,0.29333025,0.481715,0.54270744,1.432339,0.8466626,1.131128,1.4714696,1.3875294,1.4383677,1.5537354,1.2867992,0.1458086,4.3100433,2.0798893,2.7631266,0.3512673,2.1337614,0.71106696,1.1452419,0.49162188,2.6971362,1.8906981,2.1840577,0.7710838,0.0,1.9672253,0.9535273,3.0085685,0.9923895,0.2423588,2.5728467,0.8956394,1.7383405,3.3766983,0.4674561,0.35877055,0.83450663,0.31394732,0.19443901,1.1901081,1.9671551,1.4817996,1.8283097,1.438791,1.1693602,0.9159543,0.36668733,1.7213265,2.1865032,0.31626973,1.3898051,1.8766302,1.583563,1.8246802,1.137048,0.8730533,0.20739968,3.8233256,0.66311806,0.5430721,3.5332692,0.6768407,0.79234433,0.6614339,1.5279411,1.0193343,1.6074479,0.7179058,0.16656083,1.4631233,0.88290125,0.08382025,1.2396982,0.05310505,0.726727,0.42672062,0.7542673,0.4468132,0.39846453,0.97002083,2.247083,1.9312725,0.8283848,0.486381,1.865404,1.013477,0.16318314,2.4301214,2.3746562,0.37666553,1.6424023,0.7014063,1.0414548,0.16038112,1.7396001,1.1376183,1.7917644,0.015479263,0.43267816,0.5647878,2.578229,1.1043366,0.4607827,0.94482297,1.2552813,1.1817014,4.020886,0.4949375,1.7293261,0.43491226,0.8036763,0.35771677,0.25534403,0.3921081,1.1548902,0.80634356,0.8537541,0.8143103,1.5861084,1.2903728,0.116060995,0.16969861,0.45330575,0.5620549,2.312229,2.1225762,0.28475994,0.60053104,1.4048033,0.39566866,1.5817566,0.09129617,1.1234465,0.9784458,0.39984283,1.4423369
hidden_0_n81,0.2639397,0.6395783,0.23481028,0.8037579,0.35928747,0.67824215,1.0709081,0.25755087,1.8249528,0.74779975,1.7476592,0.24913296,0.3223999,0.4341227,0.47720504,0.612415,0.920459,1.0414076,2.977695,0.7333615,1.3554573,0.6211199,1.2091318,1.3768542,0.22315222,2.9525278,1.3415998,0.5628102,0.89758605,0.60531527,0.31734097,0.32704842,1.1757644,0.5332572,0.5267199,2.059716,0.13155983,1.6120678,0.69022906,0.7611339,0.43932685,0.5180731,0.73553175,1.8603702,1.2239494,0.8347963,0.6910504,0.7320932,2.9437578,0.9378884,0.7029294,1.3218805,0.4032452,2.2455502,0.90207106,0.07394559,1.219877,0.46713462,1.3168823,1.2959893,0.20060639,1.2553248,2.6062398,0.8525628,0.5878299,0.7175572,2.6143298,1.4413198,2.8360355,1.3538343,0.18281595,3.3184257,2.268203,1.5887113,1.0624666,0.33347017,0.86801505,2.5094326,0.28593478,2.2525556,0.7392102,0.0,1.690265,0.7671722,0.6799035,1.4272276,0.74629056,1.1797702,0.79608345,1.2388548,1.1182584,0.18279521,3.1733887,0.32257482,0.87868464,2.2799017,1.2290381,0.67915624,0.80779046,2.354078,0.31645876,1.2918307,0.26106754,1.1979201,3.5929239,0.94033927,0.26732844,0.26843515,0.98496056,1.0318921,1.9577078,2.2434003,1.3715794,0.2234473,1.0574702,0.27360836,0.76346636,2.7022977,2.2537377,0.49729997,0.927939,0.34651753,0.9816758,1.0282857,0.4267202,0.025903799,0.9083482,1.6805687,0.58413273,0.722805,1.231813,3.2345645,1.2056628,0.2191394,3.5925493,0.09388795,0.4020365,3.1011074,0.1810813,3.8792222,0.97175884,0.32321915,0.7359474,0.2992671,1.7465007,0.44846126,1.373164,0.85490364,2.230846,0.8725949,1.7969351,0.7521471,1.1086115,3.1547835,0.59303766,0.40039024,1.7986429,0.12706017,0.34284335,1.0481315,3.1600327,0.60982096,4.6065936,1.8692759,0.67706954,0.32196185,0.14103502,1.8680054,1.3861693,0.31223822,0.54206556,0.48443922,1.7998118,0.8268074,2.1167717,0.2817355,0.58156335,0.6880742,0.66770315,0.2039711,1.085118,1.3011816,2.5871587,0.9412774,0.50321805,2.125943,0.8601552,0.7142378,0.38879168,2.3860981,0.21196392,0.5560668
hidden_0_n82,0.18078844,0.44697952,0.3550332,0.18504286,0.5757249,0.036600236,0.4134252,0.79437304,2.1391568,0.5159938,0.1289901,0.25748459,0.46730384,0.6786929,0.7689854,0.06350629,0.9348049,0.29670644,0.58340883,0.08271935,1.0687001,0.7727781,0.15004067,1.2084943,0.28655806,0.8102207,0.8849694,0.69403476,0.18063614,0.18045478,0.33930194,0.0073229084,0.2887052,0.104401395,0.09818226,0.61341095,0.0430006,1.1873542,0.48495007,0.032688446,1.6642418,1.3954865,0.0745101,2.9954824,1.2159529,1.0178514,1.8782953,0.17034958,0.23821335,0.49124226,0.31429702,0.9136496,0.6119242,0.082319506,0.24426608,0.7141652,0.24789813,0.35323808,1.0889053,2.082512,1.3403724,0.25989798,1.0565952,0.04342696,0.47333565,0.27128074,0.52406657,0.43181494,1.2037481,0.79204494,0.34319687,2.4328775,2.1844149,0.46654564,0.9666963,0.68600726,0.6137965,1.4665639,0.7044031,0.3691388,0.5326932,0.24043868,0.0,0.15822679,0.07910391,0.23145905,0.58989656,0.606658,0.23314676,0.6357602,0.9076969,0.4026639,3.0342863,0.44254443,0.23932168,0.13483733,0.9017189,0.050325576,1.0426757,0.8932086,0.91051626,0.18470109,0.6807111,0.05641977,2.7042787,0.30076158,0.15426216,0.52533,0.2064125,0.20904422,1.4297961,0.27330744,0.677168,0.73300004,0.24596062,0.22283714,0.5631579,2.2434893,2.845829,0.2754143,0.1335131,0.8304416,0.4464445,0.27946362,0.8301118,0.11372972,0.92714924,0.571304,1.4874514,0.04318647,0.39793354,0.70212364,0.2974296,1.7455425,2.1369102,0.72212297,0.9795162,1.673704,1.7688141,0.4870565,0.9232214,0.5220847,2.0365574,0.2415096,0.15393709,0.13358282,2.1252854,1.6083001,1.1480329,0.11269834,0.28189147,0.572208,0.9308387,0.120299146,0.5029103,0.34910554,0.58799195,0.1657348,0.05868812,0.73619545,0.9219262,0.5768566,1.434101,2.164858,0.08379571,0.18229754,0.37778783,1.4823695,0.1432533,0.8443935,0.2532451,0.15360822,0.86405647,1.1275204,1.7618808,0.1064144,0.5583385,0.16597396,0.5622531,0.87562305,1.1194576,1.5273658,0.43709648,0.54007405,0.26186058,1.6843983,0.36989123,0.046602752,0.5069073,0.98410594,0.03640387,0.53403324
hidden_0_n83,0.775951,1.3881418,0.371967,0.76425356,0.8777012,2.1784832,0.39822093,0.43535158,0.73922306,0.39064184,1.0830796,0.28199425,0.79934394,0.7256934,0.29883608,4.227429,0.40293103,0.32413346,1.972884,1.0943441,0.79871154,0.7762742,0.600341,0.30920008,0.08505557,0.58800036,1.5840266,2.455387,1.0156873,1.0069005,1.1663657,1.2380242,0.25425425,0.33748788,2.5294747,0.83228844,2.529669,2.157248,0.63336927,2.2735045,2.5716326,0.2647245,0.21510682,0.07256713,1.2967627,0.5395006,0.2324255,1.3016568,0.2350025,0.34463242,0.6427918,2.2377362,1.4462062,1.0143033,2.0937455,0.5327175,0.16447198,1.6809063,0.5560363,0.94190335,0.78429466,0.6478197,0.12199979,2.9592144,0.21297996,0.53738743,0.568306,0.953039,0.96358156,0.72257227,0.5886064,3.7532623,2.4751406,0.8944791,0.89413476,0.17230403,1.8396313,2.3389163,0.46550164,0.54134667,2.105424,0.80127114,0.6573724,0.0,1.1443261,0.39018226,0.87512153,2.0169907,1.0710769,1.9545707,4.21099,0.2507906,3.3131196,1.1830312,0.23646028,0.017336266,1.4175844,0.8448964,0.062592745,1.4711881,0.33680186,0.95184916,0.9309194,0.62515986,0.43207064,0.94242495,1.3647543,1.945146,2.5282328,1.8503598,1.9333297,2.3502126,0.56532216,0.6940572,2.4821994,0.4519216,1.8471313,2.0614798,0.31617492,0.15703456,1.0262681,1.0964962,0.6090285,3.5119295,0.077442884,2.919178,0.2891417,2.4761636,2.527559,1.1725247,3.8490176,1.2960169,0.6156523,0.77013236,0.24077074,0.7646163,2.8143594,0.758868,0.12076957,0.5191622,1.2524353,0.3299953,0.60492057,1.7392024,0.65909255,0.020802721,0.5811645,2.0981972,1.4313083,0.17746794,0.37095666,1.1239467,0.28009024,0.9195877,2.1375296,0.4184623,1.8501657,0.927446,1.5845398,0.31328925,0.4897312,0.88540614,2.072659,0.59198445,2.2749205,0.2670524,1.3989457,1.7823206,0.76060265,2.1813493,0.9943228,0.5664709,4.7557364,0.015688179,1.011965,3.1754222,1.881791,0.5587025,2.5005245,1.5622815,1.3476735,1.3450123,1.0884047,0.08553504,2.690974,0.96411407,1.2125493,0.7831176,1.2181448,0.41311994,0.18938354,1.2316239
hidden_0_n84,0.7737535,0.42872593,0.1856478,0.4975572,0.31699988,0.52932024,0.8857723,0.4103109,1.212444,0.5479707,1.1152972,0.56443435,0.32526278,1.347654,1.461482,0.14652236,0.9278867,3.003892,1.2092617,0.30173454,0.16690326,0.7412223,1.35027,1.2087405,0.83313984,0.87291193,0.18458535,1.122278,0.060622394,0.4549989,0.57449955,1.3494714,0.22859985,1.3978984,0.3327603,0.45260334,0.50697947,0.8843688,0.31735158,0.22440442,0.8123359,0.77907854,0.5966686,0.76698655,2.3550828,0.9224883,0.7958159,0.027669737,1.0528389,1.303948,0.41777754,1.1843426,0.06533784,1.1780772,0.098902635,0.93221486,1.2102704,1.3662533,1.4077572,0.16476706,0.26434124,0.817493,1.1927614,1.0486324,0.80217135,0.3464527,0.90604174,0.43322173,1.0675467,1.6322477,0.21634151,0.8919794,0.28654256,1.1763632,0.4432793,0.19588701,0.81444854,1.4584848,0.19298127,0.34260425,1.0420493,0.55091655,0.012452637,0.4545019,0.0,0.37260866,0.1520425,1.2545046,0.0010786415,0.6779272,0.6169059,0.24159566,1.9549924,0.6272872,0.4538038,0.8669725,0.6220633,1.4399611,0.668889,0.71822935,1.7717047,2.046323,0.31927446,1.5656328,0.7509431,0.61313224,1.0905763,0.33951294,0.32745248,0.19678174,1.6113471,1.0372393,1.6194952,0.548283,0.30791798,0.4251981,0.965706,2.7070205,0.06378873,0.5502889,0.29090744,0.94077235,1.1743052,0.077681035,0.36890113,0.0320543,1.0469805,0.22447143,1.4859647,0.20331763,0.4832035,0.3176664,1.5910733,0.9166201,1.3128186,1.3948381,1.9201293,0.6381954,0.185352,0.97154814,0.45023566,0.21636012,0.44412583,0.72521454,0.28972244,0.32473034,0.44573522,0.5219986,1.7242662,1.1810516,0.18932754,0.81313354,0.5852582,0.7643537,0.335908,1.681747,0.56775445,0.7100927,0.3176773,0.06720013,1.5714194,0.17727189,0.40510693,0.12216876,0.33651334,0.25752524,3.0306232,1.0889496,0.9617648,1.0964342,0.95982397,0.5736159,0.48714632,2.1537402,0.5979942,0.014391136,1.4765124,0.9373188,1.0777167,1.3307718,0.64036,0.81312054,2.659236,1.3797696,0.90271753,0.13255505,0.5119096,0.08554621,0.6260783,1.0971465,1.337898,0.16325337
hidden_0_n85,0.19764611,0.5834227,0.88242936,0.8546086,1.6669563,1.0976328,0.6019624,0.21823159,0.8213453,0.20878604,1.6579376,1.0348046,0.23330118,0.9738831,1.7334077,2.3360262,0.52327406,1.7885166,0.5046696,0.59390247,0.081041634,0.29403082,0.9097921,0.5253037,0.25158244,0.7012619,0.37359032,1.1939169,0.49957415,0.609717,0.6491335,1.6279795,0.25565863,0.5475861,0.57833207,0.3106744,0.9817408,0.26562434,0.6373256,2.0851724,2.0978675,0.67811733,0.70317435,0.28976417,1.8243598,1.3141387,0.40511194,0.37937713,0.26847577,1.4599448,0.22956887,0.5169769,1.2821856,0.75785565,0.3720999,1.8245078,2.443382,2.14655,0.95936525,0.48473597,0.989965,0.88463515,0.45406273,1.0360179,0.9222936,1.9385959,0.669922,0.076542385,0.7004054,1.2996166,0.97822624,0.6246592,1.1282985,1.5656962,2.343408,1.3541763,0.86922866,0.8102466,1.447622,0.70349985,0.35615492,0.17610182,0.2754833,0.05370234,0.5018498,0.0,0.42957166,0.17943256,0.51869,0.7420293,1.9331428,0.86105853,0.39836732,0.44088477,0.10942829,0.07111586,1.6118981,0.9853408,0.08339548,0.41765875,1.4013511,1.3281493,0.60157603,0.3692792,0.3740464,0.31419373,1.3094072,2.5429542,0.4671384,1.151091,0.44990894,0.6301992,2.122564,0.10411085,1.2322335,0.95925134,2.3005683,0.9675089,0.31868178,1.7667958,1.1474291,1.3428495,0.63033175,0.8096177,0.74677026,1.3474356,0.820392,1.1482745,0.79214746,0.9106156,0.36038837,0.5497132,1.6187693,0.44900745,1.2521077,0.3453975,1.1647561,0.36779657,0.6247057,0.1679628,0.21167198,0.18207043,1.3926167,1.650976,0.6124127,0.23368238,0.30200422,1.6261137,1.1405287,0.4623232,1.0967569,0.23889352,0.48348972,0.80081487,0.70049095,0.21900424,0.32509854,0.4634748,1.9167075,0.018107671,0.56739116,0.7302946,0.5738202,0.31207216,0.5826988,0.29504672,1.1257746,1.1309872,0.7840442,0.6670025,1.0128063,0.42192414,0.8361175,0.20260635,0.38802657,1.0446624,0.60656965,0.5267184,0.3675917,1.2975799,0.13458516,0.39282718,0.960217,0.41233408,0.52037376,0.7661371,0.58867866,0.51072127,0.602657,0.8671516,0.5677974,0.63216496
hidden_0_n86,1.36774,1.173327,0.2953076,0.9780028,1.4445416,0.8803863,0.9482377,1.1094974,0.08951101,0.5595701,0.25597453,0.09750164,0.42204326,1.3455759,0.86339223,1.5603586,0.7193747,0.38340878,1.521284,1.9356109,1.1241963,1.143574,1.0116084,0.73046106,0.46554425,0.29357734,1.8957875,1.3611614,0.8188659,0.9530355,1.8702246,0.714651,0.65778714,0.94821477,0.4295458,2.438846,0.7162193,1.0980564,0.7958677,1.663004,1.530309,0.22537977,0.7460949,0.270975,1.0138757,1.2114959,0.4349279,1.9337093,0.9558807,0.9192463,1.3104514,1.8331496,3.3538814,1.5857831,2.1522,1.3252399,0.5463156,1.4003376,0.98002726,1.0641273,0.43386745,0.32456648,0.8006107,3.103205,0.48208877,0.63479114,0.6644831,0.6336501,0.9325395,1.8109902,0.65884787,1.6596411,1.0282618,0.7278751,0.70481205,1.9554739,0.30851692,0.9469545,0.2728436,0.36839902,1.7890956,0.64363426,2.2817783,1.6286091,0.4870534,1.0049666,0.0,1.0843579,1.3089039,1.3529187,1.8907845,1.0129477,1.1408483,0.27696207,0.5159894,0.74226564,1.4432515,0.29125193,0.9800762,1.2309258,0.158829,2.6395495,0.924204,1.5941453,0.6463404,1.94686,1.302281,1.6997296,1.5899924,2.0917509,1.6530439,0.81858987,0.03297341,0.53836155,2.4299233,0.45969656,0.40891692,2.304695,0.3470588,1.1098497,0.5846287,0.83164346,1.9518157,2.2718623,0.7441887,1.7663838,0.31628215,1.2036402,1.7016531,0.52352107,1.8694943,1.6606505,0.9914408,0.44624698,1.2539425,1.3401572,3.8417034,1.3583057,0.15963681,0.8387299,1.0245727,0.2606403,0.7849182,0.9888195,0.44864336,0.7872268,0.3304518,2.65944,0.6788515,1.2455319,0.3158448,1.1371503,0.40499035,0.7169467,1.1511675,1.0730332,1.5922143,2.6111188,0.31196943,0.4320636,0.028386561,0.4596301,2.2129266,0.7693382,1.4962602,0.91374564,0.77608496,2.075727,0.7027875,2.1464543,1.5267416,1.6825943,3.190385,0.40032,2.2199492,1.4116602,0.86331636,1.5713952,1.662832,1.2671956,2.0511358,2.7093623,0.06915728,0.26063666,2.4391184,0.3545601,1.8607836,0.460039,1.4070336,2.9166286,1.5027003,1.124949
hidden_0_n87,1.7162541,0.21808824,1.2281034,1.1430006,0.3097516,0.8526154,0.30591756,0.7149731,0.024756627,1.1435852,0.7486224,0.07062793,0.91382396,1.0341438,0.74819595,0.7049033,0.39059207,2.1205063,1.5211861,1.8549109,1.0214736,0.20442148,0.7867801,3.0772974,1.1221666,0.6005313,0.5403924,1.1580704,0.6636276,0.38695964,1.890555,0.3155409,2.4770296,0.96321666,0.024796108,0.4933108,0.07131468,0.6593245,0.32128084,0.8680751,1.0123996,0.6715939,0.23284383,1.2533784,2.06336,0.85981196,0.75426936,0.8953144,1.0452235,1.1786736,1.1803488,3.6779742,0.6738424,0.6588067,1.2792814,2.003212,0.29762664,0.41979444,0.028910404,0.31468633,0.22929236,0.44678447,1.1672794,1.843142,0.26080662,0.6087556,0.43220595,0.44634303,1.292111,0.67103165,0.07097334,0.4212983,0.35483566,1.1047586,0.6914781,0.057777315,0.53022534,2.59024,0.11883733,0.7518028,0.2798028,0.048800595,0.9928695,0.65363,0.80274236,0.25502414,0.45972025,0.0,0.76101005,2.908484,0.3516147,0.30449516,2.215891,1.0466074,1.1928725,0.055530965,1.1471527,0.5922849,0.93888843,1.9019828,0.05144649,1.0513278,1.0196567,0.57562095,1.6011946,0.6360629,1.3268721,0.73108125,0.4160901,1.553644,2.331532,0.78483635,0.88284487,1.336175,0.25776795,0.95853895,1.3767115,2.1777167,2.5653126,0.47150937,0.29447436,0.09085747,2.781545,1.0409404,0.93249977,0.38912058,0.44974095,0.20807678,0.52409714,0.09206656,0.73621225,1.743772,0.8427283,0.16944481,2.414181,1.4176966,3.0091095,3.1907642,0.7261745,0.8329797,0.26357707,1.2356731,0.1291832,1.0476209,1.3241795,0.3136046,1.9358449,0.72343487,0.0144596975,1.6134166,0.9754265,1.7029848,0.8597156,1.0901068,0.9347272,0.52571493,3.3962271,0.4330791,0.40135786,0.9957315,2.1635158,1.1223736,0.9013879,0.43659288,1.4355028,0.37142837,0.60812896,0.77596384,0.79843056,0.56644106,0.5819981,2.9580686,1.2067686,1.7265763,1.2933105,0.51865,0.37791178,0.33018374,0.3008639,0.7969448,0.5397746,1.560608,0.4769761,2.5491967,1.1311123,1.4037133,0.50637275,0.056966417,1.2406405,1.1796298,0.16033906,1.3298069
hidden_0_n88,0.20020384,4.8135357,0.33610794,0.54406005,3.6832368,1.3364516,0.8557514,1.1661353,1.7290417,0.4497083,0.72983104,0.8967737,0.5235267,1.4731274,1.0643072,3.3127549,2.5044103,0.7390465,0.7345174,0.36609283,2.7007017,1.5212313,0.5773837,0.49620396,1.1684525,4.0610304,1.589121,0.4759808,5.091968,0.080169745,0.95935684,0.4274359,1.974557,2.4838698,4.506144,1.151646,1.9384668,0.63631487,0.97665393,1.846049,3.58056,1.0747317,1.8618618,2.7859077,0.29009077,3.748797,1.8304943,0.56660604,1.5776421,0.052944984,2.671035,0.6632316,5.015687,0.09449281,0.5762379,3.1051621,1.043371,2.1144307,1.3521292,4.0915217,1.5676209,0.3937259,1.9939498,0.84250784,3.7847803,1.1804973,2.3367064,1.7413214,0.21066876,3.019726,0.1203671,1.1841031,0.8403717,1.2030953,1.2677467,0.50913846,1.7808353,0.1891896,0.5348459,1.1129929,0.39849633,0.28345206,0.92466784,1.5186131,4.6988893,2.4311776,1.0759937,0.29194188,0.0,0.8374684,0.27751976,1.1198497,3.4733775,0.029454833,3.3025708,1.353899,2.5811527,2.196817,1.4593228,1.8243876,1.4548596,0.67076564,0.045327656,2.68293,1.7785232,1.1850249,0.527076,4.0473,0.6643771,0.534957,1.3333478,1.806871,1.6420385,1.003077,1.5576602,0.4795129,0.3371593,0.66884786,3.5340176,3.2017336,2.092465,0.45963585,0.25193456,0.9446309,3.2819614,3.1923964,4.1381536,2.3476493,0.7815019,3.8755388,0.580552,0.28307626,1.9197749,0.1698512,2.7891593,1.6723962,0.9640098,1.9410901,3.1060903,0.94924384,1.0687032,0.028774638,2.5583508,1.2220093,0.64199674,1.8711202,6.1595063,0.04413624,1.7500429,1.5042363,0.07100645,0.7377381,0.6079202,2.9108603,1.5005882,1.0748086,0.31828958,0.6025291,2.2982962,0.5916768,1.0291827,0.55883485,0.8951697,3.2849112,2.9047244,0.2498041,1.1486362,0.8863816,0.6910477,1.3752381,0.28397888,0.95878315,1.1634768,0.90832,0.0067617414,3.2767427,0.95334667,1.2660013,1.7199287,0.28605163,1.2329777,0.009381654,1.5719727,0.93390214,1.8689308,0.2218124,2.1316657,4.4269476,0.64269865,2.5915453,3.2430131,0.44756067
hidden_0_n89,0.17513765,0.97029823,1.0116249,0.59449875,1.3882504,1.4522332,0.99418926,0.946981,0.89611006,0.27636817,0.7962307,0.42641628,0.71978235,1.0109483,0.6068376,3.3857152,1.3127235,0.38635105,0.12821628,1.1762065,0.18866569,0.26088193,0.6263783,0.26620728,0.11094853,0.5656916,0.40035588,0.6785557,0.5649051,0.3701064,0.5269559,0.3815907,0.6699219,0.12047122,1.4348041,0.9742588,1.1913742,3.3780208,0.8607757,1.3565025,0.27301636,0.23338284,1.2746279,0.531398,1.4871932,0.8018072,0.19799498,1.7750803,0.1441627,0.016386405,0.6185871,0.45967716,0.14753409,2.2215736,1.0312232,0.063204214,0.46179426,1.1245643,1.103401,0.75419873,0.80125153,0.30601078,0.42646018,0.3905619,0.6240574,0.41662902,0.85187507,0.20859148,0.39073783,0.3887958,0.06277196,1.2981889,0.4030512,0.5815612,0.29487523,0.946363,0.14678085,0.6971187,0.18921818,0.91270775,0.15477183,1.3186336,0.19874646,2.0826764,0.46684802,0.3073562,2.0070803,0.6629919,0.70402956,0.0,0.77250165,0.5464318,0.13901599,0.20384754,0.43278393,0.38166738,1.246541,1.0256522,0.72223914,2.7604134,0.39967313,0.7297843,0.7192373,0.7910442,0.15111615,0.65102506,0.39010936,1.3502911,1.7094808,1.0103183,0.84207475,0.114915416,0.3655685,0.7137111,0.8402142,0.22658794,0.26287645,0.97289014,0.5478862,1.1153651,0.21271044,0.11017914,0.61261356,2.938435,0.36421657,1.9516081,0.9652243,1.6458874,3.1049924,0.6522093,1.7014968,1.098501,0.57056445,1.6031867,0.39264494,0.17313537,0.45347643,0.1014522,0.25009677,0.46826878,1.4570051,0.089124195,0.18221337,1.6334348,0.47477323,0.30570683,1.2870646,0.94191736,0.5633159,0.33714095,0.67039806,0.46696442,0.009902963,0.6420646,1.349759,0.02398797,0.54943645,0.52671075,0.78655624,0.064055584,0.2510867,0.49944237,0.27073509,0.12358371,0.9290652,0.5647575,0.475922,1.045972,0.30474514,0.3315545,0.5462014,0.483018,2.8072693,0.4604415,0.1168112,3.3149908,1.0848649,0.20186885,1.4475228,0.4659779,1.6591302,1.0902069,0.4474353,0.795147,0.97936743,2.3490202,0.3080667,0.72646964,1.3139732,0.17566596,0.18465975,0.21490087
hidden_0_n90,0.8133492,4.4059377,0.42120162,0.4278894,2.0324287,2.0065165,0.376607,3.19793,0.7348327,0.44961166,0.91000134,1.9663233,0.98969007,2.0654402,1.1515692,3.152143,0.73488444,0.16595976,1.1978064,0.76545185,1.6788342,0.2638959,2.0029812,0.891026,0.5578195,1.413104,0.9669066,1.8134464,0.8490533,0.4281434,1.1200377,0.13443798,0.9232093,0.6792766,3.2013314,2.0069199,1.7159274,1.7781831,1.645659,2.0819693,1.9641619,0.14736296,0.66174984,1.8121817,2.1043732,2.4624403,1.9125032,0.8053355,0.2886581,0.3330365,0.80980664,0.41762623,1.2706952,1.5481484,1.6472532,1.4631475,1.2860837,2.093109,0.78375334,2.9610403,1.3564075,1.8534561,1.2300138,2.527647,3.4712207,1.0947217,3.4989588,0.42551708,0.23641601,1.8294905,0.099686556,1.5470403,1.9179492,1.304311,0.8848578,0.4340107,3.3789446,0.072166815,0.603634,1.1258687,2.33171,0.97944957,0.09966642,0.06240602,1.8316191,1.5082635,0.9356553,0.48800415,0.9955695,0.72673017,0.0,2.2277637,0.69019175,0.0667554,0.28758794,1.1699241,1.8736037,2.0332553,0.88241935,3.5053794,1.107618,1.4101727,0.3339112,0.8410644,0.33827713,0.4252453,0.59355694,1.3532711,1.3554461,1.468826,2.5926116,3.168468,1.4118114,1.5541916,4.690208,0.82663864,0.19332398,1.3111243,0.18105416,1.075504,3.8616726,2.625763,2.6028671,2.470226,0.23302816,1.1116807,1.2434993,3.850308,1.8324107,2.3713965,1.6859059,1.1171194,1.4017739,0.28342447,0.33572724,1.7587333,2.5974514,0.2612141,2.412024,1.0825865,0.4514667,1.0633858,2.0837963,1.7648724,1.0258192,0.16141954,0.57388455,0.9817084,0.19415258,0.8370287,0.7080386,2.282908,0.051647298,1.4495189,0.6161028,0.7128167,0.570688,1.5636119,1.4523921,0.51804394,0.19662322,0.058949303,1.1916807,0.21459386,4.85676,0.5663599,1.1675713,2.0699182,0.4849099,4.5674577,0.89015263,0.41868937,2.2903593,0.10201226,0.79190654,2.5785773,0.49185666,0.740659,0.8578174,1.1887754,0.28955632,0.67137575,1.0220823,0.04075278,4.655331,0.6081364,2.011516,2.1447196,0.99951404,1.346248,1.2569791,0.10142524
hidden_0_n91,1.6636959,1.706854,0.59556067,4.034064,1.0459584,0.3106172,0.53996044,1.0796796,0.70027834,0.51403517,0.75543284,0.55515796,0.93581855,4.9142013,0.6864993,0.6167995,1.2433343,2.3580408,1.3019767,1.7428931,0.7573138,1.6621478,2.547225,1.9074277,1.4419156,1.5760738,0.34237415,1.0260092,1.139259,1.1244354,1.4814276,2.382275,2.5280972,2.4507208,0.164187,2.1701295,2.7184331,0.2813774,1.5510498,0.33224055,0.47362703,1.1531088,0.8937586,3.221523,1.479263,0.5574381,0.55788136,0.5622329,3.6088252,0.5580274,1.8212066,0.75600874,2.7017286,1.4289501,0.53089255,1.9242862,0.8753717,1.6698228,1.7296351,1.384501,0.8211701,3.3774285,1.2123598,0.938253,0.91781735,0.95479137,0.08837282,1.5122621,2.8023512,0.42995557,1.5520607,2.1862893,0.77180064,2.7557817,1.3880785,0.2877283,0.4917522,1.7882631,1.1241803,2.714548,0.6720054,1.5789545,1.1829727,0.6959727,1.6406007,1.0893674,2.3670545,1.1015961,0.7605211,1.7519424,0.451395,0.0,1.5165099,0.5803628,0.7473685,2.5239706,1.2151728,1.347172,3.5493364,0.6589026,1.5450609,1.1971121,0.354338,0.80161726,1.3160516,0.40155238,0.9736111,0.1895875,0.94739467,0.40993375,0.9261505,1.3930472,2.0234184,3.3389726,1.736637,0.38300768,2.2524304,1.2662529,3.1655114,1.2156636,1.000115,1.8933995,1.56706,0.34586298,1.8426039,0.6051965,3.1640677,2.0466306,0.6717632,0.8178667,1.7692435,1.5487759,2.595047,0.9386838,3.0402033,1.7475202,1.2096299,1.8847095,0.9665946,3.0618813,2.8062685,1.6831956,0.43305925,1.0892017,2.4225218,3.6126695,1.1950439,1.110584,2.0362136,4.701161,2.1637866,1.3358637,0.34970346,0.20301214,1.1237473,1.27569,3.1772978,0.3178653,2.0291884,1.0631903,5.6923532,1.6113101,0.24265076,0.19277664,0.28114152,1.3609562,3.0260777,2.910922,1.2362913,1.3509437,0.875157,0.49349862,0.62370616,3.0138566,1.0774771,0.52771086,1.8874838,2.0036407,1.801688,0.9949364,1.6969489,2.1067548,4.844542,3.5898829,1.3904299,0.680044,0.9550431,0.8505018,1.2709907,1.2230388,2.0769339,1.3169831
hidden_0_n92,0.10550245,1.9704424,1.2684288,0.23190089,2.0493042,0.84334767,1.0345745,0.4766085,0.08717141,0.20954382,3.1354046,0.8338223,0.39811245,2.7957642,1.6258734,2.502387,0.39744338,0.84986836,1.4257756,0.7348984,0.4655737,0.081077635,0.72678953,0.26898754,0.25869825,0.27845362,0.19081862,0.17289023,0.35570362,0.18342218,1.9755327,0.2507377,2.0187106,3.1309228,1.6514498,0.20378421,0.3975926,0.25511664,2.1414907,1.152395,1.7637786,0.255464,0.045247197,1.5032756,2.4322214,1.8466456,1.1845149,0.6592343,0.6018723,0.96305704,0.6813565,0.81200385,0.2932985,1.361664,0.9082893,4.1137776,0.7518364,1.0240768,0.16930941,0.5509297,0.64175355,0.46407378,0.046101395,1.2359811,2.385335,0.4520407,1.3141595,0.74989617,1.466772,1.329365,1.437876,1.0735829,1.2763281,0.13833182,0.2551422,0.5570449,2.7093036,1.0569485,1.2972502,0.011161651,0.064668864,0.4886844,0.22133239,0.18792093,0.5422222,0.64789456,0.40008608,0.37013748,0.6270251,1.9472227,0.8800925,0.053549923,0.0,0.31803986,0.75069016,1.2389557,1.8835338,0.39045456,0.9033804,1.4049596,0.8154499,0.7206975,0.6054037,0.2882776,0.06736084,0.052368294,0.21146132,3.708983,1.1822461,1.7977287,2.2187028,1.9994237,1.59761,0.97052205,0.41445994,0.24775285,0.6536065,0.315178,1.6168013,1.2722167,1.1270405,0.37612286,1.6967514,1.706812,0.64536697,1.4605591,0.89484006,1.1597874,1.9287639,1.4002256,3.8294563,0.45384347,0.65082335,0.11522152,0.40281817,0.5112994,2.7264678,0.70776194,1.25687,0.18339391,1.9019202,0.40499935,0.33220154,2.7831087,0.37833554,0.30574068,0.48183995,0.7777873,0.3332375,0.39549407,0.4886493,1.278535,0.82312506,0.4991203,1.6956068,0.95760167,0.77983445,0.78858,1.5745112,0.123758055,0.22378547,1.1885811,1.8885912,0.28065398,3.447305,0.5856895,0.9796943,1.0321592,0.39537987,1.5112488,0.5472029,0.5965625,3.048727,0.24725898,0.2609815,2.900275,0.33505666,0.3488004,0.83070654,0.4991375,1.459537,1.24131,1.2078435,0.1424468,3.0493429,2.3788424,1.4984603,1.3457134,0.5172862,0.8508398,1.146496,0.56342363
hidden_0_n93,2.4290123,2.4138496,0.40685317,0.29739025,3.4538522,0.34189016,1.5546753,1.3133974,1.1627033,0.36653775,0.15144683,0.7615044,1.559613,3.0723765,1.4325871,2.3770552,0.62118524,1.0764303,0.43185437,3.2205422,1.1243445,0.036874875,0.8024642,0.7612606,1.1047239,1.4801793,1.6779354,1.7593222,0.5278281,1.1965473,4.017499,0.9480445,0.46398214,0.9256676,0.68613774,1.9799788,1.5639223,1.4851793,0.45054734,2.4068112,4.46622,0.4964902,0.279012,0.7750133,0.31635094,3.1699917,0.56179917,2.5119214,0.8610332,0.36412832,1.0606854,0.95799416,3.9284687,1.6461598,2.3398097,2.3321376,0.8999897,2.990436,0.22064003,1.2087178,0.22368795,1.0125288,1.8212844,3.5608437,1.559898,1.1096556,2.5986984,0.44180453,0.5282,1.007087,0.23021846,0.860576,1.4341831,0.2750523,1.1037866,0.51023763,1.0872285,0.59018755,2.3192859,0.42176062,0.7852378,2.085666,1.2906196,0.6627252,0.37267143,0.2386365,1.702438,0.20011522,0.96318185,1.9574174,0.3735799,1.2806818,0.20540868,0.0,0.08068754,1.4694495,3.9135156,0.41884044,0.20836984,2.2928994,0.87495726,2.619691,0.2132461,1.0439018,1.832514,1.1969994,1.706265,3.486768,0.95286876,2.254427,3.9397259,0.5935269,0.24362727,1.3095245,1.1502972,0.2657465,1.6365387,1.7024076,1.159105,0.5191396,1.5874621,0.6736922,1.461139,1.9238095,0.50513417,2.7477376,0.26413372,0.40966746,0.8967332,0.513849,0.86624396,0.32201296,0.6314985,0.2764029,2.8206258,2.3928986,4.819604,0.29333743,1.7126898,0.52123046,2.4677017,0.19238822,1.6884223,2.3658025,0.29202127,1.2533839,1.1196018,1.1473614,1.209927,1.4098097,0.7126299,2.2057524,1.6836797,1.4725027,0.44144586,1.5875217,1.1314654,2.1261075,0.27023378,0.4765205,0.5148662,0.84549767,1.8876793,0.13186695,1.3932245,0.77276725,1.2003273,0.30561778,0.3617375,2.657688,1.0272192,1.4955683,2.4349074,1.7186596,1.6765897,1.975232,0.03412029,1.1319759,0.16337977,1.0595361,1.0075983,1.1738067,0.4738329,0.77801377,2.7100458,0.3438175,1.748898,0.35183415,1.9152031,5.179469,1.6384113,0.48863155
hidden_0_n94,0.34064242,1.0916598,0.09698306,0.82586974,1.1671094,0.65818757,0.118839286,0.22081922,0.41121542,0.30796108,1.0833809,0.77192634,0.6904102,1.6246486,0.41266578,2.0143013,1.4100538,0.14897588,1.1180627,0.31432885,0.18497606,0.20107588,1.0996131,0.1871577,0.2896239,0.17932668,1.4151665,0.7889898,0.8622285,0.59972477,0.41591346,3.0242057,0.40446877,0.5492724,0.55658674,0.18282995,0.78651154,0.26497686,0.9241428,0.5651982,3.482348,0.55932045,0.48374486,0.58819366,0.17386453,0.98690534,0.45086393,0.123289816,1.4267493,0.72424525,0.99605036,0.9486101,3.502736,0.8171174,0.28872398,1.3749533,1.6035762,1.9377369,0.8389737,1.0900147,0.4865862,1.3868008,0.5766906,1.9299235,0.4944821,0.9212532,0.46905652,0.60211486,0.8909971,1.0843896,1.1767205,0.30790985,1.1038533,1.7869024,1.0622329,0.74534833,2.3718984,0.42715457,1.4105989,0.8409036,0.1361712,0.35246676,0.10539568,0.040706787,1.9065832,1.0262858,0.39633507,1.3528409,0.21189605,0.4764579,1.7580552,0.05118876,0.80924106,0.34042296,0.0,1.3440903,1.7956426,1.17921,0.63383156,0.7293802,1.312375,2.6021295,0.32050112,0.41949388,0.81951517,0.61579156,1.7673011,0.91945875,0.4191427,0.86942255,1.9262561,2.4296744,0.49136308,1.2082869,0.9119757,0.7588277,0.67676556,0.44624346,1.8902793,1.2171437,1.5738174,2.846185,0.3059647,0.34376004,0.33124292,2.305293,1.3759199,1.9701575,0.359744,1.686513,0.95712584,0.22734557,1.6319607,1.2945577,0.24714929,1.2397172,2.8992717,0.17607725,2.3295164,1.1074027,0.4496678,0.07925742,1.8431927,1.2734026,0.26401356,0.72817326,0.6203965,0.2932475,0.38168603,0.48834452,0.5897227,2.1084757,0.34949952,0.49862346,0.85719293,0.6133174,0.15029033,0.36768448,2.4708853,0.7913996,0.52926266,0.8834763,0.73294145,0.22150613,0.9526155,0.1609838,0.6602406,1.4817405,0.81026083,1.0886463,0.71012527,0.50039667,1.4162902,0.18345454,0.31174195,1.0870869,0.6179253,0.12677903,0.48162612,1.9872862,0.25627682,1.1315215,1.7270371,0.32278866,1.6608738,0.37537113,1.5077729,0.8207896,0.17186975,0.14480884,0.68007815,0.028735291
hidden_0_n95,0.26210478,1.5392958,2.116247,1.2605002,1.2510993,1.3103266,0.63871205,1.1603768,0.7326631,0.39673898,0.25699514,0.9991046,1.2592584,2.0443966,1.3848511,0.50315946,0.24460989,0.98639524,0.5867629,0.80551195,0.30785504,0.48414892,0.34866652,0.19086555,0.4470463,2.8545032,0.91885626,1.2317444,0.5585896,0.26582858,0.33189654,1.3013067,0.2932167,0.6601854,0.37243295,1.3067188,0.2998363,1.0427349,0.2810784,1.1923002,2.3969545,0.72306806,0.52981436,0.09641666,0.80211806,1.9731369,0.15349649,0.28883454,0.6598541,1.4490986,0.14147663,0.036854435,1.6355768,1.6823509,0.709572,0.38869283,2.7745821,0.80816996,0.30022272,0.1565599,0.41903496,0.8964081,0.23588637,0.49099123,0.40306532,1.9513192,0.74368405,0.15068705,0.16864674,0.66437674,0.6446795,0.3428031,1.9047595,0.19995525,2.8048089,0.5773213,0.6883043,0.13443305,1.9169457,1.3452181,0.22634658,0.1987356,0.24072306,0.9316497,0.61780214,0.12572871,2.1270304,0.21729909,0.882001,1.1923586,0.66375434,0.9490201,0.0931703,0.7422098,0.5272308,0.0,1.8326745,0.66270286,0.18314508,0.102751784,1.1957179,0.74636036,0.4798272,0.5882465,0.43777362,0.5903722,0.506424,0.85066223,1.6171,0.34184542,0.6458047,0.60088676,0.58833104,3.6176913,0.90219635,0.6108878,2.0278277,0.29363072,0.4138275,0.74678737,0.371537,0.2109256,0.82632995,1.2046537,0.9277744,0.8058023,0.82252693,1.8486601,1.5360304,0.6677658,0.20471554,2.1195998,1.1968485,1.6108615,0.26409772,0.3123905,0.43414655,0.2623639,1.6076863,1.6765683,0.3015463,0.04408918,1.3227065,0.08151748,0.4996024,0.71894544,0.29487106,1.9419091,0.2027858,0.23403028,0.4698339,0.30405653,0.73701787,0.7994248,0.07051271,0.6257658,1.4072912,0.5965268,0.54670966,0.19826412,0.05172528,0.09889828,1.2293237,0.30270582,0.67156774,0.22282566,0.12974164,3.029898,3.1326463,0.5396198,0.49536058,0.45327708,0.33680463,0.13581058,0.3697539,0.766395,1.4188144,0.42537394,0.98465127,0.5742283,1.3829557,4.2533402,0.03207381,0.06026071,0.08853167,0.4930324,1.2076291,0.35017014,0.37012577,0.29142597,0.5348114,0.32062763
hidden_0_n96,0.23063089,1.8476623,0.28700873,0.06680468,1.0198036,1.2187405,0.05481579,1.5422863,1.2623975,0.7484794,0.8268469,0.32904565,0.93832356,0.9876983,2.5731194,0.56932455,0.21792118,2.1630082,0.6536694,1.2004114,0.76175857,0.8821942,0.04189744,1.0156251,0.89748645,1.0468284,1.6875538,0.7776512,0.5334576,0.75071496,1.5155925,0.9882112,3.2545884,0.9146978,0.5989837,1.4813321,1.1525009,0.75706404,0.6300539,1.1686673,0.07217393,0.57112944,0.3517189,1.8355588,2.4761443,0.5433495,1.5450454,1.2822763,1.1799285,0.10585799,2.0727146,0.19091138,1.0050185,0.35426727,0.08586781,2.5419865,0.049489655,0.094727844,2.4929745,1.0903738,0.4073071,0.53934926,0.53200793,0.21031752,1.5085803,0.97995716,0.46145847,0.6129125,2.4112902,0.48700824,0.74338067,0.29987562,0.5488731,1.1461763,0.99133575,2.0307007,0.74246705,0.77558833,2.338983,0.93424135,0.22445004,0.5748918,0.19459695,0.66536695,0.7198412,0.055729818,0.49302578,0.18226919,0.4735918,1.4875852,0.7582562,0.25168252,0.11809425,1.0595601,0.48823747,0.005280013,0.0,0.9291679,0.7754936,0.14233859,0.7159599,1.1155133,0.07103332,0.33679608,0.9730368,0.5776129,0.4723749,0.37057805,0.55254626,0.38756433,1.6252735,2.1606028,0.04696186,0.9754269,0.4071277,2.1394467,1.7616237,1.5330263,0.7076177,0.60839576,0.6756099,0.15959142,0.93816537,0.5718576,0.78901625,0.14454235,0.8188045,0.5125347,0.9639417,0.28215298,0.26015183,1.0963033,0.9901931,0.5496391,1.9449286,2.0019686,0.3205361,0.48416388,2.7841604,0.29217488,0.3720212,0.026536603,2.1105285,1.9858869,1.3296031,0.6107097,0.12769769,1.2848938,1.39243,2.1102185,1.1042539,0.57352144,0.4789124,0.93022186,0.8438173,0.82184243,1.6770604,0.8015359,0.56115603,0.2113846,2.310316,1.1321462,0.6909055,1.1710436,0.61328727,0.15366161,0.89450836,1.851121,0.17405304,0.12487877,0.61448455,1.2449403,0.5287599,1.479699,0.31158066,0.14733054,1.8090652,0.88913745,0.5124841,0.77833843,1.156657,1.134437,1.3833134,2.1721294,0.27215007,1.0381672,0.8455893,0.19525713,0.10962167,0.3606191,1.2237791,0.8822588
hidden_0_n97,0.6122262,0.7802023,0.26037833,2.7991738,0.6107003,0.9710304,0.23445486,1.3961096,1.9748896,0.49700713,0.13543016,2.315024,0.5308471,3.446472,0.9520001,0.5376793,3.3679743,0.95902115,2.034247,1.3987702,0.8694744,1.1140335,1.2353035,1.0427237,1.2338135,0.6715075,0.66099805,1.2741445,0.7569466,0.79358417,1.6431499,4.8653116,1.2595435,1.5358167,0.023264391,1.4193153,1.1434019,0.6124165,0.042566605,0.70595217,0.9330534,1.0458093,0.70956546,0.8239227,1.5508198,1.2142947,0.21372601,0.36837664,1.1061373,1.7181805,1.5484005,1.6461521,1.4193097,1.3095233,0.11658344,4.694467,0.6136316,0.72063035,0.5407085,0.2718036,0.08595736,0.035252266,1.1950338,0.3127573,1.0447245,0.5559633,1.6014472,0.3679367,2.3235106,1.0240008,1.4672123,0.48686558,1.4982779,1.032257,0.5808775,0.28745008,0.98120874,1.7893615,0.749141,0.84624636,0.99829936,2.272887,1.1880797,0.3670031,2.0683403,0.2617168,0.88915527,0.51804566,1.17719,0.7817503,1.3620566,0.40961072,2.2194672,0.14385019,0.70440406,0.20972557,0.3778574,0.0,0.8919927,0.55114824,4.2365737,1.0939825,1.3590827,0.30785283,0.12759905,0.5152444,0.9028272,0.4045111,1.1232898,0.87786657,2.884838,0.30242974,0.64386916,2.7630842,0.45326248,0.2640782,1.411607,2.8912416,0.88234913,0.35346782,0.8670945,0.109371506,3.3847103,0.18122897,1.5902855,0.5272368,6.027664,0.4407279,0.24262682,0.5771341,1.326698,0.1980402,3.021726,0.17267835,1.1516963,3.0613148,0.7617806,0.74672526,0.26074,0.34770393,0.14984144,0.30293068,0.20630096,1.6923041,1.7184235,1.863799,1.3621984,0.7014718,2.556222,1.0814401,1.0869408,0.05684799,0.043624133,0.9670591,1.0437748,1.7520367,0.46742928,0.27646318,1.0380691,1.4766464,1.9452739,1.5274429,2.421054,0.42923164,0.12738678,0.14822087,2.2390695,0.08299278,0.37957165,1.9002299,0.38896033,0.45825008,0.7707553,2.8193936,1.0300789,0.17304268,0.9865891,2.3168342,0.7927942,0.6085094,0.30087727,0.27997717,2.0077994,2.7627614,0.93331,0.486096,0.8437835,0.3811667,1.7018139,1.4109831,1.6012388,1.7014865
hidden_0_n98,0.036900256,0.71598923,0.28938872,0.78160995,1.3159162,0.5151319,0.04523841,0.55882525,1.040096,0.29060042,1.1187863,0.6102826,1.1399627,1.0901016,0.42280015,0.5084063,2.318609,1.0067643,1.0685761,0.22303496,2.1717696,0.54251206,1.1883839,4.0405264,0.1113123,0.6603443,2.0818512,1.7037756,1.2917038,0.7975043,0.17894526,0.71344477,1.7367433,0.09673097,0.13094115,1.4207184,0.27911466,0.4169382,2.2467437,0.28629145,1.669167,1.6399463,0.24701616,0.95779145,0.2588583,0.8648158,0.29490906,0.6226458,0.1618623,1.5336258,0.023390854,2.596382,0.54470724,0.2861041,1.4206643,0.6809937,0.74195284,0.13209197,1.4954664,0.86009187,0.34079775,1.3281687,0.053398415,0.75583375,0.33164,2.247708,0.7980222,0.24499965,0.59523344,0.533854,1.1098462,1.9940058,2.007432,0.6777001,1.3099504,0.6349329,1.7002665,3.3072937,0.68268985,1.2024157,0.73038423,1.5017889,0.18329063,0.7839532,0.25430143,0.5304707,0.66309047,0.18152392,0.87782633,2.7879655,2.769872,1.6758816,5.594552,0.5852229,1.4732206,0.15635568,0.26726457,0.9135369,0.0,0.40432113,1.6967198,1.7192754,1.7419648,0.12288429,0.8250157,0.58956295,0.8019362,0.84073776,0.20981589,0.14355925,0.4835801,0.6506906,0.75226676,0.5295683,2.0514536,0.50326616,1.5065237,2.3843865,0.75076956,1.2737817,0.8061694,0.82100534,1.90592,0.046667736,0.15535183,1.5716109,3.6927283,0.6731516,0.5816769,0.62093663,0.46540663,0.19303307,0.6495347,0.03550155,1.7165623,0.24796818,0.67777383,2.2395556,0.38227195,0.09252907,0.36285472,0.09440993,0.11909893,0.45587525,2.8965945,1.2696311,1.9304224,0.9336043,0.53276736,0.83534694,1.3229284,0.13443267,0.80310917,0.7143176,0.6999602,0.4573008,0.21688819,0.345768,0.47216192,1.5672867,0.9067885,0.7792406,2.8297486,0.5507511,0.9274204,0.50591826,1.1613009,0.26384908,0.091558784,0.10558029,0.5875502,1.4197011,0.24852327,0.38290486,0.7546,0.55969673,0.2260076,1.0416927,0.16225313,0.44549075,0.5035503,0.29593015,0.35258496,0.63258827,0.18735014,0.4276531,0.9449673,0.5654527,0.34064123,0.7628016,1.0714167,0.8344453
hidden_0_n99,0.044782154,0.5875119,0.54702276,0.35741547,1.4139211,0.37523228,0.48469543,1.7110237,0.23057765,0.16394989,0.41479048,0.87113,0.42937624,1.2262583,0.2627698,0.16521208,1.0300455,1.4523293,0.22975096,0.81832874,0.7143333,0.9792325,1.9593637,2.7174768,0.17979883,1.2501148,0.6044598,0.5124799,0.5545158,0.7740094,0.773721,0.23740073,1.2255707,1.7476386,0.08918334,0.5482828,0.14646251,0.96912825,1.806183,0.85485244,2.8151844,1.8207666,0.26799068,0.4295156,1.4458082,1.0022417,0.16966534,1.0749466,0.45330903,1.0449175,0.08366513,0.5233065,1.2191213,0.7861157,0.2897974,0.8849585,1.5598645,1.3693132,0.58570594,0.4579714,0.7723007,2.2048569,0.038206145,2.1472151,1.9644537,0.8658565,1.4750382,0.25679502,0.64340246,1.462751,0.39919698,0.7460749,1.0769879,0.32599494,1.6671743,0.7918907,1.2770461,1.9416625,0.5922571,0.56955045,0.9296567,0.56587356,0.8470187,0.7664528,0.36919585,0.6158989,0.23140828,1.0616504,1.0733268,4.061834,0.88644046,0.56307334,1.7073635,0.27371356,0.029429084,0.87576026,0.47979528,0.3261014,1.1023729,0.0,1.1470106,0.62252,0.18458904,0.1896245,0.02944882,0.42042363,0.6660866,3.4574392,0.4902808,0.74714047,0.1526178,0.49714956,1.8156111,0.04328354,1.2152482,0.5533213,3.502547,0.43713304,0.008285798,0.8762552,2.392416,1.9980489,2.7641804,0.2586418,0.36282787,0.9108112,2.2749174,1.8231269,0.64993215,0.4941925,0.21957122,0.6898605,0.59548867,0.18928066,0.40822864,0.32554716,0.6738678,0.874115,0.040960692,0.59257936,0.33493736,0.07436579,0.34976357,0.6481834,0.90862834,0.16640832,1.1225824,0.2683934,0.7291432,0.41161498,0.44567817,1.2915504,1.9353464,0.24652632,0.15909111,0.69826144,0.6660724,0.30124274,0.38986275,0.024575975,1.5231279,0.23188151,0.8243009,0.32415897,0.4879437,0.1568998,0.86565894,0.8074975,1.2089598,0.114848986,0.118017316,0.14757575,0.7599558,0.40580395,0.53137535,0.7911499,1.7707148,0.057073444,0.6862047,0.5047134,0.5628344,1.0894493,0.397112,1.2580111,1.0608528,0.29036328,0.9144413,0.4459605,0.48278025,0.42349935,0.19246458,0.30566144
hidden_0_n100,1.6604687,1.8653337,0.5542353,2.1439054,0.616553,1.3714737,0.73052126,0.7276842,1.2917105,0.21658279,1.385289,1.110262,0.449814,1.0887921,1.6371443,0.2966801,0.94858146,1.361675,2.6174474,1.1621593,1.3903655,1.574486,2.9225419,2.5226064,0.39369422,2.3586411,0.19909449,0.8477079,1.1520901,1.5158331,0.85828125,2.811397,3.0099638,1.5697321,1.4617292,2.3369746,1.4555916,0.4528891,1.716143,0.15834597,0.6184424,0.22383724,1.1440855,1.533788,0.70724386,1.8298231,1.7755618,0.20239751,3.5420904,0.050672732,1.8752204,1.765332,1.6790843,0.6453816,0.92832977,0.88444287,0.55375844,0.6057849,1.6114987,2.2955382,1.1591369,2.372232,1.8063391,1.2823057,1.0701516,1.6409093,1.2095975,0.9376524,2.3087487,0.58804244,1.6501389,2.3768182,0.59754825,1.9339062,3.006488,0.114531904,0.7724822,1.9158765,0.65806174,3.5857117,0.60630506,0.68705773,0.4678928,1.2654324,1.8833388,1.1316094,2.026745,2.2748356,0.22049688,1.1539874,0.7566425,0.91881895,1.711053,0.6621492,0.6463695,1.6586759,1.1075698,0.94539815,1.7089716,1.9740134,0.0,0.97674596,0.70202667,1.5580751,1.5527296,0.33966103,0.56097907,1.1669899,0.11301174,0.91049314,0.5929813,2.4467626,2.5384986,1.8846895,2.608313,0.11804149,1.806471,1.124404,2.1733797,0.36554402,1.2028255,1.5415599,0.33411163,0.490931,0.8832223,0.356679,0.59270036,2.8729682,0.34467313,1.2905232,0.7590675,0.81997406,1.1532977,1.4774987,3.2114182,0.9477216,0.9830604,3.3016987,0.7922815,2.17203,0.85920954,0.86094254,0.7683502,0.4386882,3.2866051,0.7932106,1.4453186,0.3615635,0.61237407,3.8277423,1.8686655,1.2772182,2.3431861,1.0441804,0.045260534,0.16153882,1.9868022,0.31983703,0.9323238,0.39587966,4.220098,1.4815379,1.1619418,1.0243775,1.8802837,1.0708772,0.9647096,0.9345241,1.2358304,0.78043985,1.3741696,0.53452975,0.37609062,1.4207518,0.3083143,0.31706908,0.024354698,0.137555,0.36353812,0.9055552,0.7650463,1.8459113,4.254327,1.9629097,0.89308906,0.49189305,0.45333827,1.2979602,0.23647366,1.1310053,0.8944096,0.35388795
hidden_0_n101,0.15068616,0.68573284,0.42125455,1.4041164,1.4913344,0.52753633,2.1869316,1.1116934,0.4578372,1.3915348,0.21520817,0.669079,0.25097907,2.1071332,0.103340626,1.097864,1.0566182,0.37319416,1.789187,1.6116627,0.29126245,0.2204909,0.5792556,0.60775006,0.41212016,1.7882975,0.37067676,0.68061274,0.92680407,0.8933275,0.9390117,2.1097398,0.8008766,1.4895997,0.72295773,0.72408986,0.7375357,0.5801713,0.47124285,1.3221128,2.8318472,0.59145516,0.65698516,0.6658318,0.5764735,1.5147345,0.67328316,0.1936034,1.0876496,0.9626759,0.8337524,0.65287036,0.5320313,1.5543991,0.035214346,2.4335966,3.1562479,1.3424138,0.24374025,0.38511488,1.2412995,0.4313838,0.53143466,0.5668484,1.3524625,0.9178818,1.4594424,1.2919042,0.6579023,1.0235273,0.8405674,0.036436778,1.2195108,0.58718824,1.3598927,1.4411522,0.8408259,0.7283993,2.218365,0.701957,0.094118044,0.72432256,1.6945302,0.03560075,1.2867863,1.1077651,1.2799507,0.46757156,0.112912364,2.483619,0.3619013,0.49483907,1.9323165,0.34693468,0.72481847,1.4024473,1.465284,0.96163505,0.28151813,2.2846005,0.9619645,0.0,1.3890527,0.7079495,1.6792626,0.8556652,0.1632259,1.001684,0.18642972,0.92052335,1.292307,0.5770722,1.0802013,1.2988482,0.5399629,0.9855006,2.8678014,0.5602712,1.527442,0.80103767,0.3798007,1.3769926,1.6412154,0.44689152,1.5664715,0.43608537,1.342079,0.6589904,0.20161232,1.1172388,0.5593672,1.3353975,1.5328447,0.42852902,0.035792135,1.0667921,0.11259629,0.41869724,0.25988215,1.323229,0.033168193,0.5902275,0.14992425,1.3728747,0.595941,0.57576317,0.8597354,0.56694907,1.1682698,0.7473792,0.95086974,0.65142643,2.6280224,0.20358898,0.3105796,0.2202683,0.7937927,0.31572843,0.9730269,0.78073573,0.7406501,1.4168079,1.1221197,0.7903354,0.03224654,0.2899585,0.39344683,0.5728937,1.7712172,0.13427955,0.3347574,0.2334332,0.7325152,0.76150745,0.75665194,0.31893808,0.5771905,1.3325068,0.6734372,0.09901611,0.6432765,1.3232428,0.48226207,1.0904608,0.51163816,0.9644808,0.718109,0.41933912,0.271624,0.99153304,0.741301,0.64936185
hidden_0_n102,0.8202665,2.1885467,1.2885708,0.34774557,2.7668262,1.6817613,0.85156524,1.286746,3.644352,0.4025846,1.6435109,2.7689502,0.49024042,2.1907082,1.3237358,4.1513233,0.7006096,0.4730459,0.3449077,0.9761353,0.27287617,0.39245158,0.8659841,0.85389173,0.7569876,4.4141965,0.107266486,3.9610271,1.0246139,0.29893416,1.2193999,0.28899574,1.3103021,1.3193643,3.0637524,0.82381946,2.5575895,3.4002917,2.031575,3.3292677,3.059626,0.8390437,0.8101813,0.86915916,0.33087257,3.665428,0.25838187,0.82413596,1.2376331,0.9336299,1.1589198,1.5052009,3.4392653,1.7068774,1.395781,1.5553176,1.8957928,2.0457246,0.2694854,2.1431365,1.3627793,0.84158814,1.8285031,1.9043034,2.1752052,0.30324024,6.8411655,0.23370758,0.2486185,0.7842735,0.89187205,2.27978,1.0945915,0.36871594,0.12990732,0.6021181,1.7042692,1.2016076,1.1279192,0.5806043,3.8209527,2.681792,0.56186235,0.1720912,1.0503678,0.63679045,2.29681,1.7560282,1.1013933,0.87460446,1.3722847,2.4014661,1.3679814,0.7747101,0.15643121,0.7210743,1.9150696,1.011939,0.6410072,0.7340295,3.2573984,1.9197289,0.0,0.43393657,0.6351088,0.12437849,0.97648317,2.8772151,2.5659227,1.1813011,5.1985545,1.0214754,1.8085991,1.402813,1.7576874,1.3448154,0.3516885,3.9073522,2.3442876,1.3266513,2.162001,1.3139694,0.5220841,3.3040707,0.37541303,1.7567577,1.0452607,1.4185702,0.9758668,1.7158071,1.1408383,1.8818381,0.6503007,0.29950297,2.4976568,1.7118026,5.2557263,0.33369094,1.278234,0.41821805,1.4086441,0.16229567,2.0019135,2.1720288,0.3592706,1.278921,0.3323089,1.2582374,1.6486306,0.8264627,0.58434325,1.282197,0.3588777,0.54488933,0.759819,2.4858985,1.9732295,1.2540596,1.2129192,0.22080657,0.6391763,0.5485761,0.97137487,0.16954008,3.360552,0.51365656,2.4925933,1.1334846,0.9988412,3.3238559,1.4058505,2.4651358,3.0122867,0.90846825,1.940111,2.9804075,0.15582083,0.8339829,0.45127913,1.338796,0.7234752,0.81245774,0.8868008,0.57468754,3.4766555,1.4476467,1.427585,1.3007694,1.6495986,3.1973495,0.9769515,0.21380508
hidden_0_n103,0.6927194,2.368081,0.49752834,0.83464754,2.3750346,2.3013723,0.17611037,0.7721196,1.0168834,0.9174624,1.71391,0.8916689,1.307881,3.6279802,1.3737907,2.4880626,1.9287728,0.67159563,1.5091484,1.4546261,0.842551,0.2868868,0.38256198,0.84501827,0.57113284,0.8395155,1.7521842,0.45788693,1.9041522,0.35500538,1.0806973,2.4572144,0.6602572,0.563014,2.3122215,2.0138862,1.4020027,0.044408742,0.6968701,0.82666403,3.5015728,0.6499086,0.31701306,0.20428729,1.5128422,1.334501,0.02473793,1.1044848,1.3289602,0.336593,1.0642691,0.64538044,3.5714958,0.9475358,1.4852344,1.7230457,3.3463192,2.4324481,0.41415372,1.0996498,1.9014282,0.8870302,0.8835471,2.1654248,0.7787242,1.557979,0.5581621,1.2469707,3.4179723,0.7241152,0.8000432,1.7951679,4.7305927,2.8233683,1.9851243,1.4874973,2.8504605,1.336432,0.697667,0.8279709,0.33782047,0.117025875,0.35565487,1.217804,1.9685998,2.2019525,1.0989522,0.6227957,1.7337875,0.45593378,4.243461,0.4252574,0.9594417,0.4144049,1.9129326,0.83956045,1.7635497,1.9334139,0.39050922,1.5193557,1.4118158,2.510997,0.6228081,0.0,0.72670126,0.38737905,0.42904404,1.6539537,0.32800463,1.3889877,0.972773,4.082615,1.821876,1.7653123,3.0136843,0.10700949,1.6354152,0.7431492,1.1799006,1.5042562,0.8886788,2.6957018,0.49252275,0.7677399,0.9735679,3.1909971,3.0524359,3.8121228,1.2791362,3.128412,0.8783292,0.5002899,3.8462818,0.5668897,0.7240804,1.7967683,0.63514,1.5923294,0.17598727,1.7939715,1.160408,0.429325,0.24425511,0.93961185,2.1370404,0.7906648,0.83207893,0.3869327,0.29185665,0.41149765,0.6501678,0.5733713,0.23104307,1.5151727,1.6871699,1.1561496,0.8157439,0.12246395,2.076153,0.5066416,1.0025125,0.9428764,3.7192595,0.7465043,3.2060344,0.02963099,0.08332287,0.662383,0.46186155,1.0932727,0.007388253,2.07643,2.5453587,0.45671198,0.4367628,3.381833,0.42788458,0.68560445,0.38522503,0.44259232,0.83670807,0.712505,1.2729111,0.37958685,1.4514327,0.2621895,3.3189297,2.8596156,0.3217085,1.4871165,1.3173705,0.95264685
hidden_0_n104,0.95165926,1.0292338,0.15171432,0.6463058,1.2605345,0.34275073,0.4807624,0.074759625,0.48273185,0.7323605,0.2907549,0.31666842,2.6983469,1.4686365,0.5516602,0.2647002,0.8797595,0.63467646,2.2105381,0.63417506,0.5678344,1.0284758,0.14306514,0.90504587,0.36542138,0.26001674,0.18957081,0.52383816,0.8650907,0.7879434,1.2590284,0.122450724,1.9360017,1.0182416,0.34935832,2.9543238,0.43404937,1.417108,0.39702392,0.45391858,2.1547537,0.5473782,0.45093122,1.5140457,0.5077777,0.20840997,1.1376388,0.20435238,0.29982173,1.4723616,1.8336375,0.28811613,4.2254095,0.15693869,0.5197185,0.10567729,0.14552788,0.935505,0.091161445,0.6727907,1.8599931,0.027982041,0.6189047,1.5842526,0.1567558,0.13971873,0.22311077,0.6757431,0.7440737,0.13755584,0.15924999,1.1595378,0.2052586,0.42924666,0.6111249,0.78267515,0.31659323,0.32664666,1.2483907,0.46215048,0.93293375,0.9376076,0.65241724,0.36268732,1.3132874,0.18909071,0.97799766,0.62177324,1.1171046,0.24824019,1.6690044,0.83566326,0.6739485,0.71047324,0.56835824,0.43648928,2.5736732,0.5111247,0.93407387,0.48833978,0.41358158,0.670281,0.1304285,0.5556192,0.0,0.08501512,2.3973944,0.76344794,1.1092024,1.6217116,3.5640686,1.2240208,0.2226045,0.50387275,0.38483277,0.23873155,1.1597954,0.7766014,0.28856495,0.047821686,0.07855918,0.4353612,1.9385141,0.03760871,0.5593045,0.7664666,0.46726882,0.97239697,0.8077163,0.89357835,0.74290055,0.38717276,1.3229767,0.08647821,1.1469723,0.58949685,2.6901002,0.91865015,0.3952013,0.21393807,0.701308,0.088687286,0.8363495,0.59319323,0.1180832,1.401171,1.3367168,0.36209595,0.1005756,0.94576657,0.25433043,1.0784883,0.11485394,0.008728507,0.3211922,0.30314144,0.63310355,0.70353603,0.35031813,1.1132619,0.18684712,0.8355962,1.3069993,3.198285,0.08143455,0.4688813,1.3016094,0.07100151,0.44575492,0.6326567,0.6734551,0.65691763,1.4805204,0.30153653,1.9115882,1.1744497,0.05400754,0.8929754,0.2848095,0.5970742,0.35376072,0.17285901,0.38015866,0.2921458,0.9994367,0.8294078,0.77039397,0.69225013,0.8136708,0.9384815,0.9213338,0.15874083
hidden_0_n105,0.4874789,1.9487644,1.1851943,0.44735456,2.1670115,3.1489105,0.1360817,0.50682753,1.9141996,0.37947983,1.9379478,1.0200635,1.7837995,1.3875636,0.59615785,4.1745753,0.2905289,0.9276198,1.543679,1.4050529,0.61631966,0.8116786,0.8536773,0.38330838,0.20613411,1.349274,1.7939125,2.3080041,1.0089582,0.76592916,1.1713856,2.1072726,0.37539527,0.062514916,2.6574094,0.81163186,2.3553522,3.082116,0.46193904,3.1187682,1.9851247,0.78630966,0.4663539,1.1759788,1.7868623,1.446665,1.8350571,0.8703421,0.9783959,0.2714746,0.2753907,1.1225646,1.3767719,0.31484854,2.2356691,0.6121849,0.5655615,2.9800498,0.89643234,2.452016,0.40743747,0.80069673,0.1732706,2.2453365,0.38007623,1.4308583,0.96802306,2.006216,1.1671193,0.5996608,0.2663221,2.433473,1.4508067,1.4358437,2.0470908,0.97539145,0.77953357,1.8840189,1.5668775,1.4328606,1.3863726,2.645091,0.6625184,0.83577186,0.9562199,1.1200339,1.6556077,0.94671327,0.95429015,1.211279,3.9042368,1.077161,1.1653333,0.31778884,0.80750716,0.47886342,3.707419,0.8710246,0.41888016,0.93573004,1.3363141,1.6108423,0.25546327,0.32710478,0.60848004,0.0,1.388665,1.5112902,1.3596531,1.4740208,3.887349,2.5781412,1.1103787,0.2910311,2.9116402,1.4234471,2.7732031,2.81247,0.27503443,0.3597192,0.3582077,1.0264828,0.20069118,2.6181004,0.081454925,3.5388925,0.41327074,2.8261056,3.060925,1.9184443,3.1659737,0.82820517,1.2379632,0.7079386,0.55859244,0.50113136,4.238189,0.40160832,1.6109076,1.1915176,1.1305343,0.654067,3.0293946,2.5334096,0.9280496,0.3762654,0.22492184,1.8328784,2.5724688,0.4144745,1.2503077,1.3067688,0.16131209,0.80706275,1.5191271,0.21311279,0.67511284,0.5911856,2.0783625,0.695162,0.6807829,0.98585695,2.2736857,1.9111452,3.009596,0.72355366,2.6118774,1.3532168,0.23548916,3.409891,1.5934637,0.64910275,4.4763474,0.4267879,1.6284856,3.7037907,1.8050072,0.15741947,1.0021228,2.5094728,1.0102248,0.5234391,1.277935,0.23188896,3.0921702,1.3487216,2.4384668,1.2537649,0.5890122,0.6675422,0.25014696,0.82635117
hidden_0_n106,3.5277107,2.0983927,0.33392105,1.4461267,1.2296665,1.6609071,1.4154341,1.6337829,1.0091987,1.0486966,0.2574137,0.15668058,1.8091241,0.24190272,0.043995123,0.7811136,1.76504,0.21310398,0.23885,1.1950934,1.2429988,0.07703442,1.8790994,1.6504085,1.2470013,1.321995,0.54253244,0.6042548,3.9736817,0.79033494,0.60854137,0.9601424,1.2349633,3.5207317,2.4018772,0.32902628,0.63933897,0.67068166,0.38713628,0.2666132,0.8149047,0.8537289,2.0963514,1.6322683,1.7188905,0.68843496,1.3299879,0.8355458,1.9641788,0.91589904,1.7443794,0.7131172,0.9572215,1.9645553,1.1864127,0.9457506,0.5941913,0.8306489,0.8878565,2.5503244,0.6749988,0.598875,0.67349756,1.5748887,0.9059041,1.182511,0.056061953,0.53110725,0.5780518,2.151251,1.1961972,1.0387752,1.4781536,1.743816,1.5564078,0.5675376,0.5997588,0.59337866,0.42365837,2.7401855,0.28656387,1.6456116,0.3477569,2.3083017,2.3132,1.3513112,0.4112474,0.46003392,0.9153358,0.35879353,0.21587555,0.7324214,0.8157321,0.14097169,4.1584954,1.008006,0.75756156,0.6460792,0.92175305,1.7842169,0.59818727,0.4187257,0.094730765,1.173014,0.6701429,1.869617,0.0,1.2576524,0.8040095,2.08351,0.9182701,1.2977579,0.7958642,1.2001638,2.0867786,1.1211218,0.46099964,0.42652524,1.5376651,0.5750307,0.43771258,0.6111606,0.16266693,0.7877174,1.678371,4.1395526,0.3113895,1.7479669,0.30420333,3.011011,0.17539436,0.6768373,1.4461546,2.561697,0.38167396,1.8263649,2.2681665,1.934894,2.2075064,1.8626215,2.2551582,0.6224875,1.8950639,0.107772276,0.65255994,1.5513588,3.5478575,0.103582084,0.8258976,1.8101323,0.6772682,1.6313797,2.2280312,1.240173,0.09243987,1.6217762,0.6759632,3.196943,1.4519416,0.42282674,0.41328043,0.7135607,0.56412965,0.68600315,1.818651,0.52422756,1.5825821,2.0307024,0.6449966,2.1317568,1.5333444,2.1928837,0.06729596,1.3520569,2.8169363,4.3049664,1.7805794,0.43032596,2.225711,1.1031305,2.0858324,0.93964154,0.5470364,0.50563246,1.4757055,0.12052492,1.6321472,3.1961048,1.7868323,1.3396791,1.804096,0.23836032
hidden_0_n107,0.540574,2.4046896,0.5920617,1.0724134,0.9192801,0.8311793,0.13174467,1.522725,2.4319088,0.36214033,1.1479897,3.0611608,0.5545696,1.4100922,0.9491503,1.5958916,0.76656365,0.2228457,0.77039236,1.628942,0.29317266,0.6734523,1.3992324,1.038752,0.21386994,3.3723433,1.4800539,1.8814394,1.3402942,0.88833386,1.0736408,0.27046075,1.1658056,2.2999587,1.8450608,0.1961381,2.5142446,1.8173177,3.304552,1.7032106,1.3157823,0.12681198,1.2042196,3.7155757,0.077331804,0.7011222,0.74740624,2.1917534,0.11699077,0.24655849,0.39698708,0.6566388,0.88242567,0.17386691,0.9087295,1.2223428,2.7594464,0.85886455,2.8227859,1.4468733,0.32979771,2.9244907,0.39449537,2.1607745,3.5523274,0.7108527,4.6535325,1.1207904,0.35809046,1.9001496,1.3825918,0.27607667,3.9880779,0.4864115,1.11824,1.0097593,3.7302911,1.4006895,0.9994633,0.21120913,0.4441083,2.1950483,1.738992,0.6384387,1.6850603,1.4609121,0.5685161,0.87433493,0.89313424,4.904455,1.0644777,1.9094807,0.42862058,1.7756059,0.6345247,1.7493696,0.28226256,3.9893045,1.3472404,3.6390197,1.9834654,2.1060917,1.3454633,0.22988336,0.7404428,1.2481095,0.9785118,0.0,0.54656935,0.18503608,1.8748643,1.1306077,0.98648125,1.3898331,0.18595716,2.4874322,2.420138,0.7644574,0.26081595,1.3771982,2.9842494,2.9869218,0.21554025,1.035577,1.2551708,0.996078,1.1098795,2.178289,0.18357135,1.2930979,1.305916,1.5164665,1.3060969,0.18260913,0.30732074,0.18959488,1.1730821,0.496943,2.5888612,0.9625915,1.0320657,0.074911654,0.87389165,1.5483096,0.2936991,0.6853869,0.5363915,1.5662433,2.1151986,0.4103726,0.75220054,3.900945,1.8978146,2.2599657,2.0905235,0.013602072,0.642674,1.0960479,1.3474956,0.9138222,0.3760867,0.8003504,0.35419717,0.55590487,0.49708933,0.608674,0.42362237,2.5696137,1.5989112,0.43817884,0.40844718,0.16531496,0.6222273,0.2720121,1.1350641,0.1931484,1.685831,1.7233859,2.0096135,2.0583837,1.0086453,0.61075634,0.60677344,0.45665434,1.8942031,1.3869755,0.58971334,1.1284571,0.039476283,1.2408198,0.6977815,1.0068207
hidden_0_n108,0.17018472,0.058629286,0.2274401,0.49436435,2.5340867,1.0856036,1.5362378,0.6017867,0.111011446,0.15019515,0.2134851,0.22630689,1.8784184,4.68759,0.6050733,1.2793883,0.62803453,2.0952268,0.14510852,0.15394293,0.7987412,0.86715114,0.7630437,1.3979797,0.5406067,0.17800294,0.32414684,0.27387717,2.18238,1.8464725,0.5180015,0.59274864,0.5101349,0.7347764,0.21591868,0.16969645,1.4657214,0.043230906,0.8330417,1.013008,1.7125597,2.6947923,0.74577737,1.090225,0.80638486,0.32105833,0.7830994,1.2020543,0.7141946,1.8529768,0.13484655,0.31288224,1.2979219,0.15659758,0.27692395,0.08736819,0.38030437,1.4351087,1.2115462,0.12723109,0.6831746,0.99019,0.14897268,0.1800545,0.97739035,0.8711537,0.5794117,0.82206506,0.4183586,0.53093535,0.79624563,1.307889,0.88407433,0.30849543,1.5072238,0.36637133,1.1136299,0.9016544,0.26506218,0.11384489,1.5727196,0.2619501,0.38007766,0.92898,0.6068192,0.32823482,0.7409318,1.3106103,0.8182568,2.6879003,1.1092596,0.25377646,0.6899775,0.1662656,0.3668352,1.6492387,1.5364076,0.7314353,0.6578409,0.7615811,0.28579515,0.05953776,0.1349282,0.19605114,0.38670763,0.44550762,0.48304626,0.9781354,0.0,0.19699852,0.78188133,0.099025555,0.66305935,0.20895031,0.9789639,0.364898,1.6816189,0.08258991,1.2162557,3.5061982,1.1803774,0.48615292,1.1989146,0.16697054,0.33404487,2.430694,2.5146778,1.4826088,1.0344425,0.7731505,0.4078738,0.07106997,2.0097864,0.81056094,1.1017395,1.0763394,1.053717,0.038305566,0.8689863,0.07781913,1.259629,0.4632402,1.5002029,0.27598214,1.8394033,0.69590795,1.3746215,0.85556006,1.1315082,1.4204983,0.8057087,0.85510045,0.78447163,1.8151475,0.063285746,0.92570174,0.2139422,0.9198813,1.192269,2.1774156,0.91645163,0.86803716,1.3537154,2.5006447,0.75860935,0.7147624,1.0846905,0.7803382,0.4782922,1.5752164,0.12348166,0.69504523,0.8386763,1.5584204,1.4990379,2.2016685,0.6210243,0.2520667,1.0787078,1.1760507,1.0842185,0.5689546,0.16561566,1.6592183,0.5891783,0.22409481,1.7106289,0.70026404,0.6230962,0.8107596,1.3522036,0.64983207
hidden_0_n109,0.33054712,2.6700354,1.989403,2.3439763,0.43506703,2.0427449,1.0972048,1.5694883,0.5001603,0.4790062,1.4588565,0.2499416,0.1516156,0.35704887,0.9871901,0.71510637,0.58346355,0.25601932,1.233055,0.7302177,0.32976654,1.826654,4.49432,1.5372972,0.19642219,0.8708522,0.59410495,1.9884679,0.67354846,0.18529935,0.46073577,1.7914269,0.67445904,1.2583128,0.86871654,0.83422756,0.118957646,1.0994076,0.25090495,0.90154856,0.3062672,0.111905225,0.95280784,0.21717162,0.43012938,1.0903525,1.629747,0.47895524,1.3429654,1.4238746,0.4756978,1.3405105,0.045787908,0.12871194,3.2106092,0.26925433,0.15103145,1.7251078,0.93212324,2.5570683,1.3199791,0.2689742,0.14220321,3.5548127,0.43775442,2.6545708,0.0055271974,0.27526757,0.6533532,0.7883867,0.70346,0.11593899,0.8596344,0.5808602,2.0680916,0.8368768,0.40063587,0.4435331,0.4015175,1.9807327,0.13010639,1.1546682,0.3037177,0.23547918,0.98734236,0.888185,1.0643911,1.4988433,0.2843871,0.17796747,0.62664187,1.2547853,0.7320409,0.6934642,1.4444165,0.56470925,1.1540006,0.44488394,0.68807846,0.027663132,0.28849086,0.8611997,1.8082092,0.14701726,0.60262215,0.67962307,0.5885347,0.3349245,0.6148755,0.0,0.7022221,2.1718287,2.7505043,2.0884235,3.7593124,1.1726738,0.3744037,1.237222,0.2217998,0.1451571,0.32537624,1.0302798,1.4245476,1.170462,1.7996712,0.45700866,0.50056636,0.5220958,0.71426064,0.17431048,0.89476997,1.3221811,0.23408471,1.2284013,0.21925955,0.17833515,3.9528883,0.17039399,1.4045546,0.11562583,0.23120077,0.14589258,0.6438756,0.585388,1.7483214,0.61740077,0.18792967,2.0928752,0.10427449,1.5858691,0.4712865,2.2131,2.1856499,0.4340873,0.39930376,0.8618294,1.0771532,1.3100703,0.15915908,0.10267214,0.7512493,0.292964,0.4230542,0.2039003,3.8785605,0.9755529,2.17279,0.101858355,0.6920118,2.2450614,3.0221703,1.1737559,0.7736054,0.036310226,1.9544067,0.32962954,0.11172813,0.49872413,0.03529545,2.4442933,0.09668832,0.51103055,1.4357762,0.030979894,2.6864853,0.15656678,0.8477256,0.39235997,0.19194582,0.59560734,0.41855803,0.6512135
hidden_0_n110,0.558557,0.8110351,0.024897719,0.22504045,0.5529869,0.5650752,0.73764026,1.6531669,1.6708844,0.57939714,0.22812672,0.06468467,0.5180174,4.6193805,1.9132994,0.49092808,1.4771707,2.5464103,0.24507388,2.077081,0.63372713,0.25178888,0.26234692,2.4782536,2.3453574,1.6335492,0.27796677,0.948655,0.049546473,1.3491971,1.108109,0.9628772,3.924587,1.2352209,0.7148668,1.2572799,1.9256349,2.1278796,2.4280632,0.73658985,0.5255514,0.4723489,0.1034209,3.1368284,1.8343271,1.2487345,0.45852175,0.8309103,2.314295,0.36319858,1.7945168,1.6403458,0.97401017,0.54623276,0.24315645,0.35918513,0.10710012,0.32063547,0.7095013,1.3991005,0.36390755,0.87325364,3.8389223,0.60391283,0.52969486,0.10771256,0.40047953,0.44213843,3.7277672,1.9774696,0.84213454,2.176692,1.0036802,0.31059036,0.90805006,0.44959894,0.5229156,1.9684364,0.8080145,0.66271305,0.7683808,3.7044892,1.013774,1.0968988,1.0702993,0.049137983,3.436002,1.2769805,0.67701155,4.055984,0.37675676,0.23026237,2.8238912,0.6289466,0.36584643,0.39606318,0.8661169,0.26160085,1.2115847,0.22515537,0.48245323,0.28709695,0.71754706,0.69401383,1.8815604,0.62250715,1.5627931,0.49053633,1.2979074,0.324206,0.0,0.39978477,0.14033636,2.2592673,0.56020886,0.7211706,2.7560296,2.1228094,2.6536195,0.0985301,0.08959673,0.16986793,0.95614815,0.4528709,0.70112395,0.18517572,1.0915481,0.22052348,0.35285065,0.019134514,1.3279624,2.5588741,0.65457386,0.4328507,3.6193638,3.1414118,2.461481,1.1922228,1.5859647,1.2500898,0.12719262,0.31591108,0.6698884,1.1662303,3.2134168,0.07934909,1.4424042,0.34629902,2.28219,1.1082063,2.6176114,0.26987568,1.1622565,0.15609093,1.049342,2.0385096,2.1934936,1.2020433,0.7292731,1.6872321,3.0471754,1.954498,0.8336324,2.2624588,0.12967731,0.13494328,2.5265512,0.8134391,1.7701347,1.1250808,2.0651016,0.81860244,0.25010663,4.704347,4.467118,0.30191088,1.7755128,0.5739519,1.1190611,2.5600758,0.40803885,2.5003335,1.7304132,4.1477685,0.62825984,0.075159706,0.9726539,0.13728446,1.105006,3.951281,0.4319349,1.1706306
hidden_0_n111,0.33347806,1.278723,1.1973368,0.16233417,1.0040148,0.31104773,0.46404305,0.07685938,0.4645965,0.26783678,0.7660732,0.044339437,1.3753281,1.4079273,2.6397672,0.34485668,0.36816463,1.0908659,0.6365402,0.16578418,0.8274197,1.2396533,1.4940801,0.043060664,0.3507473,0.4058275,0.18452995,0.7105318,0.33484107,0.91691285,0.40419516,0.6230582,1.3089046,1.1410861,0.0826924,0.10212762,0.23878866,0.6123886,0.6282686,1.012393,0.7321768,1.2215775,0.8486182,3.1693192,3.4484992,1.2411556,2.328017,0.06434691,1.0836414,0.6281417,0.6856139,0.027454194,1.0489287,1.6302543,0.3127437,0.3917126,0.55916417,1.6408803,1.7549059,0.99298227,0.21789332,2.488631,0.07319466,0.71487623,2.2894323,1.530798,0.660784,0.28690678,0.4270395,0.38366696,0.21728832,0.82721686,0.24581411,0.12264273,2.1048925,1.2563858,0.21508215,0.102000736,1.8071895,1.2945087,0.35179406,0.43953684,0.19562185,0.43511063,0.2365887,0.4124287,1.3400443,0.22673817,0.14183706,0.873577,1.102779,0.58849007,0.8021621,0.12621115,0.20390691,2.3913047,1.1443601,1.3427505,1.9245309,1.0265986,0.27984074,2.0115483,0.23667324,0.3826939,0.29725134,0.65127987,1.2364815,0.4352994,1.9718529,0.65391195,0.6239052,0.0,0.017148469,0.6005964,0.5986583,1.0528892,1.5574996,0.15453248,0.011924764,1.529395,0.961261,1.7935287,1.2753124,1.0568559,0.74841774,0.12259489,0.042997222,0.64438766,3.368927,0.3387078,0.8286627,1.5537808,1.0527531,1.3544278,0.09511414,0.9410356,0.6011288,0.46079466,2.4707131,1.41378,0.063544944,0.21641134,1.5435529,1.045571,0.52836776,0.0070801885,0.87283754,1.9900035,1.9939831,0.51383084,1.2218533,1.8613594,0.08495383,0.24124604,0.086054035,0.33402547,1.499814,0.63993645,1.5136979,0.4579003,0.67254287,1.1037498,0.18186602,0.9477245,0.39795756,0.5467668,1.3919038,5.8711042,1.5434284,0.39326543,0.5894839,0.3507309,0.83545816,0.8415029,0.8879724,0.119710535,3.383075,0.21559446,3.0675807,1.2611661,1.7809601,3.8124943,0.040834475,1.5320237,0.48746282,0.6821957,0.38729253,0.19192517,0.17104381,0.312818,0.75958014,1.0774229
hidden_0_n112,0.15848547,0.5648046,0.67940265,1.062829,1.7538955,1.0019699,0.8480065,0.49727526,1.5543895,0.3220746,0.6850022,1.9420455,1.2763712,0.9800792,2.3743863,0.4650113,1.1553448,0.74641925,0.17175387,0.598773,1.6866271,0.22728187,0.53854036,3.0358894,1.1537206,2.7640443,2.3237793,0.45612106,0.8420981,0.15004373,0.06727295,1.3132463,0.6237182,0.2744525,0.259493,1.6144891,0.22975197,1.064619,1.472165,0.80782163,1.4863571,1.0913352,0.29444122,0.47360224,0.68094116,2.8365064,0.98883784,1.1052418,0.50464034,0.88095903,0.56878686,0.5574268,0.8806809,0.9517064,0.099609815,0.004870672,1.1837345,1.5399599,0.5216518,0.37539023,0.55951816,0.49500358,0.41506258,0.26182753,1.3372679,1.366853,3.0859997,0.7565015,1.4220097,1.0872747,0.04865186,1.7736522,0.952003,1.4131236,1.6302179,1.0639031,0.41887674,0.47260776,1.6506547,2.2879763,3.552545,1.386102,0.5302951,0.29434183,1.3634716,0.35220888,0.69722205,1.1236154,0.99537957,0.60105956,0.6968707,2.7137046,0.2975665,0.4680988,1.2023817,0.25187835,0.7249644,0.6759301,0.11956845,0.7240542,1.3795106,0.58942,0.7737173,0.27409437,1.0598859,2.2777617,0.9437384,0.5713337,0.5750221,0.36767018,0.8356045,1.1668916,0.0,0.9092401,1.232307,1.476147,1.1201569,0.53652644,0.77074814,0.75854146,0.9963214,0.7830092,0.34876704,0.47540498,0.4131139,1.5244703,0.40912724,0.83940667,0.15700711,0.6891031,0.52899164,0.74974686,0.80597085,1.1207166,0.7357751,0.55998266,1.7034476,0.44083837,1.3070133,0.81087184,0.73710495,0.3076685,1.1504364,0.10357317,0.70201695,0.96666443,0.491406,0.44072798,0.29981264,0.41599327,0.55878466,0.851301,0.10788407,0.83163005,0.55226076,1.5806646,0.9653217,0.7969389,0.96741295,0.19087225,0.34721905,0.5216244,1.1646891,0.2668347,0.93874854,1.3388554,1.478082,0.9501698,1.0970807,1.8400044,0.39443263,1.0793276,1.3195468,0.13548037,1.1208521,0.9228351,0.4493201,1.5012541,0.38378522,0.3262971,0.073711015,0.72247547,0.23743051,0.13806155,0.21187598,0.5748191,0.64461446,0.5705807,0.26737535,0.5435407,0.4986341,0.14459103
hidden_0_n113,0.9128149,0.6437965,0.44750446,0.31546775,1.3575777,1.1176459,1.3683126,0.21364154,0.9658496,1.3643126,4.146234,1.4009116,0.47360158,1.1977754,1.1985776,0.37473193,1.9382268,1.7512882,0.23952676,0.8293367,0.08701195,0.70179784,3.2901938,0.5902464,0.75171834,1.6780561,1.0356722,1.076566,1.1758133,0.13415399,0.64836955,3.3902676,0.4532225,0.25908577,1.2425297,0.3010786,0.2176559,0.6249589,0.2857282,0.09485376,0.7784152,0.32411984,0.5717124,1.6446389,1.1841791,0.062395193,0.99994653,0.3892475,2.1021705,0.81746125,0.5633532,0.56382924,1.3337388,2.3239365,0.8386168,1.6723635,2.255693,0.35546923,0.59162027,1.4126348,0.80993277,1.5593367,2.2744617,1.6000708,0.16675688,0.032676004,1.0030369,0.10178847,1.9697849,0.66167015,0.23384102,0.9908537,1.0193213,5.5968204,0.14021814,1.7551681,0.52129114,1.3228397,0.3797456,0.62658936,0.48481938,1.1550204,2.0330918,1.2785482,1.0198469,1.9057927,0.27411345,0.95942926,0.7173046,0.48844633,0.66512877,0.887136,0.4913255,0.12875843,0.82938766,2.9681468,0.47860092,1.9449015,2.803095,5.0486465,1.6597302,3.4177155,0.6594012,1.7640188,0.9677584,1.6809212,0.5661218,0.69401485,0.8571583,0.49437687,0.3684056,1.0173148,1.5548117,0.0,0.2817523,1.3241694,0.2874378,1.0181123,0.3993771,1.1804395,0.49696124,1.0119123,0.7494879,0.1155757,0.24846613,1.3491504,1.3200471,3.2786334,1.0284859,0.85933775,0.6642869,1.5498762,1.6371505,1.4970361,3.4576468,0.6242732,1.0916734,1.4023937,0.32779023,2.6043684,1.2037988,0.18395813,0.707959,0.20500202,0.37417838,0.46539205,0.37476838,0.8239181,0.22921996,1.9093183,0.29854465,1.9495678,0.6901919,0.426003,0.75820935,0.30511755,1.1556629,1.9753859,0.7196328,0.8470365,0.9601699,0.4975619,1.7626206,0.33015457,0.56542766,1.4665205,1.6554829,3.2401161,1.4344769,0.50169194,1.3046598,0.7078512,0.85210246,0.78998953,1.5493013,0.6474287,1.5219374,0.97876066,2.928195,2.0909576,2.0781121,2.6167583,2.4493954,0.8097161,1.1013948,2.446122,1.8213311,0.8245189,1.9106464,2.5162373,2.1277297,0.6800941
hidden_0_n114,0.54143244,1.6633346,1.5572534,0.85477054,2.7858472,0.47533104,0.042639747,0.17926493,0.72815406,0.26970738,3.5455985,0.6390884,0.5994018,0.59532714,0.80513734,0.7632987,0.58163846,0.32006088,0.018362569,0.7046555,1.0118281,1.5467267,0.87076104,0.5818631,0.5141511,0.7435488,0.32426408,0.5264886,0.26990098,0.6737331,0.45146585,0.55068946,0.47539166,0.96023893,0.15619062,0.12878282,0.3506651,0.30854037,2.9626527,1.0393796,1.1272324,0.32864076,0.40736896,2.5879343,1.381615,0.86798966,0.30367765,0.18567725,0.7698771,0.65950555,1.0687048,0.18970208,0.4506483,1.2649763,0.7328628,0.43465668,1.513924,2.7636347,2.2562525,1.2636087,0.8703012,3.82104,0.017043319,0.98428744,1.5542814,0.29956138,0.7371402,0.5355076,0.5238887,0.10518426,1.3159137,0.36420214,0.42425022,1.4874494,0.18177219,1.9589429,0.20833743,0.5315426,0.8877793,1.1515806,0.8170265,0.49860802,0.6630459,0.9369971,0.48265305,1.5228763,1.1139634,0.56712955,0.9136498,0.40196055,0.25721118,1.2739382,0.15962276,0.22655456,0.645913,1.9296327,2.0928872,1.8740209,2.3867893,0.0786006,0.15846142,3.3599648,0.40821463,1.2539376,0.28767666,0.9691052,0.7211494,0.038593493,0.8666464,1.5334098,0.5251496,0.83181494,1.8653914,0.94951004,0.0,0.37586364,1.3920844,0.3308841,0.21317905,0.37644556,1.9042993,2.8353524,0.33872288,0.34831876,0.08119422,0.008797224,0.39888138,2.6798415,0.5252523,0.7583483,1.2067773,1.0747669,1.0058914,0.36158535,0.86270964,0.93267083,1.2271764,0.89381206,0.9454621,1.8153489,1.5680486,0.1321142,0.4764587,1.089772,0.5846786,1.7709732,0.96977794,1.3603513,1.0141373,1.5606837,0.42001897,1.3931615,0.58877,0.2831919,0.30586812,0.5182843,1.6757023,0.39348608,2.2288485,1.534599,0.7982591,0.51058984,0.6042334,0.25694385,0.2555839,0.31109253,2.0979931,2.899074,1.095841,1.2217242,0.9350258,0.64678824,0.9388132,1.2014982,0.887784,0.17784843,1.9838859,0.64799273,2.2867136,0.9065236,1.355673,2.2700987,1.8227803,0.85982984,1.3437194,0.29743108,1.2690116,0.74711,0.4652082,0.65482813,0.8984794,2.2803931
hidden_0_n115,0.68608594,0.36371934,0.32791063,2.3359938,1.3445318,0.305198,0.37062055,0.38884255,0.6048081,0.5102019,1.1847074,0.65346414,0.10420317,0.41343322,0.719082,0.382394,0.5916617,0.9363058,0.41405565,3.2783988,0.6468324,1.6318612,0.34936067,1.6080368,1.5286382,0.3450613,0.47736663,1.2040104,0.4468318,0.17917612,0.5275992,0.78373474,1.8433193,0.99679226,0.5582805,0.7058003,0.7145632,0.98496324,3.0982747,0.15177228,0.3952198,0.75897354,0.82522035,0.8325253,0.8155225,0.3202954,0.22119428,0.73155296,1.2777538,1.675679,0.91416204,0.8189379,0.43097702,0.58858216,2.9977338,2.2251608,0.503953,0.7054278,0.5061672,2.062745,1.3576058,2.722675,2.0099273,1.9009503,0.5985301,0.44276223,0.33165574,0.8495978,1.2560024,2.0743253,0.27700442,0.90974736,0.77408195,1.0426221,0.36408696,0.42335263,0.42807928,1.4324011,0.21212496,0.13590363,1.15689,0.35813698,1.2153316,2.0394986,0.40392777,0.205847,1.7233784,2.6008756,0.3939049,1.1576272,0.8466958,0.06596547,0.8793365,0.8000731,0.4079258,0.83784336,1.3409894,0.14065719,1.2956743,0.08380497,0.64259446,3.0176961,0.40133986,1.7903534,0.036504928,1.6630359,0.7018487,0.58626616,0.7706997,0.98263633,0.81465983,0.416038,3.1862385,1.6749067,0.6255832,0.0,0.99072653,1.8355646,0.4116943,1.7428136,2.28774,2.827092,1.2618729,1.2572181,1.4141855,0.97063863,0.5784095,1.0508873,1.4395132,0.21447213,1.3281075,0.6671741,0.04180378,1.2249956,1.7392604,1.0053207,0.7671718,1.4037623,1.2765374,1.1630151,1.4365494,0.45664954,0.70243293,0.4701313,0.72426975,2.2797105,0.94833505,2.636037,0.046200458,1.8664308,0.107981786,1.3891902,1.6433359,0.7269236,3.0230908,2.31466,1.5741912,0.7795677,0.4269026,0.82517517,1.9739113,0.67115265,0.41567382,0.38659555,0.5074011,1.1643794,1.5408171,1.4639068,2.5066247,0.22349195,1.891199,0.61385345,0.90580446,0.38757426,0.65386665,0.08452525,0.7383349,2.501665,0.77853,0.9250827,2.6052847,2.63158,1.742063,1.1601864,0.7652904,0.146214,0.30397892,0.19960895,1.4823598,0.32269907,0.9941696,0.63991773
hidden_0_n116,0.30742848,1.2303978,1.015548,2.1253924,3.8888106,1.6549385,0.2482969,0.37145248,1.1570675,0.1146113,3.6275895,0.6128872,0.23518287,2.0899334,1.8618374,2.1399717,1.4649684,0.76140046,1.7474246,1.0017323,0.021463672,1.40906,0.7363555,0.4642819,0.8518605,0.084820375,0.32210413,0.8608137,0.57509655,0.687649,0.04999557,0.99343425,0.8483005,0.028142458,1.0904357,0.41273844,1.109589,1.3711734,1.7430046,1.4339334,0.35155076,0.2157196,0.28483558,0.29651204,1.9935603,0.5080393,0.2711983,1.6454835,0.5968797,0.2544132,0.7981914,0.42869118,0.21241316,1.0144148,0.6115722,0.4699372,1.7498006,4.256463,1.154141,1.5401407,1.1817268,1.1409416,1.2098285,1.2339994,2.160729,0.084309526,0.5644981,0.97037786,1.9661127,1.3074183,1.2583735,2.0827425,0.90312165,0.4661826,0.89762586,1.5614368,0.46846914,1.1414237,0.32310355,0.54351526,0.36303055,0.64983433,0.50009936,1.4655075,0.82468885,1.7629694,1.1619699,1.4006166,0.40233055,1.1596369,1.4437279,0.32328895,2.3873396,0.45722046,1.2406274,1.601579,4.857619,2.0985255,0.94420534,2.117312,0.4855418,1.2352118,0.65207213,1.1724122,0.8555456,1.421504,0.14553717,1.297139,0.22963977,1.9971786,1.8866426,2.5974815,1.6032492,0.38338134,0.21640383,0.38827676,0.0,1.7075404,1.6410317,1.7080467,0.5264494,1.7354063,1.1837509,1.0206187,0.12719159,1.6948004,0.7252161,3.5242214,0.6651551,1.1821132,2.105149,0.31283313,2.086825,1.164341,1.1823196,0.48071238,2.7763164,0.36262122,0.64934087,0.6195238,1.212968,0.13174099,0.8017543,2.3293583,0.16409042,1.4923214,1.1725141,0.27829516,0.82047427,0.61484885,0.6788652,0.7098759,0.176454,1.1550604,1.0314679,0.5100699,0.11276961,0.5079733,2.6582735,0.9769793,0.26321858,1.4381276,0.2575584,0.22137183,2.3589525,0.58341944,2.7790177,0.21556967,0.05588178,2.7219594,1.3234044,1.1078451,3.9749565,0.45648205,1.1979626,1.892301,0.018948128,0.6259272,0.11264807,1.8405625,0.49000755,0.13423875,1.860126,0.5198595,2.6392853,1.6132255,1.6287621,1.4857283,0.785936,0.10975575,0.62893814,0.26944932
hidden_0_n117,0.9662696,0.8477402,1.0020672,1.4950225,1.2447433,1.2495682,1.0313499,0.75048274,1.6154611,0.15636368,1.7233075,0.6343933,0.78121245,1.4853067,0.39678818,0.74561,0.56019604,0.68971246,2.5396712,0.6966984,0.99610233,0.7582828,1.4548894,0.6149443,0.36259297,0.12349522,0.29710242,0.58391684,0.2945642,2.371565,0.04334878,0.8110165,0.29214033,1.7477934,0.27649426,2.40466,0.8169155,0.51779723,1.3264832,1.1268191,0.48568228,1.1783518,0.5482647,0.8209659,0.6717046,2.0242362,1.2888728,0.76343066,1.2692871,0.6984603,0.33922565,1.2334768,1.149262,1.448736,1.1515634,0.9272705,0.9294301,0.23931149,0.115789495,0.5429985,2.1192122,1.0373157,0.21179442,0.26518464,1.2208658,1.3595619,1.014425,0.67207944,0.97013855,0.06028736,1.5994276,2.9339035,2.626228,1.0667931,3.4739008,0.14056651,1.7951713,0.6825026,2.3657205,1.235219,0.5448544,1.0856589,0.32429397,0.2884654,0.23045269,0.15344034,1.4162685,1.452419,1.6079687,0.7747104,1.0155314,0.80786204,0.55187476,0.8801566,0.24494527,0.69769883,2.7890675,0.82039154,1.4738073,2.0781665,1.1312908,0.11744867,1.4064863,0.9630629,0.7446262,0.046930846,0.61110485,2.190589,0.56556255,0.64520234,3.5738058,1.9213474,2.9947228,0.24661769,1.4911579,0.23131868,1.0007697,0.0,0.2833793,0.5080755,0.3095874,0.19679278,0.9455768,0.11457602,2.2108746,0.80681646,0.2338251,1.0247315,1.0955582,0.7231791,0.7328246,0.624838,0.8036854,1.8372761,1.087751,0.47142613,0.54150146,1.3014525,0.96797884,0.953355,1.5615419,0.17318994,1.5156296,0.5568786,2.3066776,0.66851205,0.51286787,1.3393722,1.2890517,1.4017547,1.8686507,0.7230826,1.9704044,1.2998298,0.18307449,1.7931356,0.43053982,0.84080577,0.39265355,0.16364217,1.7200001,0.70840913,3.0480204,2.1698925,1.0754853,0.9924257,0.34788162,0.55615604,1.0977527,1.4439439,1.1741254,0.30112383,0.49030682,0.33521888,0.89165515,1.7384769,0.18472745,1.5822827,0.6002462,0.25029927,1.0698004,0.87016445,1.4972992,0.39849326,0.4853104,0.78178424,1.57974,0.44874874,1.4958768,1.5361624,0.51417637,0.47372225
hidden_0_n118,0.79652953,0.67716056,0.652343,0.51303715,1.7595394,0.084358774,0.68053627,0.654834,0.5751796,1.3401523,0.54365194,0.15846482,1.723715,3.0313053,0.797413,0.27570865,1.127588,1.5370454,0.10136645,0.039710745,1.5047879,1.3140966,0.045229666,2.7479928,0.4481036,1.4376068,0.5977356,2.0745945,0.25352755,1.8949169,1.261738,0.12258406,0.7235325,0.4831382,0.3709653,1.0927727,0.64985675,0.39627057,1.5117037,1.316471,0.55887,0.057082277,0.07170139,1.5524517,0.45670176,0.38766646,0.32921705,0.38638505,1.5952156,0.65610063,0.087993145,0.9444453,1.7033823,1.3380512,0.23937836,0.21331011,0.40249154,1.5683286,0.8856982,1.8982712,0.18177862,1.4910191,0.29645762,0.6407215,0.40937456,0.29351658,0.45664555,1.5249164,0.27962834,0.2800855,1.590939,1.421739,0.22142486,2.2420585,1.4296963,0.8726574,0.29938516,1.8403542,1.0754328,2.0556276,0.21174179,0.92672753,0.002346326,0.09871102,0.058565315,0.81674707,1.1281954,0.4298967,0.1796302,1.7487423,0.62988317,1.4177636,3.9810586,1.6139896,0.25409153,0.5538184,1.4741437,1.5411918,0.76921916,0.7212935,0.2920827,1.5714984,0.71106744,0.33097446,0.98425,0.45637187,0.40717122,0.34362048,0.5124911,1.1437482,2.6458566,0.80283916,0.05568127,1.172463,1.3701129,0.685505,1.0105907,1.4651875,0.0,0.3959147,0.5165676,1.1472372,0.61622864,0.22078824,0.63632905,0.15768673,0.9897679,2.016112,0.5384834,0.46688133,0.7687836,0.91999966,0.6077157,0.46175706,1.1525295,0.9084433,1.3611813,1.9674006,1.3189887,1.6939156,0.63962704,0.68258923,0.4975209,1.1005305,2.200439,0.5657429,1.5662932,0.31824532,2.3671784,0.6887659,1.3520024,0.32382056,1.4014074,0.09327121,0.41237682,0.6746364,1.0979251,0.30027598,0.68694824,0.74108464,3.8959115,0.921805,0.16494784,0.15261595,0.1932857,0.5557351,1.7288133,0.91756475,2.0427103,0.98563135,0.92094547,1.0404459,0.2104292,3.4899068,1.1146789,0.46249864,1.089508,0.60720164,0.77868193,0.71486366,0.72582316,1.1469103,1.3431743,4.3845572,1.2082617,0.51528615,0.81460845,0.2861676,0.15662335,0.7988585,0.5234917,0.6593794
hidden_0_n119,0.31600696,2.3958852,0.6356121,0.83512664,1.1657277,0.82601947,0.14582683,0.34039474,0.05626336,0.16074657,1.3672081,0.2629063,0.31106955,1.2254294,2.0505238,0.26265532,0.35726807,1.5950708,1.054317,0.18763395,0.9299081,1.0823233,3.4552195,0.60927427,0.22360589,0.4284405,0.33660108,0.6714524,0.24182734,1.1893796,0.5571376,1.114334,0.20887929,0.95101094,1.4209837,0.90049595,0.8566928,0.21514304,1.0082185,0.56583285,0.8083163,0.06887685,0.33618158,0.73776054,0.47556722,1.1288813,1.058001,0.1550691,1.9977809,0.73475623,0.582016,0.29383045,1.2594458,0.16997418,1.9367026,1.1440609,0.8099513,1.7515814,1.9723086,2.239791,0.9540287,1.4577448,0.20693539,2.580574,2.704994,1.2349389,0.8541942,0.2717573,0.6014417,1.5157626,1.5944145,0.6868889,0.23922351,1.0542091,1.461726,0.87502444,0.62951297,0.72938997,1.099887,0.37678134,0.31568977,0.3207469,0.4590475,0.23788434,0.17554177,2.7167017,0.7421819,0.8824186,0.4302274,0.8715077,0.8709369,0.2943506,0.9578864,0.7111434,1.1386373,2.6206186,0.8044581,1.2926067,1.1495985,0.38410562,0.08437735,1.1400658,0.9631339,0.5663497,0.5878815,0.57662815,1.5442878,2.2625945,0.81451845,1.2002357,0.7119386,1.3097891,1.7348919,0.9290613,1.2657882,0.14448358,0.58431673,0.29762122,0.7796443,0.0,2.3716187,2.7954383,0.4941721,0.08041411,0.3793498,0.8826184,0.6666223,2.2534864,0.7805032,0.3450644,0.53067046,0.23972958,0.7550759,1.8734673,0.43601957,0.15616748,2.871509,0.5791786,4.0781193,0.8011191,1.890006,0.033642955,1.804089,0.87498105,2.0264797,0.3746892,0.6938677,0.9617305,2.9380755,1.035778,0.6358211,3.4921398,0.49926496,0.8342649,0.07152012,0.2914366,0.159249,0.9877597,0.20333405,1.3355873,0.9491509,0.40399474,0.6481323,0.30443767,2.2568276,0.5912368,2.1674228,1.4217051,0.094106875,2.4497936,1.8139148,0.081135206,0.45378548,0.526673,0.97773004,0.8390589,1.5813577,0.39301437,1.4300451,2.3460777,0.35332045,0.30182624,1.3858871,0.8275378,3.2829382,0.34583157,1.3776616,0.6647739,0.08074889,0.30970004,0.8581234,1.219735
hidden_0_n120,0.29048556,1.0268915,1.362988,1.4928398,0.6776487,0.89932096,0.040061202,0.7630624,0.9604481,0.057971,0.21748595,1.1556909,0.17632763,0.8616438,1.4028494,0.3564338,0.5121941,0.945203,0.22189385,1.866508,0.18904164,0.5569707,0.4516234,0.5048167,0.36190513,0.71478945,0.101330526,1.6634033,1.5175521,0.3316298,1.5781602,1.4009355,0.9386301,1.3567171,1.9727153,1.1809558,1.0327753,1.0287713,1.0718005,0.9164021,0.3523432,0.8961707,0.58537817,1.940805,2.0931075,1.0809056,1.6555011,0.5753377,0.67107236,1.1566691,0.69830394,0.276534,0.48543617,1.6742446,0.32537475,0.91255313,1.6036608,1.0464468,0.7821715,1.8090814,0.25670952,0.95127165,0.59366,0.051928762,1.6396962,1.4330388,1.2835919,0.2627883,1.3197914,3.2626643,2.385887,0.47305617,0.8557291,0.27922627,0.86930436,0.06064653,1.475294,0.24412856,0.3526259,0.25292364,0.77750975,0.49356556,0.5611588,2.1477025,2.2104938,0.78308725,1.4326371,0.4955903,0.19742458,0.87954813,0.56537986,0.2922958,0.64594966,0.41097954,0.6850219,0.3970018,0.46323508,1.9745685,1.6129962,3.3935883,1.7547334,0.7115381,0.32904854,2.0847335,0.40399992,0.5666933,0.09307078,1.8197337,1.1007655,0.35695526,1.1033614,0.33050644,0.34820607,0.9203651,0.64254165,1.6119705,2.4156616,0.78753406,0.09881483,0.49784392,0.0,0.7020273,1.5822009,0.59304893,0.2198193,0.2556288,0.40659654,2.1295006,1.5989565,1.2156515,0.4379009,0.17567445,3.162886,1.1490145,0.28256202,1.6980321,0.3539228,0.497759,0.4634235,0.55397147,0.5115333,0.16016221,0.9697922,0.24543211,0.8101967,0.7155382,0.7504688,1.270658,2.4597466,0.99650383,0.6900294,0.1272352,0.93502206,0.49548933,0.5277983,0.960904,0.16309719,0.43381098,1.2486826,0.45818898,0.88062376,0.2176059,0.31462908,1.0282619,0.24051486,0.06539103,0.92919326,1.0052141,1.3792633,0.7948278,0.7526063,0.15569936,0.58997935,0.9945784,0.07922817,0.4222595,1.4993114,0.68143827,1.7456971,0.5179092,1.1024393,0.99896234,0.4190819,1.6040137,0.68263763,0.30161762,0.041561857,0.8793299,1.3531533,0.4433629,2.1860363,0.6022161
hidden_0_n121,0.70030534,0.989239,0.63818425,1.5195025,1.6377369,0.31877035,0.2568047,0.8667125,1.1245937,0.48832032,1.8817117,1.7834308,0.28585207,1.8533053,0.8551961,1.6842465,0.39439648,0.18140239,0.86769885,1.8562607,0.48553133,0.15041395,0.73004097,0.5433532,0.1032885,1.0018767,0.106267996,0.8652802,0.57753146,1.083451,1.4208413,1.6574088,0.15168564,1.6304983,0.6419013,0.077390306,0.826918,0.39439034,1.1277188,1.6949083,1.3489,1.5186111,0.56278944,0.6432815,1.1787564,0.90282154,0.49493605,0.5800172,0.9652252,1.1513429,0.20833094,0.2386959,0.39517993,2.6355853,0.32433298,1.8928243,3.9914913,1.0263884,0.6305481,0.662686,1.0105963,0.6017101,0.33681837,0.81215936,0.905437,0.55130816,1.6161989,0.62081444,0.5180819,1.98846,1.9644853,0.090648904,1.088095,0.17248933,0.8003788,1.1855772,1.1630083,0.07781794,1.0479105,0.3556476,0.3330509,0.1704227,1.165811,0.97334945,1.0780454,0.9173378,1.1633884,0.10545137,0.11385904,1.1066962,0.36151794,0.43875936,0.94390094,0.51928705,0.35327104,0.33424813,1.0568547,0.68853265,0.10533321,0.7651773,2.4756303,2.843377,0.5367773,0.27756226,1.4862471,0.5371898,0.42344883,1.3532844,0.45817992,1.5896733,1.0833201,0.34589592,1.6170807,1.2045583,0.2326368,1.2426742,1.3915099,1.4119562,1.9654078,2.0197284,1.2329155,0.0,4.138508,0.49161538,1.5054529,0.27396435,2.237794,0.47383112,1.1088494,0.6598446,0.6364163,1.1834397,1.1086195,1.6762805,0.89363873,0.8396679,0.45337114,0.20998105,0.4404892,0.94586945,0.117492035,1.2628468,0.7377349,0.9655843,0.117638946,0.862369,0.12590083,1.5696058,1.3312052,0.116112776,0.92575765,0.109296896,1.1562074,0.2179293,1.3386245,0.29782853,0.40817738,0.8002965,1.1537375,0.3979353,0.04713772,0.2764317,0.6267037,0.064954236,0.1031092,0.05396817,0.22422343,2.1910815,1.2933046,0.047064863,0.5045818,0.39121646,0.13633913,0.6983816,0.46544197,0.18779755,0.9016906,2.0682628,1.048747,0.36821112,1.2241504,1.6561289,0.011448662,0.31532165,0.5938274,0.43251845,0.93401057,0.29008627,0.98897403,0.5810078,0.9116755,0.62667716
hidden_0_n122,1.6962082,3.1477487,0.28337792,1.7166033,0.9875405,0.63161045,2.291914,1.5337244,0.8879693,0.30092943,0.741749,0.45766732,0.4030573,1.51291,0.36766425,0.47793242,0.6167757,1.3194326,1.0024226,0.30629227,1.2524348,0.74412006,6.149122,2.7570589,0.2785203,1.0306361,0.39587063,0.07272682,1.5376649,2.5249004,1.265504,2.377264,0.8597761,0.9441996,0.75719583,1.2900535,1.0179642,0.6883538,1.2408676,0.54350096,0.85626227,0.16206539,1.9708273,2.1872165,1.5089201,0.75853604,3.8831234,0.61150926,2.356408,0.18728478,0.5371972,0.7214774,1.0445546,1.471677,2.1518574,0.18439944,0.92033523,1.547262,1.7597665,3.203109,1.1987039,2.1255548,0.4640041,3.2104394,0.34602022,1.8666211,0.70959073,0.17902337,0.7127817,1.0017855,0.63982147,2.8074152,0.6126135,3.1601524,1.4763215,0.46377763,0.56564724,0.88263106,0.21119696,3.9865315,0.7627562,1.8826693,0.15333793,1.3067054,1.2645909,1.0314238,0.31286007,2.5646248,0.09748395,0.7386849,0.27706313,1.7969173,0.04287075,0.70621705,1.0394341,2.3125653,0.5889071,0.38078266,2.4952567,2.5223851,0.16011105,1.6998537,0.60040015,0.6388816,1.0318967,0.60591143,0.47872502,0.43330905,0.92443556,0.6158632,0.93311507,2.3939931,2.2484736,0.9751413,4.549052,0.54976153,0.30573812,0.27449808,0.909613,1.5346891,0.80761534,2.0300875,0.0,0.49599242,2.5907197,1.1608094,0.6717134,2.9057088,0.447843,0.6843058,0.350514,0.97854567,1.0230154,2.3651602,1.5301156,0.72970545,3.049767,1.293649,2.4632707,1.6468668,1.6438506,0.38035026,1.8238229,0.037297122,1.5096854,0.45579612,0.1120387,0.2138261,0.2933112,2.6093006,1.1922064,3.5078907,1.357928,1.7592971,0.07819052,1.2012953,0.71026117,1.5725647,0.40526485,0.8556694,1.8023434,0.8368736,0.51568264,0.9154961,2.2244866,2.8702042,2.1402862,1.3390297,0.57860756,3.0895,1.3037581,0.12010122,0.19448075,0.38879916,1.9320892,0.7115536,1.2806168,0.5279255,1.5788089,2.0294242,1.904476,0.55990875,2.092929,0.53352624,1.8726025,1.4494569,1.4207238,0.8909431,0.9889311,0.3989927,0.43273926,0.1543041
hidden_0_n123,0.6547367,0.72449124,0.59717184,0.04142497,1.6292526,1.609445,0.30437434,1.5602148,0.44310915,0.42723274,0.96784645,0.48963258,1.1797141,1.3092018,0.5277332,0.23576523,0.5368546,0.20694543,1.4610156,2.09571,0.6887967,0.338302,0.46389717,0.35600203,0.4339074,0.24162893,1.7987032,0.3204182,0.42063946,0.3488117,0.61469793,0.19325818,0.54689646,0.7954099,0.3852904,2.6633039,0.35064477,0.35502094,1.0218172,0.82308507,0.41999993,1.2150049,0.5396662,0.41404638,0.12015632,1.1048023,0.14520696,1.1939498,0.70317334,0.6506061,0.7883309,0.664286,1.8007979,1.0217469,0.8186751,0.21124436,0.29537174,0.5635744,2.4318347,0.6726597,0.34587047,0.37596872,1.1062422,0.73765934,0.81204486,0.73777205,0.9562154,0.70263875,0.34060407,0.947562,0.054794062,2.0781176,2.293721,0.1317782,1.0934845,1.1216173,0.73478156,0.32145166,0.45066762,0.5992134,1.3104368,0.20464908,0.6633406,1.5686622,0.6433394,0.69788545,1.097349,0.25461802,2.0729165,0.8158457,0.88945204,1.0026202,0.73914886,0.4197984,0.9762148,0.7790764,1.3145995,0.70601785,0.3495793,0.4682632,0.3646413,0.14098956,0.38185892,2.5504405,0.7574658,1.8339529,0.6499752,0.78455544,0.38324153,0.15383495,2.2956104,1.4077328,0.46802238,0.38996845,2.5842896,0.13619572,0.70378864,1.2675352,0.32374254,0.5477305,0.49332783,0.17849226,0.8232932,0.0,0.03356691,1.2242447,0.4492932,0.6544745,1.6022483,0.9439482,0.3210158,2.0235617,1.297363,0.15613195,1.8673024,0.70965606,0.5244439,0.73398036,0.038814314,1.0772603,1.0905049,0.14542967,0.426843,0.0915743,1.219237,0.6220642,0.3754324,1.2907525,0.7284165,0.20722996,1.2417105,0.13690624,1.2537589,0.0889855,0.308922,0.3748741,0.6431295,2.0816808,0.49275747,0.3164833,0.40635425,0.16309287,4.141889,1.7273855,1.4105593,0.060382426,0.16609654,0.92140305,0.29565606,1.6611298,0.78959554,0.27888823,0.77378273,0.08013104,2.147216,2.105739,0.1499749,0.55439115,0.45005232,0.6322206,0.61049783,1.0803251,0.66969055,0.11512188,0.6507783,0.15230104,2.4172487,0.8911444,0.68870056,1.839683,0.9638214,1.2886745
hidden_0_n124,0.5622256,2.6933644,1.0508182,1.4590924,2.8586547,1.8174535,1.1682155,2.7890916,1.7288488,0.72831655,1.499039,0.8350659,0.5300561,1.7548041,0.55789,2.6652567,2.1561463,2.9004703,0.9539655,0.25987208,2.149744,0.3592062,2.609379,1.1956141,0.9217852,1.7843523,0.45596898,0.69329256,4.969561,2.3019135,0.26001558,1.0163085,0.072742775,0.9624922,3.4578578,2.066713,2.2765563,1.1910007,1.2712187,2.5018146,0.20897372,0.5829256,1.2197728,1.3812513,0.3663468,1.9655894,1.6713696,0.10095423,2.765695,2.0701976,0.2795095,0.26760936,0.6364847,0.01519945,1.940106,0.009300217,1.4986248,1.9602696,1.6569933,2.6212926,1.1754799,0.83352137,1.3038183,1.1020874,1.1505749,1.729291,0.75929725,0.5838147,1.0439258,0.9334186,0.5684514,1.4315475,0.29151696,2.3589032,0.99460894,0.47495204,0.1590611,0.58646977,0.40013236,1.2211211,0.62507755,2.0733268,0.7159794,2.3295586,1.8574299,1.8545607,0.4674517,1.2051628,0.89179456,1.9565667,0.3181949,1.1969751,0.5749554,0.6756798,3.3381662,1.0529795,0.22890289,2.017618,2.8615215,1.0950006,1.1123049,1.0157707,0.7173327,2.089128,0.46268922,0.72414106,0.7487365,1.7212058,1.0276248,0.6173411,1.5160556,1.5314829,2.5577796,0.83197975,2.915233,0.12934697,0.17585094,0.60877424,0.37588218,2.0972176,1.2582616,1.6485125,1.3654178,1.0088965,0.0,1.0091485,3.4899416,3.7608912,0.8051116,2.3492415,0.41367477,0.5851198,2.727159,0.68582076,2.1297915,0.6068162,3.3602667,1.4578093,2.4851193,1.2376481,2.8888352,0.8201969,2.0165722,0.42407334,1.3682982,1.4003545,1.3956941,0.13923627,1.3004519,3.471304,0.7741823,1.6456972,0.27101463,1.4497232,1.3343042,1.5341274,0.66964066,1.4449414,1.4120955,0.90321475,1.5867728,0.28919393,0.5854073,1.8609767,2.637024,4.071254,2.1911597,0.29708165,0.597358,2.3697028,2.0772436,0.32905006,0.21760595,1.1465913,1.5580043,2.8466659,0.33865044,1.87661,0.7066321,1.6851654,0.90718657,0.17743328,2.362821,0.8915298,1.8674126,1.7398772,1.2607926,3.941313,0.32925025,0.46770462,2.6418645,0.46996465
hidden_0_n125,0.2947953,1.8243346,0.5967137,0.18856998,0.97973895,0.2994164,0.68877596,0.563569,0.8482513,0.22592467,0.5015365,0.6807831,0.49319497,0.18012333,2.5280137,0.50989586,0.6150456,0.7678458,0.14864023,0.17209028,0.6363879,0.17589474,0.8489462,0.3388002,0.6155283,3.1723983,0.38930464,0.20073213,1.30782,0.083963186,0.35455745,0.4507143,1.0121387,1.8406161,0.43295503,1.0125693,0.4589937,0.1955092,0.5911161,0.09601062,0.89102113,0.1427974,0.819173,1.5594593,2.147977,0.8329644,2.5323033,0.04409572,1.1834764,0.022715379,1.0916638,0.3828027,0.2371845,1.201789,0.09941583,1.0626488,0.55529356,0.6330557,3.6638494,0.7793465,0.096085526,0.8008689,1.0796012,0.5712377,2.0560293,0.5706548,0.6675837,0.13703127,1.7660189,2.9652443,0.47079235,0.67895323,0.85748357,0.5162115,0.26343983,0.4915947,1.0083989,0.9727471,0.5467034,0.5460761,0.046520688,0.41784316,0.15200333,1.0427635,0.6194933,1.2256879,0.25354227,0.33746162,0.5554365,0.8366074,0.55677134,0.9376148,0.45212632,0.84462225,1.0116655,1.1986221,0.025173573,2.250376,0.29973367,2.3456767,0.9288264,0.88793,0.06518741,1.7776476,0.7007032,0.65139097,0.5746487,0.44744146,0.8664774,0.17286468,0.46910217,0.7278863,0.11541137,0.8041647,0.17030922,0.13439773,0.5627334,0.6708914,0.5357624,0.3606179,0.9989823,1.7947791,0.48381254,0.24541241,0.22230189,0.0,0.28906995,1.5467306,0.9602261,0.9392246,0.8754509,0.9103366,0.37874275,0.5507084,1.0511959,0.8172033,1.0049162,0.9799008,1.3560555,1.893915,1.1466004,0.31524935,1.7755018,0.69990706,0.050741598,0.12868483,1.886698,0.43179563,2.5046277,0.78167784,0.5492423,1.2263101,0.7821835,2.461714,0.54230374,0.5019164,0.6069466,0.65779006,0.14253974,0.3821187,0.8243262,0.20491819,0.22931291,0.52635694,0.30776384,0.032328326,1.0740525,1.8825203,0.6866902,0.57101125,0.7104306,0.19530497,0.7929414,1.3760157,0.4669058,0.1076828,1.8228723,0.30361935,1.4545958,0.92779183,1.1545254,0.48636904,1.1507148,0.64930385,0.6705427,1.7585078,0.26326215,0.9351557,0.37698704,1.368266,1.223095,0.9274454
hidden_0_n126,0.27284268,0.44825706,0.49485984,0.78688926,0.4687529,0.52540153,0.8001437,0.28801054,0.40862343,0.41528103,1.1478112,0.63336796,0.8589602,2.0821338,2.3919485,0.6037081,1.1779827,0.72913235,0.74747765,0.007905844,0.2486626,0.3114407,1.2332305,1.0664096,0.78428,0.9693569,1.296732,0.090772465,0.3953149,0.3140302,0.109983765,1.7507006,1.8113309,0.4454117,0.088310815,1.5205973,0.14661045,0.19313325,0.6931286,0.23685446,1.3185339,0.42177635,0.60633457,1.0534588,2.0726995,1.5625565,0.9186574,1.4590666,1.2103031,0.25722662,1.7632492,0.23940341,1.0431799,0.16839159,0.3294071,0.87559617,0.10171004,0.29057097,1.4241626,0.6280079,0.32621238,1.2092992,1.7534137,0.5428394,1.2722609,1.4822714,0.71772546,0.7098495,2.0573626,0.26406434,2.2628508,1.1895089,0.7318433,0.9882717,1.510541,0.0028141951,0.15927468,0.857351,1.0550084,1.9547775,0.40081796,0.6517048,0.49025872,0.3115136,0.7954249,0.3338148,0.98971146,1.0699898,0.2800402,1.2723931,1.1362253,1.0849415,0.15573798,0.26015607,0.07948575,1.095111,1.1010944,0.9075767,1.0330724,1.320042,0.40000808,0.6210618,0.8005492,1.0176173,0.6386295,0.57003284,0.029563652,0.9494162,1.2966022,0.99741495,1.0078163,0.95480686,0.79601824,0.7973015,1.7218071,0.06784036,0.5937126,0.23181382,0.5734273,0.16919954,0.65319794,0.62452567,0.5135054,0.2950769,0.4606769,1.3707696,0.0,1.0506585,0.43936935,0.03377016,0.60315335,0.28950974,0.49430716,0.7999518,1.6523321,0.7906539,0.35459787,0.88469255,1.2351131,0.685424,1.5110247,0.40508074,0.37804756,0.73734665,1.1823854,0.1395142,0.4388257,0.20724787,1.1954019,1.0427427,1.1499602,1.0433892,0.53697157,0.29930818,1.5338075,0.6415322,0.6616274,1.263566,0.043438554,1.1838448,1.349567,0.6542792,2.083092,2.0215502,0.6194297,0.61520433,0.3508138,1.1057385,0.2025233,0.4841954,0.5408916,0.2552655,0.9197021,1.0273132,0.40646353,1.2387897,0.67713696,0.2142704,0.8595012,0.83816683,0.35016298,0.47146085,1.4256753,0.88742006,0.19787948,1.1160209,0.6487738,0.14389363,0.416269,0.5761878,0.20535603,0.9256128
hidden_0_n127,0.18082893,1.7711426,0.82299924,0.27106118,0.47271264,0.20516758,0.5613542,0.20637621,0.43393424,0.28162906,0.6940737,0.33143768,0.57482404,0.20319994,0.68924475,0.86562544,0.73860073,1.2975681,0.62909067,0.596849,0.11232859,0.5524746,2.7478163,2.7793248,0.44468722,1.1272823,0.928987,0.7652357,0.34351626,0.05068445,1.3821292,0.77252585,2.0311515,1.2562902,1.1128418,0.448593,1.1633804,0.18278027,1.1485443,0.7992022,2.91145,1.1511539,0.22580205,2.7274776,1.70874,0.85403144,3.0682359,0.8053507,0.59861344,1.3865435,0.058062505,1.503821,0.47691995,0.773969,0.43333435,1.6983745,0.5454854,1.3957278,1.2132208,1.1884768,0.75710154,2.5998197,0.23774089,3.4621258,3.0826104,1.3340613,0.47020492,0.6856317,0.7177033,2.7961278,0.11190208,0.28652728,0.55566466,0.51098293,2.1639476,1.3262686,1.2227925,2.4740632,0.9695562,0.6647161,0.50069904,1.2103355,0.80519164,0.13538769,0.98025453,1.5291221,0.084210604,1.0951402,0.24721579,4.3741817,2.8411107,0.57144326,1.4784538,0.7889566,0.1880282,1.4028677,0.6632973,2.6239645,1.4551471,2.8374193,0.790178,1.6647726,1.0348331,0.68207145,0.13812001,0.22602426,0.71019095,0.82832134,0.7070125,0.73707885,0.41645274,0.3604926,0.8111724,0.2707376,0.8398396,1.4051813,4.765912,1.3492327,0.24721599,1.8647982,1.6955242,3.4037964,2.2078784,0.08136074,0.5479651,1.1685736,0.8054771,0.0,0.5104752,0.19913878,0.33736953,0.1060033,2.1388836,1.162957,0.71059763,1.3209568,2.930194,0.5167721,4.195286,0.20878918,0.5288369,0.5473351,3.732835,1.9885815,0.27455413,0.44147828,0.3325514,0.43396986,1.9994498,1.055223,0.8975357,3.835156,1.0256671,2.0495133,0.69071907,1.2140023,0.65749204,0.47955447,0.75703114,0.5016589,1.789614,0.25987327,1.4520369,0.96470684,0.29037684,0.1708008,2.371481,1.5417688,0.96461505,2.297858,0.7124702,0.63846636,0.41832903,0.66640973,1.0408214,0.13055152,2.1633759,0.36753625,1.3294369,3.0946338,0.2426982,0.17781694,1.6839807,0.94461095,3.18074,0.45224518,0.437708,0.24935776,1.2121412,0.107348636,1.4031296,0.60757494
hidden_1_n0,0.5320242,0.37934965,0.27521354,0.2590825,1.8980087,1.8771099,2.6156878,1.7367116,1.03534,0.5137102,0.29779458,0.21701387,2.3407469,0.98261845,1.2862818,2.7841103,0.82485145,0.49600247,0.59684366,0.06005185,0.7817247,0.8723096,0.9662725,0.54460454,0.5995084,1.0738382,0.11114619,0.25152117,1.9394724,0.69769347,0.90194523,0.5457274,0.96342176,0.6814138,3.114272,0.45504916,2.8433392,0.7119197,0.10211889,1.7005451,2.0719738,1.6047995,3.6686733,2.112033,0.9230511,0.8061413,0.5451952,1.3700933,0.5172185,0.48497692,1.7645638,1.460091,0.4072703,1.0391155,0.7227414,1.1784775,0.20836976,0.36640275,1.8978574,0.8714388,1.5074792,0.17016561,1.0789347,0.17627603,0.92291963,1.2150813,2.1384082,0.4780642,0.21647821,0.3653398,1.1684685,0.6410736,0.31743732,1.7266634,0.58061606,0.30147952,0.06990383,0.21937624,0.28831556,0.87358165,0.9209331,0.87842435,0.037872374,1.6272503,1.3252889,0.8217738,0.295288,0.30687147,1.1951228,1.6069506,0.22252835,0.7694551,2.3103168,0.03449085,0.2570258,0.80929327,0.37428293,0.91615945,0.56495327,2.024391,0.51056314,0.51827824,1.9689264,0.05099903,0.4333012,0.09938144,0.10691212,1.4213344,1.503332,0.7617451,0.8226549,0.42087403,0.3756521,0.075346135,2.1216164,0.44304475,0.576157,0.35918117,1.9481702,0.432906,0.22402352,0.55069375,0.060492367,1.1770867,0.062064134,2.0388656,1.1833845,2.0192144,0.0,1.417662,0.10464749,0.45595163,0.23493673,0.32384673,0.46587506,0.87389815,0.30708903,1.1196426,0.39664364,0.13251944,1.9377097,0.26732552,0.60968786,0.0148795545,2.700975,1.1137244,2.4383004,0.48970786,0.83912706,1.1643976,0.5966844,0.3538825,0.5733886,0.3681323,1.4081452,1.4525747,0.35445443,0.70919776,0.5143584,2.8064845,0.54163647,0.6433467,1.4662123,0.6752293,1.9711795,0.2699622,0.92846596,1.9455392,0.93415403,0.86151016,0.21213806,2.856704,0.07571403,1.4960457,1.3968091,3.523177,0.24415709,0.8872271,1.6768013,0.31793028,0.7739092,0.15372498,0.12418517,1.0765556,0.21381192,0.123196185,0.7130171,1.0093045,1.7092065,0.101148605,0.8036552,2.906595
hidden_1_n1,0.67827106,0.2968124,0.43296736,0.94729936,0.39739698,0.68867326,0.3034329,0.3073699,0.5271422,0.10428413,0.8982318,1.1252692,0.114253566,1.0571539,1.1512036,1.4114128,0.74907917,0.8046326,0.7477523,1.2116396,0.15092473,0.49559182,1.4005649,1.3169256,0.36246887,0.33223322,0.96942455,0.58731407,0.23007071,0.26856193,1.3470107,3.1807508,0.6648241,0.33010215,0.050961476,0.41617554,0.73204136,0.17825285,0.97218174,0.77981293,2.0922897,0.67983454,0.38797203,0.4795104,1.134706,0.81393,0.37435552,0.770611,0.90351886,0.76569086,0.5249115,0.50598407,1.1394066,1.8841248,1.0132728,2.6383636,0.8314626,1.1437694,2.2510188,0.39623412,0.3633107,0.7927541,0.3732839,2.170747,1.2610666,2.2177033,0.6440131,0.507403,1.5342069,2.9433815,0.61239207,0.3997215,1.49682,1.1686523,1.6100082,0.7719754,1.3109273,1.8105917,1.036405,1.0180738,0.27107292,0.16676988,0.40754163,0.71769816,0.4607092,0.80554545,0.2898468,0.4623291,0.3929994,0.99004835,3.3374934,0.17779092,0.46756467,0.43556547,0.042811833,0.38641495,1.0147538,1.5419924,0.0063044587,1.6262101,1.9918047,1.6267115,0.5212166,0.9015326,0.017077234,0.18742338,1.0595766,1.7786847,0.9828904,1.9041973,0.563134,0.92507064,1.2242779,0.7134207,1.1612914,0.5445103,1.5834154,0.68275803,1.174099,0.52630466,1.0675744,1.6689212,1.4805164,0.8177717,0.500091,1.2728361,1.5613716,0.27165744,0.63243073,0.0,0.73802364,0.23424557,2.1239452,0.7818239,0.44217134,0.7014877,1.5861074,0.76823616,1.1296978,0.77513534,0.1613524,0.5974339,1.6217153,1.9639646,0.78326845,0.5698767,0.25346807,0.6575761,0.85510087,1.1681783,1.0016059,0.97499317,0.08454452,0.84454125,1.2956573,0.10389056,0.43535653,1.0199614,0.6781235,0.4019141,1.0209193,0.5674288,0.9867639,0.11943803,0.9694245,0.18718629,0.63151014,1.4410057,0.47174528,0.53792804,0.8438265,0.48782513,0.7477501,0.80092186,0.54173946,0.033708055,0.89048684,0.7188314,0.5879388,1.6963629,0.62444854,0.4494374,1.7851472,0.65672386,0.6133202,0.67602324,0.3922342,0.3809124,1.4261273,0.06550695,1.1007955,0.71477115
hidden_1_n2,1.0146297,1.5586443,0.3974463,1.0449845,0.8112951,0.011577375,1.4459288,0.23785667,0.29799083,0.27726358,0.40873352,0.043743946,0.7944239,0.85223246,0.9370196,0.34196785,0.7069725,0.4777957,0.6041148,0.26648352,1.181334,1.8138318,0.87510574,0.3507578,0.05688909,0.33479792,0.12316274,0.3681699,0.40058047,0.102963634,1.6890695,0.19084823,1.2529308,0.988132,0.5005403,0.10712879,0.25353572,0.3361904,0.4615545,0.8203497,1.5225071,0.14776179,1.9460142,3.244172,1.909602,1.2348703,0.9106286,1.971888,0.32585725,0.37075546,1.6220278,0.5187111,0.06311074,3.0186067,2.530091,3.4862976,0.34542155,0.67032766,2.1720767,0.75615233,1.985061,1.3096204,0.26653403,1.5868945,2.2646155,1.0421965,1.1013849,1.8602761,0.5529838,0.5487734,2.1440434,0.56738234,0.15908122,0.6356578,0.25291345,1.1338593,0.2074095,0.66181386,0.6253391,0.6844665,0.580697,0.3345948,0.50530773,0.5112018,0.07312573,0.20721067,0.41540447,0.3057223,0.81041366,0.74092686,0.9023659,0.34058627,0.92743546,1.3786749,0.37889174,0.838913,2.1414773,0.2980984,1.2205766,2.4145215,0.14097647,0.08630292,0.55638975,0.19601779,1.1970426,0.3933713,0.23853919,0.46853623,1.4792985,1.2647057,0.50501394,0.5342895,0.17889044,0.8896945,0.33127347,1.4584105,0.2220059,0.31950912,2.3666494,0.95673054,0.6123092,0.25100604,0.8089122,0.28866944,1.1875359,0.9903464,0.41513646,1.6922541,0.918569,0.64092875,0.0,0.7971919,0.49348393,1.3867449,0.25052238,2.1096475,0.38305655,0.11007988,0.7703494,0.5940448,0.52533495,0.24021281,1.0303949,1.0308974,0.3616359,0.42583957,0.86255103,0.7470259,0.269164,0.8457742,0.4545459,0.46864957,0.06920518,1.8088225,0.8629819,0.9403388,0.8273524,1.761744,0.29327783,0.28722766,0.37423205,0.4474721,0.88948166,1.1095682,0.082582064,0.3225917,1.0889953,3.1895752,1.1945345,0.46579903,0.7887878,0.77061105,0.59799945,1.5985678,1.7929419,1.9992979,1.5250083,0.9571834,1.7855461,0.6059571,0.9688433,1.2919258,0.37806663,0.5365581,0.32639658,0.086443186,0.6427162,0.38240594,2.96071,0.22979112,0.5326101,0.41084975
hidden_1_n3,1.387444,1.9219131,0.31792077,0.7392006,1.2090937,0.97349364,0.7455858,1.3457992,0.74514586,0.28083327,0.8769425,0.9464446,1.1947037,2.9036236,0.9506428,2.093269,0.15098616,0.4191736,2.537012,2.2868755,0.5455917,0.9172296,0.1488941,0.65277106,0.8194026,0.11906399,0.82464564,2.069427,0.043873552,1.544086,2.5999525,0.47062212,0.14954135,1.2207384,1.2946098,2.6392996,1.250907,1.4777242,0.9927563,2.349549,2.0970984,1.4971981,0.10244421,0.43426648,0.32884368,1.8908502,0.07535494,0.9327278,0.41581917,0.45465663,0.5239252,0.6370873,3.5857198,1.0222124,2.5669277,1.7801584,0.9924727,1.8935896,0.49067122,2.4838147,0.9219794,0.7873542,0.85062087,3.1573174,0.95114726,1.3794923,1.0810508,1.2000264,0.12133927,0.201913,0.7851581,2.0038946,2.0357804,0.20774888,2.4281976,0.07324608,1.5134225,0.8147503,0.8794598,0.3689649,1.0707277,0.85586035,1.0223379,1.0328848,0.11840031,0.009711286,3.0200925,0.66158617,1.5638459,1.3424127,2.2622702,0.61538017,1.2629237,0.2004739,0.112948254,0.24215412,3.2945042,0.3968266,0.22729182,1.3939892,0.9490523,0.82392234,0.3187294,1.7634385,0.35886255,0.3518533,1.4228728,2.216914,1.2655001,3.2160182,3.6507428,2.2066262,0.9360923,1.0911413,2.3538544,0.6773748,1.6620992,2.306382,0.23843323,0.23478736,1.2686279,0.58381635,1.2377123,2.0457602,0.21923512,1.6487861,0.20209526,1.2260069,2.4616084,1.0211458,2.7680466,0.0,0.9002448,0.5766775,0.6801511,1.7607144,3.1623921,0.8221044,0.3057865,0.9170394,0.8223358,0.5421757,0.7570814,2.5369725,0.56510645,0.3933643,0.63650036,2.24666,1.9750426,0.22398977,1.0417008,0.24495807,1.8941655,0.24697545,0.7267033,1.2074572,0.17132431,0.3599144,0.8211914,0.730637,0.24253033,1.0280349,2.2649844,1.4173671,1.8150618,0.11403081,1.4502274,0.8150059,0.4134412,2.9338987,1.4004076,0.32853043,2.8795662,0.58399546,1.7274671,1.358629,0.47565642,0.99238956,0.6550412,1.2232996,1.5776069,2.6311927,0.7629573,0.23251116,2.7408407,0.6098934,2.0719237,0.64305687,1.543722,3.3011289,0.35183093,0.39852595
hidden_1_n4,0.42227575,0.11116027,0.35879484,0.7487152,0.47631437,0.18595088,0.31046286,0.08182036,0.60272175,0.46109384,0.10516763,0.2572787,0.73998785,0.21976744,0.60755616,0.56088156,0.6705147,0.8823566,0.96509886,0.3047653,0.117898494,0.110762365,1.6602601,0.8801261,0.68019354,0.39054114,1.4773873,1.568695,1.0819633,0.37522206,0.3212506,1.572864,0.24626765,0.44944927,0.2806193,0.5509084,0.64055204,0.28968248,1.1821283,0.21453857,1.2702638,1.4598969,0.2180139,1.1602927,0.38250256,1.4597238,1.1473943,0.57460415,0.8264973,0.45671508,0.5271559,1.3239392,1.5006725,1.0182978,0.12738274,0.7039272,0.5404814,0.8404055,1.3986762,0.19127193,0.14953753,1.3828205,0.45709863,1.1769518,2.127551,1.0235078,0.32454845,0.6922799,0.7481415,1.8574632,1.30947,0.42773083,1.226457,0.66673857,1.7500639,0.18005249,2.4179032,1.7831521,0.5982471,0.1654258,0.28926966,0.72468644,0.21968563,0.8295757,0.16039287,1.7429533,0.29313248,0.7850376,0.20123668,1.5226705,1.9066371,0.30083635,1.8332466,0.33079132,0.7240723,1.8675134,0.20329233,2.9017327,0.21194296,1.273755,0.97155935,2.0455165,0.79481065,0.7322081,0.48231277,0.507547,0.795709,0.68556565,0.51962155,0.3469917,1.2275591,0.61617076,0.15838957,1.0110601,0.29130843,0.25311103,1.16912,1.1536932,0.056084692,1.3248332,1.2283967,2.1800742,0.64351267,0.104547314,0.45343658,2.2644455,1.2290922,1.5405171,0.4771767,1.5963601,0.47196114,0.33028412,0.0,1.386025,0.46903756,0.64970136,2.353845,0.102330096,1.6374646,1.1531048,0.35056555,0.38778797,1.2340348,0.76601005,0.28935927,0.77288836,0.45340937,0.15741998,1.2729893,0.14871466,0.28062093,1.4434055,0.24175765,1.0687134,0.5882912,0.47501832,0.73054236,0.5286186,1.8461188,0.8360685,0.6812093,0.31259564,0.70278275,0.61972874,0.26814815,0.059055544,1.930466,1.1077883,0.58924866,1.2997538,0.5521943,1.0343376,0.13736644,0.7786908,0.83355176,0.27723977,1.4125384,0.36891443,0.61790514,2.4795942,0.30358586,0.32717207,1.426657,0.4814234,0.8028129,0.21275927,0.40280202,1.9080648,0.23231143,0.92809427,0.47093388,0.62321705
hidden_1_n5,1.5877343,0.634028,0.89217603,0.30867228,2.2288842,2.1481724,2.2577858,1.425216,1.4401548,0.37541318,2.5260842,0.066186555,2.8837547,0.35712922,0.93620604,0.76872855,0.20357217,0.6461735,0.5472354,1.1121167,2.265002,0.6024403,0.8381092,2.3497603,0.5024699,1.5196902,0.29700336,0.1181344,1.5353982,0.96773565,1.3697954,1.5628139,1.6485598,0.031224288,1.5286971,1.0246371,1.0300437,0.4667371,2.7244723,1.8844603,2.5596738,1.1457765,1.4299667,1.2728078,0.1579383,0.5495029,0.16438222,1.6691685,1.2142745,0.6063126,1.3736836,0.9019187,0.32461235,1.6654533,0.30100375,1.5498804,1.5360007,0.6776073,1.3359535,1.522422,2.4617326,2.8963075,0.7870622,0.60376537,0.34944478,2.090567,0.72636074,1.4196142,1.4898452,1.6031948,0.25132474,0.04179863,0.78784853,3.794744,1.6544435,0.7629681,0.43668196,0.6035063,2.5017467,1.0685918,0.32227755,0.9740755,0.95067215,1.7266316,0.63220656,2.3472393,0.42216277,0.57575154,0.67121327,2.953154,0.19269499,0.86313915,0.9017047,0.13790593,0.105231024,0.85755086,1.9178911,0.49964505,3.596062,1.495907,0.54437387,2.2158358,0.7539021,0.857686,0.092654,0.43672878,0.48432845,1.7088579,0.2587662,0.6680237,1.4973063,1.4050412,1.7865685,0.7128274,2.9260654,0.81608206,3.8458939,0.18622978,0.7836054,1.0531014,0.56776196,2.2449536,0.123728774,0.7787167,0.60288966,1.0963097,0.18763319,5.451599,1.2231842,1.2815458,0.46011612,0.28297618,0.6472058,0.0,0.61044073,0.50684637,0.48983124,1.5406756,0.38933638,1.382776,0.2472333,0.39247772,0.5672084,0.26089907,5.5192823,0.5660277,1.9504662,1.015005,1.9975255,1.6747456,1.7360818,0.6913314,1.6132834,0.15438864,0.9068108,0.6089803,1.3723923,0.41309696,1.4138122,3.4084167,2.7052464,1.4779778,1.5765655,2.2817516,2.8987436,0.40915725,0.8826097,1.1011385,0.56526816,0.97404784,0.3846397,1.9340407,0.7281727,1.8610367,1.2211565,1.6423931,1.7195861,0.5869348,0.78411293,1.4295344,2.0387795,1.9565594,1.7068595,3.3020787,0.82801515,0.23046365,0.75804794,0.9022943,1.1658274,0.31873453,0.7878686,2.753158
hidden_1_n6,0.709463,2.130454,1.5458671,1.1877745,1.7960193,1.6634505,2.9484453,0.99677444,1.5545671,0.33225688,0.44469532,1.3829963,1.0242268,3.0911343,0.6378886,0.96039116,0.1979694,0.7316376,0.58394104,0.9894322,0.7267573,0.44779274,0.85710114,1.1223513,1.4686471,3.509152,0.8886243,1.5919819,1.3729353,0.9553303,2.0907595,1.7162379,0.16510007,1.5959612,1.0260497,3.8498118,0.9767391,0.88913375,0.90383875,0.9607989,2.447231,0.3161874,0.40085432,0.12862132,0.2787294,3.9759471,1.2997276,0.48453757,0.32649395,0.6180185,0.20462862,0.71396196,2.8637853,0.34170035,0.6800797,1.6659677,1.2591827,1.5756841,0.08772652,0.3361846,1.7209986,0.999503,1.2023375,0.22178386,1.6712092,1.801265,1.9080609,0.10102968,0.15637726,1.2032615,0.87800086,1.2012746,3.0947847,0.5095493,2.8697038,0.5388335,3.1632328,0.54618865,2.7286031,0.8530301,0.22568655,0.70468426,0.5263934,0.6578189,0.90816987,0.39534232,1.974675,0.95172685,1.7695959,1.3043413,0.30260018,1.2912725,0.6573045,0.75327,1.7942086,1.1510391,1.9918073,1.7221069,0.53923184,1.6929579,1.5902079,0.77546495,1.1388613,1.9820695,0.7394929,0.41184,0.20403004,1.5927664,0.12333587,2.312311,0.7698777,1.1130574,1.7377851,2.828982,1.3129543,1.1555847,2.4468474,0.8389725,1.4882742,1.2021767,1.9644593,0.43797204,0.47248173,0.8349909,3.9295015,0.7982233,0.57002306,0.6426465,0.60796684,0.9200551,0.23939954,1.2233044,1.4398558,0.9849454,0.0,1.2224655,0.3789926,1.6534319,0.111418895,0.5061602,0.77767855,0.35929957,0.5111624,1.2378191,1.3123537,0.28116012,1.9744725,1.0699503,0.11682794,0.7229136,1.475652,0.16612417,2.7733004,1.3598932,0.40236586,1.448995,1.6976552,0.50212973,1.2505056,0.71812904,0.4378176,2.6770072,1.4246017,1.1458837,1.9914966,0.9060037,1.3544075,0.23875087,2.360272,1.5320225,0.6763099,0.5402505,0.8084018,0.77372277,0.32888582,1.3465565,0.40042704,0.8706925,0.42567918,0.3512373,1.5822507,0.99318314,0.5325541,0.052871842,0.5834776,0.45808327,1.3778942,1.1894859,0.52643615,2.4305787,0.5599083,0.4231562
hidden_1_n7,0.69148254,0.29958174,0.14105089,2.0435205,1.3646626,1.470258,0.8934586,0.042240642,2.1403382,0.46224734,0.8689302,0.7597492,1.2901745,1.8873887,1.328433,0.41985118,1.1606375,4.319114,1.1669247,0.0050147697,0.19465739,0.4985992,2.645181,2.8810735,2.8340993,2.6094427,0.9872865,0.8249716,1.947269,1.3089494,0.649189,3.8321612,5.150568,1.0857047,0.7509179,0.60245055,1.6875246,0.8375443,0.037219003,0.6971997,0.48403442,2.5634656,0.88702536,1.4435549,2.1823158,1.047363,0.71820945,0.23759888,0.97128254,0.3641091,2.6641262,1.4941187,1.2177371,0.9863974,2.176117,0.61001635,0.15408835,0.99863094,2.1592433,0.89512455,1.1400139,1.1867138,0.96141464,3.3692548,0.39919522,0.94322175,0.9467338,0.65111643,0.78649473,1.2966262,1.7621063,2.8606713,0.17618218,2.7365842,1.3725238,0.17584127,0.7255917,2.01016,0.57373065,1.5222559,1.7625054,3.3570354,0.02218763,1.3496908,2.183433,0.5020677,0.14461799,1.5608851,0.06547709,1.0925034,0.8685231,0.83983165,2.19006,0.58672744,0.25054154,0.59219635,0.6511753,0.79879993,1.6023319,1.223458,1.7185631,1.7096542,1.3885416,1.2433859,0.07806688,0.7545122,3.3580527,0.0104461545,0.5405989,1.1705958,0.7459092,0.18347654,1.7862824,0.031379174,1.2949798,1.6408738,1.9305878,2.6079946,1.485616,1.6477363,0.4549942,0.16024591,0.92716056,0.48367164,1.9801286,1.0013152,0.6306502,0.54064786,1.5452898,0.31473675,0.38658836,0.8057906,1.3278017,4.5240064,3.0580482,0.0,3.1535304,1.4218569,0.55334204,0.28997704,0.7587591,0.891179,1.3158908,1.0442342,2.2585027,0.81922597,0.45198327,1.6839207,1.2920748,3.4452312,0.89836717,0.8645709,2.186168,2.457358,0.23154192,0.6701977,0.6702598,2.0707881,0.83765584,0.5557555,3.4723153,2.5372245,0.5385167,0.8271154,1.1294482,1.2955556,4.2118897,1.0540361,0.46481043,0.7779598,1.3612871,0.92420787,0.3103184,1.1144251,2.3214319,0.120171525,3.9860954,0.6949605,2.1559708,4.062768,2.586161,0.7914304,2.8810124,1.3418552,0.34767285,0.72295433,0.5602961,0.32642686,0.64763695,0.33232865,1.0754646,1.1102655
hidden_1_n8,0.2704873,0.55816984,0.4157196,0.3256825,0.04369636,0.72848964,0.06718167,0.32745978,0.18491209,1.0295107,1.9172485,0.19898058,0.59013414,0.6354911,1.2223628,0.4762794,0.28776336,1.5743278,1.0494618,0.5771259,0.44105852,0.38724667,0.6440926,1.1810874,0.7082305,3.8068562,0.4351616,0.84099704,0.052955832,0.4176183,0.22916791,0.30456486,2.2969143,0.98736304,0.5844011,0.9170578,0.12941049,0.51960236,0.93905497,1.8453487,0.21983074,0.5317707,0.70406795,1.376378,1.6680228,0.93610394,0.667883,0.6611792,1.576747,0.71882856,0.98817223,0.3182802,0.3049097,1.2991213,1.0034113,0.6942448,1.118605,0.2993939,1.4423879,0.681518,0.26956043,1.859572,1.0933658,0.88941854,0.53051215,0.47589317,1.4908314,0.54942584,1.2430974,0.6088328,0.3591709,2.129388,1.1860117,1.2926568,0.25388077,1.1442968,0.49105334,1.1673309,0.8480578,0.4907445,0.46423814,0.58005613,0.9026956,0.05786192,0.5142909,0.8797608,0.31728014,0.87099606,0.20533052,0.84807366,0.29302287,0.37398118,0.65937394,1.4419152,0.96750116,1.5850511,0.47297508,0.7586485,1.7377423,0.9884864,0.117488615,1.5494239,0.10695217,0.5704559,1.0231057,0.6701967,0.9971716,0.61290336,0.59355897,0.31905568,0.9329609,1.7006435,0.7427148,1.0825412,0.87590784,0.8837268,0.31655806,1.0489926,1.210863,0.87477016,0.32545483,0.2209944,1.290788,1.784285,0.42964166,0.2675106,0.1754604,2.3411937,0.27754092,0.43600327,0.15728652,2.8779676,1.1138304,0.4598407,3.6557229,0.93027484,0.0,1.5089768,0.3140841,2.5202038,1.2689614,0.11535744,0.37277597,0.20775059,1.4919767,0.13811101,0.5724432,1.4934582,0.40822884,1.6482582,1.1026186,0.56314266,0.97033554,1.8733187,0.78272474,0.72522604,1.8752522,1.6768836,0.54026705,0.085902676,1.9785848,0.6115516,1.8835542,0.1608563,1.4899567,0.28550562,0.84935063,2.0577888,2.062431,1.0174453,2.59606,0.38928294,0.31340188,0.8496907,2.1302557,0.9581293,0.8608382,0.267693,0.57810515,2.131473,0.3064654,1.7642319,1.5449581,1.160709,0.7722252,1.0343981,1.1296854,0.29049966,0.587274,1.5793966,0.8136282,0.2703019
hidden_1_n9,0.115689546,2.655964,2.0516484,1.1173897,3.336159,1.563446,1.1084085,1.1214875,0.25507256,0.92797333,3.8501017,0.8476151,0.1095413,1.7287434,1.096827,3.3616264,0.2503759,0.42538878,0.5974762,0.09938618,0.5616609,0.30908233,0.34080887,0.23499846,0.060353145,0.63993293,0.3306136,1.9572588,0.6543322,0.2536073,2.096693,0.7851589,0.22479957,2.496681,2.7265954,0.495511,0.4231348,0.7054196,1.8738337,2.013159,1.9174927,0.020767996,0.072703086,1.1474377,0.8669042,2.2461624,0.5281524,0.14252436,2.259589,0.60110015,0.1746093,1.0681729,0.95844096,1.3571993,1.0975027,1.8658607,1.5786408,3.4734695,0.73089284,1.5889449,1.0489168,1.2729566,0.4945197,2.047842,2.8666418,0.30241692,1.7518009,1.2826526,0.0840886,1.1340779,0.4433347,1.0482647,0.57928294,0.24551408,0.42768642,2.0434198,1.8156357,0.45009857,0.63371354,0.5722256,0.14017153,0.7858925,0.37225825,0.3159939,1.038711,3.0962481,1.2969806,0.15485321,1.0193713,1.7442081,1.3537009,0.3874453,0.3134852,0.39004755,1.2100728,2.1641693,3.3352413,1.2125608,0.25533605,1.8811692,0.81651425,2.6837583,0.37165597,1.2509577,0.66030806,1.0950625,0.69770646,1.7545942,0.5914296,3.5012684,2.02477,2.2204683,1.3842161,1.5339065,0.73813105,0.30918297,0.7038939,0.9068071,1.0788419,1.001985,2.029823,1.9781609,0.87799037,2.4276311,0.80366254,0.8369554,0.3721665,2.6186135,0.38042116,2.2187042,2.179553,0.62706697,0.9312312,0.4472024,1.6577138,0.8977468,2.8407183,0.0,1.146764,1.8664472,0.9811882,0.28106663,0.5876125,2.8967063,0.51589394,0.251416,0.17863768,0.6501994,0.38689324,0.39940855,0.55361944,0.84246576,0.82201827,0.6109192,0.68000615,0.38544008,0.2944908,0.13084018,2.8189776,0.044804785,0.44142032,2.0032818,1.1272618,0.5775844,2.7673197,0.5085955,2.2212794,0.28195137,0.8452197,2.1423402,1.0052594,0.38377944,2.628615,1.5115944,0.5637219,2.4074678,0.11879797,0.30456442,0.1678706,0.7364949,0.49720153,0.028170586,1.8629864,0.4866546,3.9478948,2.4005558,2.506315,2.201834,1.0671517,3.039416,0.42413256,0.19529085
hidden_1_n10,0.36035934,2.9095309,1.0120252,0.15960146,1.0858655,1.0211694,0.506742,1.2442149,0.47406766,1.496283,3.0108511,0.7483945,1.2130579,0.4764503,0.7718962,1.0756313,0.62141967,2.5887847,0.096076466,0.3532828,0.9056339,0.226019,1.0534376,1.7944604,1.026529,2.2398343,0.38843507,1.0238473,0.4871132,0.7804624,1.3387696,0.509352,0.47139183,1.2099482,2.9368253,0.108370975,0.26659545,0.6804377,0.77356,1.6675048,1.8648831,2.456571,0.7153822,1.2781105,0.40871304,0.9076235,0.44061983,0.5901692,1.2482449,0.3133372,0.18297477,0.42189145,1.3692881,0.51731384,2.5675676,1.318156,2.428212,1.0693837,0.4678595,2.135811,0.581283,1.5151552,1.0396328,4.3895297,1.5239838,2.3889225,1.7230068,1.0269029,0.2649414,0.5477198,0.46131712,1.0386654,1.0217452,2.1623106,1.7649953,0.844589,0.536411,0.19992404,1.2859865,0.27446756,0.063371725,1.1500695,0.4388385,0.16383578,0.7622233,1.4755969,1.0043099,0.38511005,0.4262221,1.7364045,1.3161522,1.07643,1.2145252,0.3708732,1.6753058,1.3976395,1.084701,0.55995524,0.4265056,0.49195835,0.6800867,2.2315187,0.24571529,1.0308386,0.7197189,0.42292273,1.0595919,2.779517,0.48991564,0.7024451,0.20227149,1.7164038,1.1785212,1.1067965,1.7673006,1.3573595,0.9424208,0.6129309,0.39523828,0.96385646,0.8565029,0.38929686,0.28261298,2.0729012,0.16730209,1.1480932,0.97524524,2.1350574,1.5960739,1.6785887,0.8038788,1.9010789,0.78096265,0.2624684,2.8591301,0.58895963,2.8844438,1.4822037,0.0,1.8614091,1.0051695,0.15976277,0.3814306,1.7497134,2.323655,0.23745117,2.7743323,1.3175356,0.8632379,0.93729657,0.7270623,1.4483514,0.7726213,1.6409357,0.8478155,0.75729257,1.2185341,1.3406981,1.2161816,1.0429187,1.7014878,0.3278359,0.30167076,0.074691005,3.8093066,0.60155547,1.7639765,1.287134,1.124967,1.0871934,1.9290082,0.31391013,0.61926115,0.3380965,2.3006463,1.731215,0.7443534,0.065181516,0.3579528,2.4981406,0.24836585,0.47817215,2.1517737,1.0454152,2.8917415,1.0138289,1.0609893,1.3771919,0.24456358,1.9433609,0.3216809,0.8703671
hidden_1_n11,0.5278378,1.9110498,1.772936,0.5640611,2.5669606,2.474786,0.39605767,1.6389633,0.71216816,0.09204064,1.8343571,1.4510443,1.6215322,3.53669,1.1070548,1.9772338,0.35940912,0.9668705,1.757622,2.0244992,0.3844861,0.82323015,0.60080045,0.29822567,0.35334828,1.479041,0.7020612,1.508417,0.576374,0.6237459,2.2189229,1.8760453,0.39323342,0.30441347,0.7459225,2.1678872,1.1832938,0.5744328,0.9939891,2.4271836,3.7044444,1.0142535,0.21618144,1.141059,1.2889634,1.4385116,0.65404814,1.1381772,0.75934356,0.36467773,0.07390885,0.45684636,2.8843458,0.6185032,2.4437132,0.6376454,1.3611404,2.9056327,0.41768607,1.8127071,0.94523543,1.7440076,0.30637467,2.728847,0.24724032,1.985011,0.7118953,1.1364146,0.97896075,0.6183981,0.15733503,1.9459999,2.3013945,0.36977032,4.3743687,1.2016122,1.3426523,0.42689452,1.7862948,1.5958841,0.5368503,0.14928302,0.7303054,0.83741176,0.3303679,0.35892668,2.6809115,1.1965989,1.6058656,1.9364201,3.9972243,0.61205256,0.6258135,0.5607625,0.60513514,0.08675207,4.1051626,0.14474924,0.23516855,1.1492655,1.5509868,2.059515,0.26853788,1.1577781,0.27709058,0.22027378,1.0015938,1.663273,0.44204664,3.7113311,1.7226503,2.9471135,1.44976,1.2919147,3.1813245,1.3553822,4.096095,1.2154936,0.3735806,0.5430029,1.7759796,1.110477,1.4446161,1.7478225,1.3344646,2.1776655,1.5351714,3.3612964,1.8485609,1.0117543,1.7859842,0.35923773,1.263317,0.5478312,0.22828189,0.49519813,1.9114872,0.5509412,0.6606844,0.0,0.44564947,0.34023526,1.4400772,1.7369918,1.1801713,0.11795418,0.9748971,2.170141,0.82569474,0.2698087,0.8756443,0.95115036,0.28963953,0.65545076,0.57648927,0.33297014,0.27022567,0.0624096,1.4820603,0.11396285,0.3552942,0.71658164,3.0282435,0.99416137,2.3609538,0.13236903,0.81880575,2.1095083,1.1651345,2.0747786,1.049326,0.014733856,3.2981088,0.32881394,0.46074608,2.1199043,1.7333176,0.1046258,0.90654534,1.06928,1.2026886,1.7678831,1.1263118,0.24297856,1.9410022,0.6810913,2.6146812,1.070861,0.9274288,0.6009768,0.13088517,0.53107905
hidden_1_n12,0.0527783,4.17242,0.9487547,1.4450312,2.783991,1.5280178,0.3752909,1.2931055,0.90803355,1.221234,2.5554526,1.6540753,1.1765771,2.8729053,0.44618234,3.2142854,0.6799079,0.36619776,1.3783604,0.5978939,0.5255678,0.24084032,2.5002398,0.7959011,0.31650606,3.4476159,0.7465933,1.0390016,2.9440022,0.4080337,0.8365393,0.2651919,0.7142799,1.7101187,3.184072,1.0837592,3.3401167,0.25328708,1.3704027,0.7921763,1.4279934,0.07904459,1.1321696,2.297216,0.06637301,1.7735955,1.5820227,0.24184425,1.3316891,0.99224955,0.22157572,0.4966661,1.1871887,1.3126634,2.248699,2.198057,3.6965332,5.342799,1.87846,1.5071206,0.53110003,2.1639507,1.9773489,4.136948,3.3470557,0.20845346,2.229744,0.9467943,1.724661,3.1589053,0.42727503,0.30969474,4.2658935,1.732765,0.14110917,2.978952,3.3434277,1.969281,0.6105231,0.6695039,0.23426574,0.69617575,1.1918223,0.45376396,4.3945093,4.1164117,0.8380884,1.722084,0.78025436,2.0581937,2.6136906,0.2950897,0.77122027,1.3798846,3.391577,3.9260879,0.4269524,4.365062,1.04066,2.5030968,1.1997885,3.9414053,1.8321729,0.8898279,0.81512225,1.2862141,0.18634395,0.8682129,0.57259387,0.9084055,0.40184614,5.017609,0.40409836,2.0915883,0.75270015,0.316776,0.75964606,0.70596516,0.674589,1.5214404,2.7767308,3.6384835,0.33694002,0.8250285,1.0548507,0.46079558,1.7349488,8.545377,0.414179,4.030147,0.41561887,2.3102353,3.3357236,0.45722777,1.2074298,1.8472526,1.6992472,0.21427019,2.801379,3.969221,0.0,0.09846612,1.9590517,2.092224,1.1346306,0.62160444,0.5556543,0.8407451,0.37007913,0.31215698,0.09417027,4.205473,0.962224,3.5185916,0.5459882,0.35082045,1.3146765,0.3577426,3.1886828,0.4049919,1.1764948,0.823244,1.2548938,0.2621874,2.9965544,0.14138117,1.8897877,2.723216,2.3252795,3.314194,0.7011075,0.45362714,0.825212,0.76933545,0.24459156,2.6573536,0.399237,0.15071233,1.0891463,1.0294183,0.49043325,1.4769198,2.382078,0.5342403,3.9793208,0.34176728,4.0532856,4.6710353,0.5567472,1.1390034,2.1298594,0.83854353
hidden_1_n13,0.84620357,3.7478566,0.58649826,0.46148956,2.6316288,0.9846292,1.5503482,1.3180363,0.36419636,0.29748002,1.2424875,1.4326324,1.2729418,1.8790951,0.4712185,0.68656987,0.504728,0.40821615,0.4330171,1.845513,1.5194446,0.45468754,2.4777153,1.5051036,0.33672637,0.76763636,0.47037446,0.92885375,0.47080415,1.2661076,3.9342022,0.29497698,0.09596172,0.6780272,0.32002306,1.166418,0.5710574,0.23892097,1.6962703,1.8630735,2.1832864,0.06956523,0.87253034,1.8702848,1.0877897,1.1068465,2.018903,3.3484166,1.1551785,0.45363206,0.18255918,0.7799691,0.43223485,2.469448,5.0331173,3.4100785,1.3674588,5.9437337,0.6266718,2.386862,0.30025867,1.8339719,0.32444015,6.2010384,3.248544,2.129278,2.491732,1.2622648,0.38050652,1.8837705,1.1925639,0.47522482,0.77389824,0.6904287,0.60733527,1.0120615,1.0017684,0.07173658,0.44001052,1.5803317,0.68086,0.32671344,0.30734164,0.7321781,0.11551507,0.7781598,1.0202442,0.87733537,0.14960203,3.0346687,0.8257597,0.76900166,0.72378606,0.42016503,0.68928623,2.643975,2.6335995,0.76822406,0.35577676,1.0004109,1.2218953,1.8148701,0.8537101,0.30818206,0.30662733,1.3325747,0.76613,0.43880963,0.27106455,3.2596478,0.6091018,2.5828576,1.5761641,1.626181,1.5295303,1.5010905,0.79672,0.28451836,0.57356066,0.27278847,2.5619829,1.4159583,1.8353052,0.6654879,0.29511747,0.64596,2.2752943,3.2455142,0.6449723,0.79646176,0.40824986,0.85437894,0.8801389,1.5320209,0.4970898,2.567958,4.6705327,0.48154056,4.818115,1.9606501,2.340957,0.0,1.6228186,2.342893,0.73320574,0.5625203,0.3825008,0.38130867,0.21491043,1.0753025,0.5664761,3.6088078,0.04908894,3.8167543,0.5481814,1.8518696,0.35677242,1.4837977,0.54303634,0.5870761,1.1893672,0.91682154,0.77106667,1.7045224,1.869738,0.22398391,2.80909,1.6237581,1.5100564,2.4812534,1.1459237,1.9268622,1.066904,0.26525936,1.9258935,0.76796114,0.67772174,0.40742004,1.7895778,1.202621,0.37917632,0.8151633,1.576234,0.2731947,3.1314907,0.30729973,2.6494548,0.8911389,0.48436344,0.2713386,0.03147954,0.41243133
hidden_1_n14,1.1331241,2.2760868,1.5715774,0.50807756,1.9674388,1.442825,0.11453876,0.8914666,2.1870382,0.3195803,3.6689699,0.3035926,1.8741113,0.81671375,0.4007416,1.1354511,0.2631126,2.0378814,0.8609971,0.7656261,0.35962227,0.9695976,0.9576956,1.4513617,0.8062502,2.5255756,0.6618606,1.7161993,0.5699893,0.6544995,1.2891741,1.3715637,3.3588247,0.59858483,2.3122535,0.32593197,1.3763692,0.95214075,1.9449823,1.7900107,1.0034463,2.2844384,1.4954494,2.6820116,0.9588979,0.07488989,0.2601338,0.39548647,2.260399,0.9621623,1.0240836,1.0690594,1.1999583,1.311171,1.3874412,0.7830202,1.4059591,2.7446814,1.8453778,2.737984,2.128388,4.8138475,0.976898,3.6428928,1.8907592,1.0997055,0.54277277,2.2463727,1.4564458,0.1078868,0.2044895,0.9505477,0.3710829,3.3185766,1.5733548,0.78265184,0.19238108,1.1816565,2.556764,0.37221992,0.6184969,2.6974235,0.098253526,0.5268947,0.5960065,1.2652581,1.0357249,0.8715178,0.50020784,1.8312755,1.1930752,0.43692732,1.2440292,0.6207696,0.32646474,2.5822055,2.056816,1.5286684,3.642049,0.66059786,0.5400588,2.200809,0.11356112,1.88305,0.9821013,0.95049804,2.861595,1.2389456,0.032562952,1.0052882,1.1531379,1.7564343,2.7648242,1.1142223,1.2997091,0.54686016,2.548599,2.0441828,1.0792714,0.61429995,0.7815483,1.414876,0.1327204,1.4104456,0.7212722,0.77114666,0.19694649,5.2830343,1.2005097,1.3247427,1.8406078,1.1651942,1.1570655,0.8649268,2.4367921,1.0891258,4.4165387,1.9115572,0.6844032,2.6839302,0.50859827,0.449529,0.0,2.6595905,2.1163754,0.11080563,0.58872205,1.7455064,2.2433205,2.10031,1.0893228,1.0891049,0.7652194,1.0208249,0.5618709,0.8345983,1.3534737,0.49894068,2.3070488,1.4685756,3.5958896,1.3401767,0.52012736,0.30703482,3.4564543,0.31917593,5.480137,1.8663856,1.395513,1.9500524,2.0174866,0.8386761,1.0127228,1.0128732,2.5143008,0.5099231,1.6873213,0.12693426,1.0153098,5.4087677,1.1982148,1.5808861,4.5929503,1.9695345,2.5927482,0.2456675,1.1001651,0.95675075,0.33431515,1.2436122,0.19416995,0.7358396
hidden_1_n15,0.81341153,0.076248094,0.39399582,2.041575,0.34027857,0.15607417,0.28936324,0.1690369,0.35526547,0.2300008,0.14215755,0.10380891,0.0069561303,1.2579944,0.27974445,0.3492931,0.35884154,0.43153754,1.4647567,0.44569027,0.40315473,0.31771865,0.4228528,0.89699024,0.96013194,0.49484295,0.30660322,0.36372766,0.13181348,0.3468346,0.25287792,1.169969,0.44257435,0.1986862,0.36204603,0.8528792,0.047115497,0.722671,0.10100361,1.2985076,0.66591674,0.15659621,1.1353593,0.123745345,0.3365647,1.7753451,0.01056637,0.71054846,0.3373146,0.44672278,0.42439497,0.3920243,1.5865834,1.6433411,0.33651963,1.0487661,0.33397484,0.19593541,0.7982763,0.3325708,0.59629923,0.09499593,0.8557889,0.26382732,0.6663775,0.33623192,1.1759099,1.0851895,0.59950376,0.46247467,0.19235675,0.97021174,0.5202082,0.09417745,0.11451754,0.86381155,0.112913124,0.4229175,0.30015567,0.15481171,0.4478423,0.4281439,0.9261969,0.28403533,0.84560263,0.20636798,0.49189073,0.025266377,1.252368,0.15831101,1.2763507,0.018657526,0.47802845,0.75037485,0.33843905,0.114505984,1.0153233,0.059945744,0.79880226,1.0152788,0.32968566,1.1980611,0.28243557,0.6069864,0.2930575,0.7786795,0.37598807,0.70352924,1.1508232,0.91769516,1.6759694,0.46723032,0.63906646,1.3795048,0.75473446,0.9015559,0.30698994,0.6028877,0.7986814,0.096782714,0.2611385,0.342097,1.5382667,0.47746083,0.19468321,0.65890807,0.1845954,1.3290635,0.082673706,0.54209924,1.0767115,0.83341944,2.5819328,0.66930467,0.7296179,3.3649607,0.3277123,0.66026163,0.20227145,0.49330443,0.52019894,0.22689496,0.35784334,0.0,0.23773983,0.5152485,0.29924726,0.47331464,0.83711725,1.1325884,0.16143075,0.1022549,0.28566444,0.9712526,1.2269679,0.7712013,0.52247316,1.3697698,0.6820867,0.92338306,0.9227963,0.79409415,1.903893,0.41040805,0.17373736,0.73124117,0.7490988,0.50198275,0.5441042,1.365654,0.20433961,0.072759524,1.2372864,2.0197332,0.61248666,0.9778318,0.5275157,2.1156366,0.51289564,0.86399543,0.23733796,0.20955929,0.5987458,1.1076581,1.4528089,0.473929,0.7784906,0.5920542,1.9732214,1.1461658,1.7392532,0.3235924
hidden_1_n16,0.45180625,0.338322,0.799213,1.6380128,0.46931025,0.7591305,0.57485414,0.5321781,1.3589858,0.27329534,1.0377382,0.78666055,1.2962142,0.2778577,1.559341,0.15807547,1.0672778,0.6935198,2.2877138,1.0388312,2.7477725,2.9856198,0.730881,0.34583375,0.32689053,1.3433471,0.6420996,0.7241988,0.38092935,0.21292531,0.4965071,1.2489868,0.038326267,0.42324844,0.20551415,0.7142704,0.33554733,0.2567021,2.5415463,0.22645748,1.43852,0.26605693,0.8072468,2.0587316,0.36931857,0.73515964,0.27883384,0.8517215,0.48179147,1.1958579,0.4941279,0.33843258,1.3567617,0.6611284,0.11125401,2.1585357,1.6440823,0.09298357,0.575802,0.7118024,0.3585733,2.0931113,0.80940634,0.5279056,1.443466,0.5301641,1.6416132,1.3190526,0.4576122,3.0480876,1.3116949,0.5079949,0.16175343,0.5749497,1.2191664,0.34405342,0.29851085,0.5588707,1.2474791,0.7728366,1.8386286,0.32604593,1.6079955,0.50362855,0.13563463,0.29924703,0.43423262,0.62995905,0.6446355,0.5669819,0.21710138,1.7421354,2.2859232,0.34361053,0.6424408,1.891947,1.9343172,0.9317681,2.1613486,0.12667568,1.2161785,3.1897392,0.78887355,0.13324922,0.9845632,0.14860557,0.18513982,0.774242,1.2142627,0.5136952,1.4665619,0.53025067,0.3617935,0.25936913,0.62488616,2.058928,1.5439029,1.3302605,3.6066787,0.23621653,0.8392536,1.8872974,0.93140215,0.20599654,0.521676,0.85811085,2.3395207,1.0230006,1.0724281,0.28087622,1.771963,0.72818726,0.2465058,0.3194633,1.0399477,0.073030725,0.5752023,0.5629093,0.8123055,0.33439872,0.57084936,0.34195563,0.24200869,0.21322098,0.0,4.034005,2.032696,1.4321408,1.0672145,1.5680954,0.17486541,1.0528615,0.092198886,1.5788802,1.53226,0.88970673,1.6140357,0.4104827,1.0249449,2.3521748,0.64513814,0.34173283,0.20957118,1.804149,0.6101553,0.18332297,2.1395779,1.9327242,0.940099,1.1540179,0.78122914,2.004756,2.1154683,0.7406027,0.46330652,0.19517338,2.1357472,2.9379086,2.559844,0.7580284,0.879592,1.5045532,1.0803684,1.468651,0.7296069,0.0063971546,0.09124082,0.19420563,0.5726017,0.80555,1.6364968,1.9306657
hidden_1_n17,0.63251823,0.6500429,0.5362066,0.4440132,0.5589228,0.97688705,0.34493962,0.8835151,0.37788364,0.11309952,0.9119905,0.34276628,1.3401947,0.464705,1.5431141,0.55548793,0.04910235,0.18127806,2.1495106,0.39933264,0.4188162,0.614097,1.2397621,0.23209664,0.411617,1.8952754,0.662369,1.4858875,0.21471716,0.88547754,0.24014182,2.063901,1.1988524,0.36102054,0.60608804,0.26923156,1.1661595,0.686235,1.4059509,1.1060075,0.053003248,0.13388385,0.3015307,1.733223,0.1982082,0.31923625,0.47713333,0.42703134,0.6410306,0.8239984,0.6128659,1.3927354,1.1094264,0.36540452,1.145656,2.9516788,0.69908506,1.0190563,0.86106354,1.0441029,0.6976913,2.3813071,0.63449097,0.33582905,0.8123254,0.26653114,0.25461042,0.11319804,1.8705242,2.0472806,1.60373,0.5036455,0.60450333,1.1155704,0.61958337,0.87377346,0.30137855,0.5671606,0.47808808,0.33540258,0.6092589,0.06189998,0.2810586,0.30570304,0.5817653,0.5192028,0.5899284,1.3066243,0.30961546,0.42609626,0.7343293,0.4016594,1.0016003,2.9443092,1.0713636,2.0944338,0.6853231,1.401531,2.2875733,0.6019341,0.16159694,1.6523643,1.2259088,0.10062542,0.74192506,0.3007589,0.11300771,1.8118312,0.52048314,0.58947605,0.94715,0.86221945,0.55740905,1.6476562,0.036896855,1.0681342,0.09554111,0.92907166,0.9175183,0.97354454,0.8603488,1.5622624,0.1602816,1.2113707,0.72254723,0.4795312,0.083743095,3.9610307,0.43218496,0.2459156,0.14823873,0.4385673,0.7679382,1.8433635,0.25753123,1.574675,0.17658234,0.061550163,0.5068382,0.9738226,0.025778007,0.2748806,0.39869642,0.5322471,0.7232101,0.0,0.3396752,0.8264803,0.3439795,0.39299133,0.102028236,0.6380086,1.6655807,1.2375003,0.6894696,0.95640147,0.96545595,0.6452741,0.40902627,0.08610666,0.76977915,0.07882623,0.8980466,0.26223388,0.67861086,0.06720133,0.6332031,1.3208785,1.8794646,0.7893095,0.7942141,0.34629294,0.34441143,0.99368286,0.06535482,0.005468842,0.6418828,0.8620438,0.28317982,0.7997371,1.0900146,1.8037986,2.0446863,0.64060587,0.37876254,0.2895683,0.32962558,0.44129175,0.810729,0.49852568,0.17537215,0.31641665
hidden_1_n18,0.5647944,1.2075266,1.3899994,0.27261767,1.3979046,1.9223946,1.2650232,0.51103544,0.6428818,0.3355171,3.6629293,0.032452185,0.9298082,0.5598183,3.2282672,1.6241573,0.101370975,1.0298986,2.1087112,1.1261468,0.17404817,0.48216176,1.2750082,1.2791022,0.8684344,0.31089032,1.23574,0.42260766,1.1315945,0.732658,0.46716484,2.5940847,0.5279461,0.2810902,1.713439,0.15764144,0.69515854,0.35942996,1.5793991,1.3831668,3.1542828,0.008760754,0.8108815,0.39564925,0.8542116,0.7900776,0.6584499,0.9918469,2.1067753,1.6455127,0.43365893,1.7506592,0.09499259,0.13410126,0.7574635,0.4863062,1.3953294,1.1698828,0.35503623,1.4455707,1.2129353,1.669907,0.9174182,1.1748906,0.787466,0.69519883,0.16703273,1.065484,1.638214,0.04971695,0.13004702,0.3369515,0.22573434,2.903947,1.478524,0.33332822,0.23847924,0.71144724,0.99559486,1.3565573,0.23801474,1.0828111,0.25918585,1.2556107,0.76177573,1.7690704,0.06338606,0.6861462,0.34506077,1.5512531,0.47215152,0.14227676,0.7467715,0.28750536,1.6058996,1.9323936,2.995619,1.0670741,1.7996761,0.8851836,0.046552297,1.4240767,0.20118147,1.3050313,0.89476776,0.4756792,1.2491183,2.3330905,0.39326248,0.19377702,1.0861857,3.0907247,2.5666585,0.6958198,2.125322,0.49864066,0.91819453,0.66165805,0.820542,1.3354564,0.13556817,1.001986,0.7523037,0.78791165,0.6574952,1.0771403,0.38371673,2.3327315,0.9712915,1.725633,2.9583006,0.21488418,0.29090068,0.5405731,1.1331966,0.19372459,2.4556634,1.6823038,0.87914616,1.3140427,0.5732119,0.08150413,1.0981901,0.5825477,1.3464273,0.12630212,0.0,0.47819224,0.26711023,1.4763381,0.07043926,2.22416,0.15843545,0.090466164,2.7402277,0.5632916,0.2834363,0.75444686,1.9127694,1.4869999,1.1526244,0.00845465,0.61967933,0.12281946,4.5872297,0.5999998,1.0131016,0.19403975,0.32602736,2.620098,0.35701275,1.4669223,1.8404437,0.10972321,0.39454034,2.1637847,0.77028525,0.500615,0.8667743,2.3856745,0.84781206,0.45794716,3.2616153,0.24827008,2.9965608,0.4728412,1.1368893,1.1828514,0.17208579,0.13486888,0.5601494,0.47659275
hidden_1_n19,1.9747012,0.64857066,0.14669695,1.1498901,1.6092566,0.4756024,0.7016041,0.3136113,1.4980795,0.31868267,0.51355803,1.0970201,0.6853722,1.263181,0.059759676,1.0165395,1.8605592,0.210297,1.6072,0.6264375,0.875172,0.0757375,0.3428158,0.27613533,0.5090769,0.47478676,1.1665639,2.3667536,0.5840738,0.9471182,0.16909444,0.36639765,0.30038106,0.9760203,0.52741355,1.2606431,0.70212,0.824356,1.0732977,0.59057987,1.5343713,1.2072363,1.0078235,0.8944072,0.5264417,1.4512557,0.68358505,0.90932226,0.68570864,2.7363453,1.0274762,0.5718544,1.8752155,2.4878588,0.512608,0.9476966,2.2021444,0.2518647,0.69204396,0.073800735,1.6918432,0.84624946,1.1013181,0.094533205,1.1657771,1.6671823,1.4271811,1.488309,0.27046698,0.019158948,2.5470006,2.18741,2.766686,0.75903404,2.561553,0.6564241,1.6200006,0.49000314,0.5678833,0.44016635,2.2416704,1.3187386,0.5884096,0.7088488,0.50961185,0.632847,0.57236123,0.2681343,1.9502105,0.24650493,0.3975516,1.0432467,0.9632649,0.073636346,1.0053246,1.2880695,2.410065,1.0375623,0.7309572,1.6189607,1.5018091,0.35761982,0.23262542,1.5295601,0.4158331,1.0441594,0.9150223,2.428509,2.6675189,1.9037509,2.6673791,1.4758127,1.7153594,0.16891164,1.0142608,1.0271372,0.92320853,1.6681803,0.92627823,0.29043207,0.3612366,0.40621978,0.3466749,0.35755202,0.26118857,3.1936185,1.2099835,1.3034286,0.9497456,1.8113548,1.1542461,1.8593583,1.3301797,2.38428,0.69378185,0.8744055,1.808804,1.1955571,1.6212138,1.8314117,1.2073585,0.34218362,2.3685675,0.3816857,0.94843507,1.6457367,0.5856774,0.0,1.0478551,0.5089535,0.84020734,0.49906972,2.6209383,0.2725807,0.9626512,2.273626,1.4345485,2.028366,0.9174517,0.2509328,1.5984464,0.2759747,1.9710975,1.7808467,0.536129,0.3383574,1.4116681,3.28508,1.1603303,1.3061877,1.3417919,1.9789221,1.0602883,0.27988544,2.786981,2.5845993,1.4400319,2.1346252,2.2165353,0.738603,1.7423288,0.99546087,0.4033776,0.16527097,0.599685,0.71924806,1.3358096,1.370286,2.2458148,2.594602,1.0750264,0.45226097
hidden_1_n20,0.6142771,0.20439859,0.4126052,0.45054024,0.46532714,0.75924027,0.38794684,0.0168751,0.52472883,0.6510911,1.5376332,0.1797699,1.1718073,0.3969011,0.6858461,0.85782874,1.274624,0.68648076,1.8836445,0.8662884,0.9125963,0.79231507,0.15298285,0.68884075,0.6984,1.095571,0.68260413,0.934869,0.8758314,0.3552169,0.21603426,0.38615543,0.6440813,0.48437816,1.2904998,1.5374413,0.29474053,0.05698322,0.4202425,0.21848644,0.27865356,0.2077414,2.8207932,3.8179228,0.19710864,0.33947194,0.40944052,0.20028305,1.039386,0.8706063,1.1134163,1.3446804,0.61087483,0.46036404,0.42113128,1.1441897,0.80349475,0.43931645,1.604454,0.92276615,0.5515207,0.53592426,0.81699157,0.3076143,0.69183433,0.74608445,0.39603826,1.0207909,0.45586604,1.5461437,1.1683226,1.9652481,0.70831954,1.2299628,0.72444147,1.0506612,0.27721813,0.9060634,0.18105088,0.5209271,0.3918185,0.552841,0.84604007,1.1181377,1.4815426,0.8802964,0.5408388,0.47355655,0.29179686,0.63072205,0.61561006,0.06009171,5.6742964,0.18199864,1.4507257,0.3404209,0.1618285,0.62967736,0.2956758,1.2280856,0.68336934,1.2123655,0.39306846,1.7487861,1.5395223,0.9722614,0.8741456,0.25608757,0.27989942,1.1024674,0.9636691,0.62404263,0.79962116,0.27832836,0.26569363,0.2728483,0.24755442,1.4238733,1.856034,0.75173146,0.19913644,0.18157251,0.29839697,0.20815976,0.4475529,0.4986999,1.1000546,0.51454777,0.34083498,1.0659025,0.6913785,0.6247021,1.2770032,0.021364203,1.4887731,0.27574295,0.6331244,3.05637,0.63358414,0.781311,0.25807214,0.027358167,0.31446674,0.2950842,1.0017061,0.5101903,1.7182181,0.4727413,0.0,0.2336978,0.8186242,0.04900533,0.75693375,0.62108517,1.6071073,1.022402,0.23414086,0.4481809,0.4625852,2.407379,0.71916723,0.6517595,1.5498631,0.70719177,1.0727679,0.062168565,1.4294882,0.87156683,0.09320633,0.5916398,0.5532027,1.6985974,0.5846492,0.12935014,1.002424,0.73448616,0.5032256,1.1622413,0.63502264,1.1998215,0.94285107,0.28533462,0.5428891,0.13366473,0.25640622,0.41221768,0.4853702,0.80129117,0.15603924,1.029949,0.98259634,0.4237772
hidden_1_n21,0.54462063,1.845111,0.45219132,0.31617254,1.5225894,0.4505523,1.0067676,0.38873443,0.3560965,0.4039595,0.6293815,0.4639617,0.72792864,0.9521115,0.29717818,0.75023603,0.29643264,0.3717094,0.10944083,0.20261696,0.14465307,0.54647875,0.84263647,0.39204,1.0971912,2.2102098,0.46104354,1.3156502,1.3356216,0.41384605,0.9827134,0.33878198,0.2162266,1.7257956,1.0728837,1.1871544,0.9228657,0.26639763,1.2454618,0.6657855,0.08597912,0.32435483,0.113323204,1.1862471,0.37743348,1.7030133,0.98518103,0.6063225,0.7582865,0.80437183,0.91765857,0.5429404,0.16517875,0.947984,1.0882047,1.7327089,0.62908155,2.4902806,1.538861,0.68354625,0.06760743,1.4667891,0.54915535,0.5209302,1.6408665,0.3904804,0.807371,0.55515575,0.80092216,2.65695,1.604213,0.29687867,0.3159648,0.6834521,0.6285701,1.5323616,0.7626593,0.83567005,0.15065719,0.12426206,1.1637679,0.6789305,0.21354216,0.33083376,2.006986,1.6214372,0.8572407,1.8633459,0.4573219,0.7073364,0.45577404,0.50479656,1.7933977,1.4927044,1.4884168,1.5709702,0.28296646,2.3739958,0.6762956,0.78512,0.4843421,0.93987405,0.909662,1.2481959,0.44811323,1.0209743,0.6076369,0.12946312,0.70639944,1.2531601,0.53480434,1.38866,0.41544765,2.0939434,0.061231703,1.7675375,0.45405427,0.89207375,0.36945596,0.9673655,1.6659169,1.5680544,0.06751465,0.45662308,0.97467893,0.26103467,0.43111405,3.539026,0.03528282,1.0237778,0.2947898,1.1282753,1.6941236,0.23438793,0.061778646,2.5971859,1.5156596,0.15151283,0.43561956,1.824828,0.7513775,0.33619767,0.81067586,0.8453926,0.052954517,0.21765076,0.8071291,0.62853086,0.9096592,0.0,0.11854046,0.46409202,0.5459213,2.4929461,0.5619202,1.6918951,1.954542,0.52069676,1.7096708,1.1724257,0.7459462,1.0896845,0.13000986,0.40842402,1.0241317,0.4888752,3.8876638,1.0917289,2.1859627,2.550676,1.1886046,0.9478309,0.654553,1.313605,0.6985415,0.030886594,0.27371773,0.5908385,0.47392333,0.92364085,0.11247386,1.0585485,2.1318269,0.5889151,1.0407988,0.04315647,1.0916024,1.0343462,0.613519,0.5056472,0.39616117,1.2974012
hidden_1_n22,0.39766932,0.24391986,0.21149245,3.233911,0.5564151,0.1813197,0.12723221,0.13680689,0.41520327,0.13201934,0.73595893,0.5286845,0.49291867,1.0824953,0.36135358,0.2348846,0.40411204,0.32907483,1.7418706,1.0227151,0.6232805,1.0862731,0.13537623,0.25050545,0.98986506,0.31402996,0.02607968,0.40561146,0.052388113,0.6760688,0.4556231,0.044213086,0.28945297,0.16932976,0.113742724,0.9610746,0.31515312,0.13463452,1.2470459,0.38105592,0.81350493,0.10441164,1.14091,0.9535368,0.18137448,0.55538166,0.18907474,1.0614307,0.14638352,0.06968014,0.013662619,0.52051055,1.3755113,0.34451103,0.11315943,0.7614849,0.5599848,1.1507193,0.29887053,0.76335347,0.8180547,0.9508084,0.24575472,0.11275475,0.19336025,0.22674195,0.38939202,1.1502577,0.8333213,0.6935717,0.89802974,0.908728,0.002394331,0.29832643,0.91437805,0.5864563,0.1059069,0.83088106,0.1904546,0.265652,0.44216266,0.6016622,1.1097459,0.37025288,0.32354298,0.30989352,0.9129207,0.3307683,0.64712864,0.17522228,0.33288237,0.82911736,1.0201763,0.7373247,0.7199165,0.36600795,1.9387802,0.7156282,0.85927397,0.38047293,0.76000315,2.459243,0.43340003,0.39059687,0.05096083,0.19999851,0.59320056,0.1321867,0.07564018,1.5681887,1.1171521,0.8296945,0.70248455,0.98611647,0.3838065,0.37171146,1.1478009,0.75384414,0.043052185,0.045709293,1.6248821,1.3987273,1.1591156,0.28760514,0.32434312,0.18617186,0.5335822,1.2024217,0.34368092,0.26625514,2.2629757,0.54183143,0.6223997,0.3960125,0.48770937,0.99928856,1.0337273,0.7826672,0.30047262,0.5234856,1.0058839,0.65718967,0.24206434,0.7052699,0.19839588,2.33411,1.5478488,0.96526784,1.3470813,0.5415754,0.0,0.38634816,0.040477708,0.9588408,1.4819518,0.37526304,2.5583353,0.512492,1.5854449,1.6854839,0.8849086,0.6681866,0.48049045,0.60688996,0.13018017,0.41106865,1.9931654,0.5548607,0.34978837,1.6472944,0.5157357,0.69975364,1.7439477,1.5967577,0.36223608,0.33204582,0.29224396,2.6917927,0.46640518,0.61380035,0.37174186,1.3458508,1.6218761,1.2263829,1.4208206,0.2547696,0.34088022,0.3894632,1.7840372,1.0619254,0.67964864,0.9094419
hidden_1_n23,0.19670883,1.0705137,0.67801654,0.48865154,0.21535017,0.618653,0.702008,0.5331463,0.7592953,2.2109096,1.4040182,0.68177265,0.99732566,0.7293949,0.52701867,0.3290517,0.59431374,1.2643025,0.10325311,0.2700682,1.3633846,0.6655735,0.12309695,0.13846175,0.26138178,2.6479175,0.5723379,0.8810588,0.24767268,0.3057374,0.44530573,0.31149408,0.34146923,0.425404,1.2551287,0.7884405,0.35106134,0.6677276,0.56723416,0.31764576,0.55347836,0.9209982,0.22789884,0.8301712,1.0393023,0.373225,0.91918254,0.34383366,0.96934974,0.1642718,0.10700187,0.87256676,0.5094247,0.6572992,0.94324505,0.14660248,2.030593,0.5425526,0.37106746,0.26336083,0.44434088,1.2445501,1.0558078,2.2521734,0.46877164,0.79426146,1.9623613,0.20633972,0.8451731,0.016354453,0.71045893,0.7406546,2.5477536,1.2440146,1.5574911,0.5943061,1.310005,0.62303585,0.72872263,0.15054126,0.16906868,0.7494034,0.8623679,0.20032804,0.6771997,0.90924764,0.537222,0.7718703,0.09501495,0.27127296,0.64941734,0.8058588,0.13298179,0.521983,0.3329872,0.5787564,0.19165768,1.3222799,0.8091391,0.80254734,0.7789835,0.9960613,0.25182337,0.09487629,1.814128,0.27187663,0.36336374,0.8611408,1.2025025,0.42971507,0.10602863,2.3998828,0.19430745,1.4527848,0.38917103,2.091885,0.6450655,1.2120379,0.39377597,0.30074045,1.4625797,0.6837702,0.124269895,0.730997,0.0119434185,0.09933095,0.14523074,1.8688449,2.1572695,0.73626703,0.3220736,3.422333,0.95278937,0.5898693,2.1315513,0.42302856,0.352292,0.38528115,0.30271712,2.7040412,1.3025285,0.946219,0.20615496,0.09480374,0.4974513,0.46327934,1.4467759,2.5520308,0.85747766,0.9671178,0.32311574,0.0,1.1906823,0.9929589,0.08448308,0.72095037,2.1510901,0.52738804,1.0731965,0.60669535,1.1790582,0.10811947,0.63472956,0.45802033,0.67456454,0.35271013,0.7786479,3.6550338,1.0270343,0.958563,0.69745654,0.998592,0.33821547,1.0389644,1.7699479,0.4847662,1.0918181,0.48037213,1.2079217,1.013003,0.4355736,2.6721563,0.7561477,1.251866,0.3223769,1.2849537,0.5700416,0.54073334,0.48485485,1.8060087,0.9167146,1.021593
hidden_1_n24,2.0520997,0.27137625,0.6247731,0.9000339,0.17599677,1.670826,1.5501162,0.33138236,3.0297923,0.2935856,0.48628557,0.9910611,1.6151599,2.0672529,1.5903889,0.09176656,1.2794636,1.7291757,0.45542237,3.7789183,2.4769435,2.182595,0.339908,0.49914137,2.011368,0.14374639,0.94480056,1.157144,0.5559665,1.385953,2.0121763,1.1197764,1.4537058,0.39356983,0.63340586,0.2557481,0.94177014,1.584818,1.8511219,0.35215732,0.5106557,0.1011093,0.9310117,0.83800405,0.9758822,0.67943114,0.28483754,4.0697746,1.3618143,0.4139716,0.2746762,0.67427176,0.81763095,2.6241686,0.59856194,3.594171,0.5996153,0.71421444,0.03665235,0.8160073,0.91783446,1.1103212,3.0708795,0.9528803,1.0561795,0.4639572,1.9700757,2.6378305,1.8883215,3.0505562,0.18357016,0.8815528,1.8440036,0.42274728,2.3129916,0.51268816,0.8621433,1.3536586,1.7135122,1.0488147,0.45153797,2.866923,2.4004784,0.8326799,0.4042939,0.085331604,0.5284763,0.18764853,1.3893903,3.4228148,0.015795536,0.64071494,0.30302975,0.037397984,0.27274054,0.7539723,1.8809708,0.42021075,1.318602,0.1665404,2.1032238,0.5150653,0.5797725,0.07838162,0.8645005,0.9968966,0.222929,0.93307954,0.72553056,1.176973,2.529682,0.7472952,1.3030126,1.5473591,1.3711095,2.0254858,3.4680502,2.3206296,1.7262719,1.4103501,0.47374275,0.7311907,1.0570093,0.45270777,2.148945,1.3234087,2.6660311,0.48923758,0.3499019,0.16631979,2.076539,0.82171065,1.1627147,1.0926906,1.3717216,2.46005,0.98326755,0.30222195,1.7936138,0.8984139,0.6713647,0.4545585,0.27583337,1.3345982,2.839643,0.58180314,0.38555807,1.2305589,3.0358822,1.1715889,2.5202267,1.6358752,0.0,0.8289887,1.6377276,1.7104933,0.6367029,2.5292413,0.9432939,2.127859,2.4747984,1.9233168,2.0040267,3.0588326,0.35009497,0.5381438,1.4913859,0.68844277,0.37086192,0.83071196,1.2531838,0.57662034,1.2185339,2.3934755,2.7725847,1.3083566,1.271594,1.9281385,1.5890106,1.2275925,0.70199007,0.4728264,0.8459337,4.2188864,0.9126011,0.2776887,0.29340723,0.057678442,0.92849624,0.86577463,0.97552645,1.3390881
hidden_1_n25,0.10145981,2.035441,0.6444204,0.56492716,3.0788686,0.404039,0.4958645,0.3403189,1.0064954,0.39165395,0.3602998,0.3448998,0.026424268,2.413832,1.2659653,3.1547468,0.47347668,0.4887134,0.9590891,0.51640266,1.0711039,0.7658822,0.7871155,0.08633961,0.664262,4.1979103,0.519352,0.42846006,2.3099942,0.35413903,0.23850231,0.6800438,1.8779577,0.20847167,2.4992929,0.86682355,2.6305668,1.8201921,0.16362008,1.5430663,1.9304724,0.25291562,2.3903267,1.544086,0.19931166,1.933369,0.6652392,0.48048475,0.31743753,0.9034958,1.5515901,0.5579655,0.9890994,2.310839,0.36087722,0.71968156,1.1757991,1.6214694,2.0181656,2.3966904,0.55574685,1.2414358,0.9371386,1.8591814,0.568801,0.33493018,1.4195672,0.6400471,1.0722069,2.4188945,0.30003121,0.5281476,1.3378842,0.5789953,0.21450326,0.6503427,0.42931914,1.3520048,0.3502929,0.013767669,0.4724341,0.8555677,0.3831323,0.9622959,1.7194824,1.3173765,0.35078663,1.1782048,0.27153713,0.42135605,0.4781276,1.4625604,0.9761984,0.5804579,0.72869384,0.9901635,1.2852521,1.2437116,1.6536261,2.1315608,0.4435434,0.19432105,0.34916928,1.3562384,0.75716823,1.1589369,1.3070573,1.8357118,2.4127748,0.3422933,2.5896146,0.31083235,0.98790544,0.11848414,0.47927114,0.34212512,0.20694423,0.82077414,0.8262153,2.8119342,0.7949292,0.92033255,0.07359927,1.3717182,0.8722014,1.1761246,1.02817,2.1611063,0.34815156,1.5812865,0.8401945,1.167056,1.726791,1.1085237,0.81025285,0.69037944,0.54983497,0.54877305,2.4787624,1.4521366,0.35546932,0.28080946,2.434111,0.2830915,0.31942534,0.97296816,3.3203566,1.4231985,3.1023488,1.1833019,0.13059697,0.69135904,1.4481655,0.0,0.80944973,0.5792263,0.6076585,0.40977198,0.5147295,0.3925416,1.3414406,0.2975378,0.5868003,0.31332475,1.1687137,0.08479124,0.09133958,1.4251999,1.4717804,1.1040343,0.15040354,0.34921166,0.10152957,0.6449436,0.40719613,1.8575653,2.042557,1.5471386,2.062331,0.54945076,1.8958522,1.1618397,1.0489587,0.6456122,0.9398701,0.061020233,1.7861376,1.6924664,0.2099372,1.2985448,2.073272,0.4344682
hidden_1_n26,0.07855625,0.5393579,0.3293373,0.47751996,0.7462447,2.0264482,0.5414091,0.9745759,2.3667142,0.34235665,2.9032483,1.9913422,2.287721,0.36910108,1.3261489,0.9475153,0.5120611,0.54414046,1.6839228,0.3691254,0.4356645,0.88098913,3.2897913,2.328773,0.49595213,3.1611202,1.585494,1.5650243,0.6288108,0.18989348,0.39540115,3.0140116,1.1276644,0.6058136,1.7644343,0.51076967,1.7052436,1.6421981,1.3853908,2.0207136,2.2785933,0.5643787,0.14739798,2.5423312,1.3206573,0.75154406,0.6805116,0.45251632,0.5043187,0.6956928,1.0307833,0.9906444,1.3160166,0.2673637,2.2964492,0.2690626,1.1633863,1.0874528,0.40729108,3.8730514,0.7366759,1.8037113,0.9847047,3.3348963,0.98863304,0.8371518,3.9710946,0.21339491,2.0898373,0.3476278,0.4010439,1.5518295,2.4185655,2.5968835,0.18102613,0.823,0.84845185,0.67153734,0.37422356,0.8850617,1.7339585,0.7549413,0.142198,1.7213398,0.7144286,0.54788905,0.7512887,1.5306631,0.8338712,0.7081513,1.9325645,1.2779213,1.5459954,0.27200028,0.4011408,1.1029664,1.5733973,1.418602,0.8573019,0.93332577,1.2898366,2.8495693,2.0979042,0.15133598,1.0732169,0.7313657,0.6134433,0.97140664,0.12660211,0.11524046,2.5584648,1.4630761,0.8202868,0.75503135,1.7736363,1.9741658,0.11755065,1.6496409,1.6706737,0.3472047,2.6190553,2.4027119,0.29941228,0.5684823,0.7542956,0.17515379,0.16934393,2.885769,2.033,0.3362313,0.7633501,0.47927165,0.14280125,2.817495,0.3640271,0.07377827,1.6254219,1.0485411,1.9978681,0.20040236,0.12713906,1.2728525,0.9680518,0.5414548,1.6830317,0.18203892,0.5599394,0.73555094,1.0029726,0.7757811,0.17615949,3.010104,2.0316043,0.0690886,0.0,0.7065306,0.30809978,0.5990562,0.19196114,0.87701565,1.030264,1.0138634,1.5901345,2.068057,2.4995065,0.4781065,0.40239865,1.6064633,0.8004769,1.7472689,0.82849807,0.079701096,0.71544015,0.28497568,1.180759,0.34853044,1.0683707,0.7631749,1.0972593,1.7741963,2.2799518,1.1107198,1.2778682,0.39154834,2.1473584,0.7145843,0.7451754,0.44335836,0.118862204,0.11488654,0.015216222,0.35330582
hidden_1_n27,1.514327,0.24847682,0.14938577,0.2371399,1.9929104,0.7637636,0.5737427,0.6308616,1.5314833,1.8540828,1.2802249,1.2722466,0.9938269,1.766319,1.0537039,0.017837733,0.9041016,1.2843052,0.7095974,0.61220056,0.3516376,0.37321472,2.0437698,2.4723995,0.56749696,4.319133,0.3613728,0.6521291,0.8430388,0.39587206,0.35682446,2.045589,4.9044194,1.5549688,0.37783393,0.124879494,0.4845896,0.92304957,0.14529182,0.7859828,1.493927,0.2862692,1.2939737,1.9215437,0.8674907,0.74600047,0.22852977,0.59981096,1.4697982,2.6789224,1.3877875,0.23898341,2.56464,3.371646,0.5320452,0.7639287,1.3310888,0.6863262,0.8553213,0.44149184,0.25197548,1.425899,2.0825613,1.3520708,0.23481259,0.73178744,1.8004956,0.37546992,2.091545,0.49161285,0.31948408,1.5330436,0.2322087,3.8139136,0.36808333,1.2539036,0.062092803,3.1654196,0.078802645,2.0215724,2.6030812,0.9235577,1.1240091,1.1646798,1.5244832,1.0840338,0.80857724,0.94323486,0.6251286,0.9947292,0.1345276,1.7797458,0.9645591,0.4304225,0.6186084,2.2318149,1.9237673,1.8297576,2.1943946,5.1680274,1.7086122,2.9062603,0.5199367,1.1923919,1.3608983,0.96136206,2.923255,1.5443519,1.375978,1.97651,0.6205671,0.9581512,1.217181,0.5777822,0.57823485,1.6809433,0.18430787,2.3805368,1.3600783,0.14968298,0.4000931,1.120862,1.871637,0.13851056,0.5949503,0.8050476,1.7188691,2.9043462,1.423751,0.6705152,0.96487427,2.0997248,0.6490974,4.173126,3.0318582,0.7840857,0.45810598,2.6845236,1.9330792,2.6476798,2.0232272,1.576497,2.2841403,0.42933962,0.5518608,0.2721971,0.35528356,1.5170414,0.12030673,1.1208066,0.6437334,1.8895463,3.8157303,0.84398794,0.33087996,0.0,1.4661169,0.7509622,0.54860634,0.87364316,2.1064003,0.83627206,1.086315,0.03689768,0.24146998,0.34286445,1.8552904,4.588217,1.9027559,0.49098322,0.43592796,0.26325327,0.3115518,0.5290428,0.3026795,0.4490798,2.389353,0.48438612,3.9419026,1.1327162,3.9535646,4.214057,1.6550828,0.17671461,0.4231617,0.54158026,1.4737959,0.48558128,2.8066385,1.9124223,0.59169024,0.66200966
hidden_1_n28,0.9614052,3.3568203,0.30428705,1.6829711,2.8785167,0.687876,1.020162,2.8588028,0.3833767,0.28838494,1.3185542,1.5973284,0.20802562,4.5393033,0.5486692,4.693896,0.556982,0.32822195,0.8739346,2.671054,0.35957578,0.33243972,0.2505143,0.48908734,1.0109107,0.21415304,0.086493045,0.94242424,0.69793075,1.1339713,3.9046488,0.88422036,0.056498617,1.2392265,1.9808038,1.9559984,2.459545,1.748363,1.5526178,2.5514379,0.9938751,0.51128715,0.11971849,0.41984192,0.64843065,2.0910482,0.11268111,0.4361864,0.37957782,0.35772645,0.18969415,0.38378447,1.078431,1.8242581,2.0867333,2.8345933,1.3966197,4.6850085,0.08286742,2.93183,1.0621024,0.86031246,0.89915794,2.2851555,1.6122884,0.5891494,0.9731618,0.18932453,0.3281229,0.40307242,0.4281859,3.908107,3.5648918,0.02547652,1.0651515,1.0735339,3.4058082,1.1746641,0.8883245,0.35564578,0.2325445,0.5160806,0.36017436,0.32429025,1.2607442,0.3480868,3.0403183,0.17937854,1.1230599,1.6701388,3.3763642,0.29823408,1.2355286,0.32866818,0.45001468,0.4110892,2.7379816,1.1145374,0.67026466,2.677397,1.1783303,0.7553561,0.21454684,1.286403,0.9526542,0.028468052,0.13860974,1.1500968,0.9798858,4.1285787,3.5630438,2.1432652,1.3074634,1.735905,1.4721551,0.5239758,1.7546334,1.2727332,0.39342126,0.5774572,2.8736057,1.3341693,2.3625789,2.566183,0.6822505,1.5504814,1.5523224,2.7609007,0.9051712,1.8011433,1.0181392,0.24653806,2.3264523,0.44270566,1.0543473,1.3355376,1.7263794,0.66995424,0.8076638,0.5790935,0.7122739,0.09662553,0.27041405,3.2951205,0.36718628,0.3580196,0.26131198,0.1900613,0.91241515,0.263781,0.8761367,0.30871555,0.8460918,0.7802545,0.20190246,0.5766771,0.0,0.5912232,1.7294114,0.2019495,0.64743817,1.730406,2.2877214,0.5059774,2.4991055,0.2577638,0.8224481,0.3373108,0.46438533,2.5555527,0.53065634,0.077592045,2.346554,1.0386263,0.15973045,2.0329986,0.08838724,0.06100291,0.15090968,0.35898742,0.5972843,0.75597316,0.3838785,0.46331552,2.8360147,1.489227,3.7225955,1.7604995,1.0380836,2.099766,1.338991,0.024846748
hidden_1_n29,0.45980603,0.9133149,0.2663058,0.29272774,1.1849391,1.4311712,0.27456462,0.3638006,1.9977145,0.2748514,0.95357424,0.8232659,0.16415511,0.7890248,1.763123,2.1354332,0.23968904,0.27395794,1.0610422,1.7068352,1.0281506,0.5044073,0.80334204,0.38757432,0.092139006,2.3893712,1.2994097,1.5240271,1.1533897,0.5506418,0.2706796,0.51747525,0.101958714,1.2210383,0.94259506,0.18870696,1.998969,2.4505193,0.44710076,3.1392798,0.16574498,0.79319847,0.13917235,0.60828334,1.1655914,1.4622915,1.8157866,0.90676916,0.86701596,0.60096693,0.023385528,0.14948624,1.0969962,1.3148346,0.7859645,0.9915626,0.33810428,1.4000221,1.2533085,2.0743904,0.33394936,0.023779841,0.5814085,0.7187696,0.13308878,0.09466717,2.0878675,0.8216558,0.5508105,2.7631257,0.26845136,2.6538181,0.820257,0.2293466,0.50944,0.15729778,0.3685012,0.91264236,0.28525698,1.1823516,1.8378783,1.5089278,0.6540309,1.3002014,0.9593188,1.0125707,0.86048335,1.4644954,0.49946478,0.29626867,1.1835306,1.1489155,1.257361,0.46398982,1.7377135,0.7684465,1.0853608,0.79869,0.14704677,0.90610313,1.1521893,0.16367574,0.113989614,0.6521029,0.38721725,1.7613406,0.7539342,0.60879326,1.0298499,0.9027124,2.537017,0.82276404,1.1367992,0.538839,1.543423,1.7151072,0.4945501,2.409814,0.6224173,0.8513165,0.20275465,0.1284439,0.6661503,2.3313463,0.17647824,0.4536746,0.13059875,0.6439035,1.3667704,0.35903934,2.1698108,1.5625542,0.2554905,0.43193188,0.6746731,0.29711294,4.027371,0.6886324,0.512664,1.775517,0.17879641,0.6683691,2.1089184,1.2248293,0.027728543,0.19312209,0.9244818,1.2038405,2.7777317,0.21091774,0.58207124,0.57302994,0.28007576,1.6167283,0.7603177,0.88394004,0.8909802,0.0,0.56650054,0.20195164,0.5391646,0.40113747,0.64543414,0.94790125,1.3772718,0.4801709,2.0064378,0.79176277,0.96312326,1.975866,1.5595423,0.31934503,2.0007133,0.19708699,1.8801085,0.5337057,0.74144655,0.4708809,0.43104908,1.4008912,0.92747223,0.19981427,1.216496,0.13530563,1.3403383,0.9788782,0.63878393,0.26397753,0.6300417,0.5042676,0.05495269,0.25501552
hidden_1_n30,0.5800674,0.3385301,0.76886797,2.1604598,0.5619822,0.71056473,0.3515935,0.07616733,0.52170676,0.1985522,0.206445,0.5724325,0.06133711,0.6750036,1.3213941,0.55603516,0.7014995,1.4296972,1.7093818,1.076132,0.6677914,0.83974564,1.8706021,1.5073632,0.15976597,0.08290818,0.48730275,0.7943937,0.12684134,0.24991146,0.7135793,2.4562492,0.653565,0.15242797,0.10174074,0.18116769,0.63465255,0.025088131,0.5952311,0.49094877,0.86791885,0.5229563,1.0485696,0.5669934,0.87898576,1.1069866,0.3110301,0.8127848,1.0879512,0.8365245,0.24870189,0.64642346,0.47890693,1.9235806,0.34499288,2.4614494,0.11921031,1.5886898,1.1440893,0.21919481,0.36952114,0.8920676,0.27701762,1.2466131,1.842142,1.593903,0.5537813,1.0377965,1.1414088,3.3789856,0.37051663,0.6693536,1.0290663,0.9586092,1.2622402,0.55944085,1.0212883,2.281963,1.0537727,0.7780142,0.55967826,0.24372232,0.6705385,0.5775008,0.5286494,1.5258797,0.047656603,0.26653078,0.4517447,0.7230834,2.6818516,0.06854556,1.2132094,0.64008933,0.088184826,0.54415125,1.632574,1.1638169,0.15785363,1.0756708,1.3291439,1.6481621,0.79288095,0.64654034,0.019301446,0.090225235,0.64429754,1.0029665,0.44523057,0.4069591,0.61369944,1.1825584,0.89861083,0.793564,0.7156042,0.7020502,1.2315054,1.1613005,0.63275135,0.24276595,0.6707257,1.545556,1.5860168,0.10749486,0.5545729,0.40194148,1.3768065,0.65634704,0.7073915,0.43226692,0.8443286,0.2223232,2.7431254,0.99338675,1.4489799,1.1426616,1.1759871,0.6541117,1.2368336,1.1410471,0.15318,0.43684933,1.6074357,1.7569871,0.8926117,1.1948886,0.010390968,0.35183573,0.9834191,1.2785627,0.88886416,0.7049028,0.087154664,1.8628235,0.7819207,0.25116992,0.34193525,0.63033575,0.0,0.667972,1.2652755,0.51310486,1.6447645,0.49385932,0.5606341,0.31113318,1.9625784,1.111809,0.36351684,1.2729617,0.4032797,0.5724041,0.69394743,1.4617232,0.07096852,0.093708165,0.9039484,1.23446,0.3179529,1.7775377,0.16596316,0.37496728,1.4599475,1.5590005,1.1025664,0.14699088,0.50317496,0.49665174,1.2236692,0.39192918,1.474806,0.6684936
hidden_1_n31,0.16720355,1.7537843,0.45633146,0.86345845,0.97265154,0.7472414,0.7806581,0.6319791,0.364523,0.23999463,1.5408041,0.53340876,0.50826305,0.6004918,0.1168223,2.2152402,1.4391373,0.41652,0.45658904,0.30892017,1.0431395,0.3970362,1.4056901,0.365665,0.015570877,0.31057775,0.85334617,0.700488,0.7661,0.22436413,0.6781259,1.8872168,0.64805794,2.1448343,3.0233893,0.18312582,1.9235904,0.1888763,0.3807066,0.3644218,0.320137,0.39028078,2.639644,0.2914962,0.16058728,0.23344053,0.53570294,0.13330732,1.4525508,0.55518925,0.5791688,0.65114486,1.1302598,0.96383226,0.9603723,3.664569,0.92859304,4.386413,1.4915844,0.30518758,0.09741297,0.26400363,0.92742634,1.9167935,3.7861261,0.3132539,0.898808,1.5279334,0.3302078,3.1500955,1.3101896,0.16301224,1.3068082,0.06520534,0.29108605,0.8757611,1.5564655,1.1715993,0.40275314,0.340955,0.032737773,0.21251673,0.19054128,0.014710884,3.3786273,1.0697999,0.28821808,0.23505586,0.33842468,0.25475192,1.0988439,0.054137733,1.2390721,0.705951,3.105977,1.3506324,0.5042652,1.7403088,0.29813287,0.37560973,0.7251694,0.5949981,0.31075314,1.2432883,1.934345,1.1807896,0.6229108,1.7738546,0.7466661,1.1088616,1.0611246,1.2952398,0.25691506,0.594444,0.09199816,0.35836643,0.035765145,0.17629878,1.7516874,0.6572804,1.3496737,0.566098,0.797758,1.6113522,0.5460755,1.1089447,2.1164985,0.30307677,0.051715776,1.4643129,0.19098337,0.7067241,2.0500474,0.3001539,0.9140519,1.7031107,0.96823347,0.271497,0.2734224,1.0698832,0.52986765,0.1990237,0.31287637,2.164359,0.25319347,1.0497307,0.880168,0.0817256,1.0601599,0.28261203,0.778425,0.63219625,2.648439,1.6623875,0.488601,0.67213345,0.4164773,0.32613376,2.0206277,0.0,0.18800387,1.72227,0.22229978,0.31881094,1.1258119,0.19256616,1.9752518,0.2308568,0.02153192,0.26636988,0.4013493,0.69524324,0.744443,0.6713763,0.26887375,0.5952539,0.56056666,0.27953961,0.827284,1.1002076,0.14623909,0.39044422,0.7694691,0.2921866,1.5511681,0.4575286,1.303447,1.3234137,0.07445426,1.0216703,1.4554915,0.46521553
hidden_1_n32,1.1049283,1.3433706,1.4462205,1.0036713,1.0105045,0.5164311,1.0584967,1.1589272,0.18281166,0.536403,1.2719598,0.59792435,1.2347937,1.4139702,0.54342735,0.47619757,0.22944285,0.24688901,1.294738,0.41695678,0.16489477,1.8840404,0.26118478,0.7456764,0.38518056,1.6787398,0.0756488,2.3300357,0.14845406,0.95252585,1.9786111,0.3166621,0.6683077,0.6180308,0.58183604,2.5560324,0.1856728,0.5377335,1.839741,1.7115188,0.7370294,0.04821642,0.82224673,1.2575774,1.1442584,1.5003116,0.06263226,0.045130275,0.3442967,0.24081458,1.0151405,1.1792631,0.58745515,0.8990202,2.3836055,1.045099,0.30348742,2.428731,0.6249261,1.4597448,0.1421304,1.7203783,0.48519102,1.4157635,1.0872918,1.4597373,0.5435306,1.0791808,1.0955048,0.884692,1.2226547,1.9580008,0.86048496,0.4642051,1.0836313,1.1662588,1.112787,0.8569718,0.3150502,0.90808475,0.77039987,0.45888782,0.3889418,0.36893338,0.26431572,0.37248123,2.6747367,1.2686886,1.0420738,2.0842862,1.9614503,0.7020318,3.929814,0.6960473,0.2745824,0.7632797,2.4023454,0.75775504,0.28092703,2.2051563,0.4354665,1.4575789,0.6866551,0.9328838,0.92272896,0.2526218,0.6617998,0.20393853,0.12278276,4.9948554,1.6650822,1.7812761,0.1126446,2.0564632,0.5432484,2.3474238,1.3320963,1.8423634,2.4608643,0.48352608,1.7320554,0.9106954,1.0206114,0.75665796,1.0851167,0.29107308,0.49319527,2.2763464,0.92125696,0.44078767,2.3107562,0.60661286,0.87610465,0.34448215,0.39469704,0.9600759,1.7714154,1.5983831,0.11421375,0.78171766,0.49560374,0.13201892,0.2159284,1.7810657,0.6976025,0.49699947,1.2111208,0.907016,0.113556705,0.5225548,0.9483742,0.18875554,0.37549543,1.2357519,0.36570477,1.1902132,1.0678734,0.14986427,1.2884278,0.42962417,0.0,1.8097564,1.3398982,0.7792329,1.3392729,0.13032736,2.9940822,1.0621185,1.6566118,2.650808,1.7009912,1.1057346,2.5724998,0.7376912,0.8244046,0.20992206,0.5609652,0.9823677,0.45116588,0.88330287,0.99074197,0.6127387,1.5203211,0.43413183,1.5724697,0.46217513,1.0872303,0.37160733,0.09728239,0.7682686,0.090431064,0.5724712
hidden_1_n33,1.1741921,0.5025287,0.17686635,2.8506575,1.183542,0.004020691,0.47337493,0.12547924,0.9345837,0.10318313,0.7289455,1.279351,0.0046468796,0.35462648,1.9082142,0.18337879,0.056898605,0.81920654,0.682046,0.7581839,1.668683,0.08373832,0.30339295,0.21409902,1.6612457,0.71914613,0.6670786,0.049320407,0.62051964,0.07541467,0.06335185,0.27715954,1.2705641,0.5274405,0.22361319,0.5322027,0.10798532,0.11972055,1.4609692,0.13507466,1.365423,0.3230683,1.278882,0.38216478,1.6649666,2.1453085,0.8750255,1.2987363,0.19315328,0.09350885,0.6352678,0.33682284,0.24778567,1.3620514,0.79430306,1.3837414,0.6797479,0.28568295,0.64568865,0.174197,0.64828247,0.31591153,0.38795817,0.38382366,0.5223255,0.75069237,0.89884245,0.4045945,0.1879428,1.4279926,0.5405572,0.5633644,0.35801435,0.14576411,0.1881601,0.14600876,1.1153171,0.898867,0.5626318,0.011288181,0.31503105,0.48957783,1.169897,1.4400953,0.50382704,0.72214603,0.3146192,0.09911012,0.6001445,0.14919426,1.1688088,0.57002693,0.081468694,0.53626066,0.17929244,0.09038636,1.4396552,0.35764128,0.4522722,1.2440585,1.6324985,2.3415961,0.41959646,0.9480343,0.02107231,0.7639453,0.28803343,0.2950926,0.14808242,1.1718336,0.5338866,0.46839434,0.26293424,0.51078594,0.686598,1.5305586,0.32160068,0.7830433,0.13025753,0.29318395,1.8811977,1.3012706,1.9437003,0.19248137,1.2003062,0.83953506,0.2820858,1.2713797,0.6768518,0.7226022,0.76880515,0.41594994,0.27530482,2.1169589,0.68219036,1.248279,0.6979166,0.25632325,0.863929,0.8381008,0.52796644,0.88159007,2.2953126,0.28698868,0.06605331,2.4836605,1.155954,0.3549935,0.10285502,0.33996418,0.47594085,0.12161328,0.36137304,1.5550387,1.7551074,0.5670771,1.1935049,0.95872414,1.0878856,1.0202152,0.1890582,0.0,0.43944317,0.13564926,0.131851,0.49157503,1.8329571,0.7724456,0.0934886,1.1104474,0.047116913,0.9024135,0.5925947,1.3096524,0.11414668,0.711506,0.34472254,3.7728693,0.16748539,0.7206181,0.74377006,0.92775774,0.44493982,0.3891645,1.0272467,0.14199682,0.42832232,0.7766127,2.2518384,1.2789129,0.54582006,0.8086367
hidden_1_n34,0.43954366,1.4118611,0.18248051,0.60007304,0.9106317,0.0791026,0.8396067,0.46849248,3.180968,0.5309334,0.6452081,1.2156355,0.7848259,1.4046382,0.55928457,1.6931076,0.84894866,0.2041703,0.22424272,0.81551987,0.8882389,1.4002712,0.7056253,0.77864933,0.18683246,0.91477406,1.120099,0.2638685,1.3871773,1.4099281,0.9563,0.79127544,0.28062868,0.6206358,0.69646424,0.82179266,2.0596006,0.96186334,1.4169934,0.6329405,1.5132452,0.4513091,0.980401,2.4794366,0.5336984,1.8406713,2.1165917,0.61594045,0.29968318,0.4978966,0.47230095,0.53274727,2.148046,0.2122498,0.23812641,1.6655993,2.0767193,2.1263144,0.6042778,1.2324893,1.3853365,1.8536177,1.7886595,1.2849807,2.9827914,0.44908997,2.1648855,1.8101692,0.31118104,2.732113,0.8346903,0.40309313,2.9351456,0.26723868,1.0302713,0.42517182,3.1375844,0.37765005,1.8726525,0.73576915,0.2460446,0.7298762,1.1432639,0.06345614,1.5685213,1.4042933,0.37747207,0.33489376,0.5241806,1.6330404,0.32226002,0.86730796,0.14262818,0.15619916,2.1675165,2.745548,0.40578654,2.4806902,1.5390452,1.2815738,1.698362,2.8316822,0.6822201,0.5479935,1.6431696,0.6583134,0.49565947,1.1468694,0.5692876,1.4063227,1.8118503,1.2969906,0.45847973,0.25914517,0.30824095,0.5618537,1.3060237,1.3480656,2.2278717,2.3313196,1.8245909,1.8491545,0.7986678,0.14142305,2.5797455,0.73233426,2.5373054,0.6231714,1.2030237,1.6460778,0.41904175,0.71950316,1.3345058,0.46037877,0.6120951,0.2828962,0.39985523,0.08045896,2.1246827,0.8860168,0.53174067,0.07517656,1.0318394,1.3095102,0.4089492,1.3651663,0.76405525,0.6544731,1.304853,0.7184586,0.42186454,3.1563432,0.9050271,1.5174458,1.1645409,0.04363124,0.12388258,0.27823076,1.2599461,1.1083992,0.645573,1.5328243,0.0,3.3842356,0.4637421,0.2286928,0.26157618,2.076749,0.8460311,0.32989156,0.3732787,0.17169394,0.45408955,0.32433844,1.3524009,1.750049,1.7873691,1.8437713,2.253403,1.0011091,1.0667821,0.3676716,0.79571635,0.5970076,0.7378157,1.0946972,2.0472221,2.1932359,0.18022527,1.2492259,2.235278,0.35175088
hidden_1_n35,0.6043055,1.1296566,0.17734893,0.39072177,0.4426775,0.2124322,0.4048297,1.7845205,2.1007628,0.95784754,1.8365262,0.21657184,0.5988392,0.33348092,1.3410424,0.64411473,1.8518227,0.18367791,2.200302,0.3234031,4.4561024,0.6430135,1.0809189,1.7389421,0.26413864,0.8254935,3.9444544,2.2677805,0.28425696,1.8005342,0.71131516,2.1948445,0.037481334,2.2312357,0.67988306,0.7089558,1.0604429,0.6903868,0.5421323,1.9549385,0.8956632,0.3488427,0.11814376,0.49678573,2.0195246,0.119834594,1.4226056,0.95986265,0.42859766,0.24323988,0.4715099,2.2583828,1.2947162,0.07999534,2.0820572,0.8154828,0.2035401,0.67021644,0.74558717,1.0558014,0.92624533,0.5998058,0.13843513,1.4187863,0.83701557,0.73778284,1.2840126,0.49709293,0.67515785,0.36615995,1.7677854,2.4967422,2.4858456,0.43462312,1.9527028,1.1996456,2.3929143,0.6676455,1.0730077,0.96922743,0.6211848,2.3483827,0.64698035,1.1041702,0.43933553,0.06985261,0.8067594,0.742936,1.1744685,1.4632375,1.4967176,1.0006012,4.2998905,0.3985318,0.91281796,0.5185512,0.27931017,0.7749383,1.5429755,0.1840667,0.87022674,0.7503065,1.7967861,0.34156662,0.94107544,1.5055817,0.6717497,0.15881518,0.82938623,1.1115695,3.350827,1.0654936,1.7033949,0.3193058,1.0731106,1.8238888,0.17362839,0.9648414,0.8367338,0.61002535,0.3811524,0.56691056,0.71832097,0.5414957,0.37349296,1.1245967,1.059877,0.19209376,1.7230003,0.13966721,1.6719276,1.0121516,0.085841656,0.41089442,0.49106088,0.5087748,1.8789899,1.0275495,0.24093597,0.47742638,0.91442037,1.2590579,0.15111226,0.55678976,0.7538834,0.21580505,1.8248527,1.0213636,3.9495397,0.7079956,0.79366285,0.64201415,0.12689853,2.5643096,1.1289545,0.2858797,0.90044796,3.0523462,0.025123056,1.2458864,0.58182645,0.25228882,1.7043239,0.0,0.3868471,0.86951774,0.74762756,0.18841769,0.26509988,0.7942744,1.9279454,0.8316191,0.5713949,0.39095414,2.020022,0.3547496,0.9470521,1.9061534,2.0849588,1.4664823,0.3628384,0.58380103,1.0188941,0.60159945,0.86836207,0.21644787,0.11770632,0.10089825,0.26259592,0.49993074,0.074576885,0.7139218
hidden_1_n36,0.33740452,1.0788763,0.79811615,0.2924257,0.7766342,0.10321931,0.21173517,0.25191852,0.6566617,0.15102664,3.161884,0.74970996,0.5548885,0.21112326,0.96286064,0.39862254,0.44182524,0.3245377,0.74650836,0.32634965,0.23411864,1.0057253,1.3561659,0.91647947,0.07654498,1.2824237,1.0938997,0.009100978,0.096213676,0.008075259,0.5018827,2.5180504,0.13178815,0.7062091,0.27371615,0.43470618,0.056171242,0.22006138,3.450437,0.7987265,2.3786259,0.23337401,0.15952893,1.5396814,0.5888894,0.95973784,0.22218758,0.21830796,0.5363722,1.4430404,0.34476614,0.31019777,0.48048535,1.2884121,0.28680807,0.22483419,2.3345215,0.7982654,1.1793023,1.000513,0.6568645,3.7725854,0.5905049,1.3103566,4.3141427,0.6483442,1.714068,0.42796615,0.20301613,0.07350723,0.28700805,0.47900307,0.75874406,0.71674204,0.6094556,1.178574,0.77015144,0.25388741,2.1202192,0.909096,1.3653954,0.1361602,0.15342276,0.22284696,0.74956346,0.25742996,0.28039142,0.120169535,0.5817193,1.1721611,1.1590657,0.52920955,0.11215089,0.06580986,0.315386,2.9417832,0.73155534,2.1564903,2.1284885,0.109208405,0.289416,3.9405687,0.18257222,0.82022476,0.48977035,0.8092474,0.7649388,0.19619648,1.1101841,0.4530353,0.2700155,0.4400499,0.6351352,0.5716136,0.19810224,1.1939597,1.3609536,0.093485534,1.1326824,0.37739995,1.8214803,2.8531864,0.102961764,0.3624212,0.06697936,0.103776544,0.44468185,1.3013483,0.21899538,1.3042009,0.34036326,0.9940077,1.3765073,0.41582963,0.38751456,0.7833396,0.29301703,0.23371118,1.1364056,0.9514383,0.5842764,0.033425093,0.03926587,1.144176,0.30906448,1.2017906,0.14259262,0.87755156,0.42826656,1.0252568,0.3740536,2.162926,0.08326474,0.24028318,0.89830333,1.1758823,0.67086005,0.61473,1.8041214,0.38541418,0.24919674,0.29435804,1.7386833,0.19394556,0.0,0.054553088,0.75281376,3.1437643,0.95803,0.2697937,0.41531107,1.1092767,0.82417893,0.2418188,0.7363128,0.24222237,1.800423,0.6365827,1.9230396,2.0467343,0.53037995,1.4868091,1.340843,0.24171415,0.65074337,0.02055681,1.0299416,0.7819471,0.0915962,0.47980803,1.8054446,0.4041937
hidden_1_n37,0.12313752,2.4224243,0.86796343,0.76296115,1.44564,0.5778614,0.2721157,0.11716224,0.38248947,0.4630567,1.4822251,1.6750823,0.95304483,0.9070283,0.15340455,0.36276907,0.21725468,0.34493992,0.1998686,0.14468579,0.87439924,0.5246844,1.4787009,0.46274793,0.6474064,3.411172,0.4073979,1.1183981,0.65593517,0.40644887,0.5259189,0.050962836,0.9469481,1.1829058,0.83824974,1.4556875,0.070113994,0.087436855,1.7410871,0.11060686,1.0297222,0.054715637,0.037875492,1.2221569,0.15107077,1.6831727,3.045976,0.11436104,1.7610254,1.2513554,0.20771916,0.49802503,0.30281052,1.5270864,1.7413638,0.38392708,1.9939417,2.0288646,0.8111324,0.7543888,0.32588512,2.3667326,1.1772722,1.341554,1.6717826,0.43569106,1.2855865,0.4792341,2.3290305,2.6505244,1.4352969,0.34770277,1.0025104,1.5172988,0.38500625,0.58639383,0.9305831,1.5471716,0.45317858,0.61624193,0.8977767,0.62825936,0.4895364,0.26612598,1.2160684,1.9846383,0.8696628,1.3309253,0.0108451815,0.35236543,0.14045233,1.9865124,0.1673475,0.35419425,0.20158571,2.4115312,0.6021607,2.2361963,1.2235954,1.894243,1.2699946,1.6988314,0.6060599,1.3033284,0.9711992,0.74098086,0.25792918,0.22275089,0.8777431,0.82518965,0.07086848,2.274812,1.201165,2.1846502,0.681832,0.064539365,0.3368797,0.8766298,0.36531195,0.45213348,1.9948537,1.6366639,0.6055002,0.27124533,0.21940638,0.2926109,0.78627664,4.3644094,0.2991088,1.5104778,0.5330792,2.9139285,0.8160786,0.1853426,2.5027068,1.1924081,1.1767414,0.62557995,1.1102829,4.2933283,3.4697104,1.1375093,1.6856956,0.46935242,0.29497778,1.004357,1.7367955,1.1672738,0.40495023,1.3612837,0.10436125,0.9301893,0.4915771,2.9178815,0.30965862,1.7494086,2.6466348,0.23114727,1.6282035,1.0217885,2.1286974,0.5676435,0.22283703,0.06542863,0.73909724,0.0,3.464842,2.2834277,2.29618,3.0169218,0.78411436,0.5708616,0.49345472,0.83203673,0.38699177,0.06784309,0.25469255,0.8061914,0.77482706,0.7007052,0.14755093,2.1593971,2.6742258,0.5087717,1.3873698,1.3521107,0.957424,1.4565127,0.6488835,1.6464504,0.051554646,1.2441983
hidden_1_n38,0.7631433,0.66950786,2.4305542,0.34710854,0.90612566,0.8220027,0.16578102,0.2720484,1.2310314,0.007905882,0.8575557,1.1436844,0.6087745,2.2876606,1.3225352,0.13725036,0.60803616,1.5863571,1.002699,0.12441332,0.5026954,1.0371776,0.68830657,0.5621336,0.18277776,3.1103373,0.6606789,1.1173552,0.12985617,0.068593875,0.18429422,0.6457988,1.2794064,0.73634833,0.1832045,0.7280694,0.21903369,0.6137536,0.8586397,1.0692743,0.4913312,0.15476872,1.2797859,1.1472641,1.6141164,0.8588605,0.5639988,1.0753038,0.45290044,1.4658284,0.49399373,0.22660895,0.39624098,3.7943826,1.5400352,0.8840576,1.7296149,1.5011619,0.8862403,0.4745912,0.10984386,2.7569928,0.44677368,1.1939738,1.0169475,0.31089902,2.370077,1.0989956,0.51148796,0.5903793,0.57269275,0.95111734,0.750807,0.31025574,0.4954081,1.2696971,0.39448428,1.8906491,0.66861886,0.80187863,1.4375513,0.5789809,0.5402496,0.29735938,0.53681123,0.1679533,0.17439127,0.7942939,0.89914864,0.22461565,0.89321357,0.50714093,0.28370658,1.7882918,0.30894625,2.1729083,1.1785973,0.82178575,1.6776819,1.0455166,0.91654444,1.8145465,0.16179988,0.31233296,0.8250682,1.0766675,1.4495842,0.41650617,1.9572511,0.9189268,0.89416116,0.848547,0.33138764,0.87387997,0.27219763,1.3021135,0.9927442,2.4547029,1.3843442,0.20890693,1.1978103,0.4434,0.80680627,0.90086937,0.7243581,0.54723406,1.1133897,4.4035997,1.1847792,0.7877112,0.55157524,1.5185168,2.3917143,2.0649402,2.8213267,2.1798425,0.016751112,0.37677017,0.31343392,2.2934766,1.6865368,0.97696704,0.70649326,0.5904214,0.40150476,0.12752779,0.25910157,3.2671964,0.37333846,2.1903517,0.018075293,0.63907546,2.2626045,2.9078891,0.6732721,0.97619975,0.7291364,1.7339568,0.71958554,0.18180339,0.6637686,0.1415408,4.119597,1.0037516,0.026769627,0.6230445,0.0,3.6860693,2.759117,0.75041944,0.3598358,0.09147755,0.15013391,1.6759342,0.36158893,0.6912923,2.3280728,1.0896256,1.4430398,0.5344054,1.6521451,3.4577248,0.9318526,0.565311,0.37057742,0.14627358,1.6477919,0.33945152,1.4386009,1.4625353,1.7380395,0.18550171
hidden_1_n39,0.63970834,0.9341185,0.5724501,1.0404711,2.273968,0.69893324,0.74870783,2.2759566,0.6239641,0.276094,1.9328307,0.7943817,0.80565095,2.3490665,0.11325621,2.934102,0.86786056,0.2932461,0.06860762,0.6096052,0.39613873,0.10628704,0.18115976,0.7964971,0.047054842,0.23789707,0.37556994,0.5373784,0.6451034,0.46302414,0.6339021,0.56685084,0.25383368,1.4746747,1.7347978,0.39499924,1.2469913,0.5690056,0.58327824,1.8332177,0.95599633,1.6503072,0.5387945,0.4446427,0.3735916,0.46731338,0.57242346,0.65151155,0.55131257,0.91901153,0.23062591,0.22612615,0.46343765,0.78047734,0.31828517,1.853155,2.5001428,1.40148,0.05502607,1.3536711,2.335582,1.044778,0.4656562,0.7392796,0.6659542,0.9864337,0.8071779,0.48268363,0.27510303,0.5249681,1.0626662,1.3674811,1.4543074,1.3933858,1.2630645,0.5178662,1.3229334,0.6315971,1.439635,0.08796808,0.10324772,0.67627656,0.1160904,0.3475437,1.0180113,0.17777477,1.0229656,0.106933996,0.59203094,1.8242549,1.7962655,0.14635216,0.6696091,0.0010959842,0.23819451,0.37130743,2.004778,0.19322963,0.7892991,1.2737991,0.735043,1.2043962,0.1701361,0.6134457,0.8887325,0.113099724,0.31106365,1.3898512,0.6091929,1.4928253,1.6042695,0.880258,1.5372174,0.3448617,1.7413881,1.5879925,1.995798,0.36280206,0.52878934,0.42986074,1.0249643,0.5723014,1.039648,1.5255151,0.07112979,1.4589825,1.1888841,2.861232,1.3351561,1.3329448,0.33707744,0.11866536,1.2150705,1.2161521,0.23841062,0.03562315,0.7042371,0.90269524,0.72436047,0.6471508,0.83316225,0.14952359,0.8139564,0.9070121,0.85588586,0.77648765,0.3557416,0.69067746,1.9358454,0.14927915,0.38013273,0.04256323,0.26569942,0.04427971,1.4966757,0.95368904,0.28241655,0.22862177,1.0973195,2.0185788,1.218318,0.1089977,1.2104453,0.7934769,1.4459914,0.002818227,0.4551749,0.0,0.64550656,0.57884055,0.5040053,1.4100987,0.23186009,0.27393815,0.7281951,1.966556,0.17920163,0.8643284,0.3150695,1.0256803,0.46638513,1.4169563,0.37734073,0.5526928,0.50539386,0.65027034,1.5274439,0.8955723,1.0817292,0.62032175,0.9069257,0.65643823
hidden_1_n40,0.863993,2.2054684,0.83410496,0.82678294,2.65324,1.3397204,0.58015275,3.3032022,1.5734081,0.055887587,1.0667927,1.3688688,0.46732828,2.771249,0.82368124,2.7046103,0.20135416,0.09476262,0.25552696,3.1898656,0.25341108,0.78286433,0.7590664,0.2518668,0.2462784,1.636198,0.6242607,2.4504726,0.5873099,1.4016665,3.0949273,0.16168807,0.5501542,2.0553293,2.7776701,0.6608808,1.935522,5.1975365,1.6124833,4.393547,0.5990582,0.8311837,0.40823582,1.4797736,0.42629293,1.1287131,0.87297845,1.3786879,0.5211963,0.65115476,0.019180167,2.3176017,0.8296393,1.4246882,3.3016026,1.3066543,1.4235659,1.9135216,0.071108304,3.4091976,0.23426798,1.1090281,0.9813512,2.5915575,0.5978543,0.7525884,2.4146779,0.08217313,1.5805542,1.3131084,0.46944213,1.8773675,1.7832516,0.1954157,0.5942549,0.3534628,1.2152778,2.0420141,1.1097683,0.13293345,1.0293511,1.1888971,0.52726156,2.4681938,0.37276295,0.022522282,3.325344,0.40291882,1.0484084,3.55563,3.1692128,1.5323997,0.6050569,1.2814826,0.6298254,0.933825,2.456655,0.7205949,0.2888989,1.0608009,0.76418513,1.356292,0.8326351,1.5028105,2.7600484,0.7276407,0.25358564,1.2621051,2.2711174,1.6141983,4.1445575,0.5420158,0.7337769,2.0952084,1.3394954,2.8081615,1.5449951,3.6668806,0.31027943,1.0032847,1.3175726,0.68635744,1.1670605,3.6924734,0.34134448,1.0460868,1.4567213,0.99929184,1.391074,0.36491892,0.31371573,1.4747102,0.8397851,0.2785297,1.4785274,0.8494267,2.2909455,0.61271065,0.1121449,1.2008702,1.5457069,0.581661,0.92831,1.681678,0.7425416,1.4708856,0.46134353,0.86006993,1.6160225,0.11507133,0.71033084,0.84360003,0.633045,0.7326,0.7478803,1.2399182,2.2336438,1.0632951,0.34330612,0.11535927,0.8218642,0.23108643,2.1923738,0.95810384,2.5887847,0.28031567,0.86809003,1.352899,0.0,1.8721218,0.99909806,0.2757177,1.0709856,0.671719,1.5771604,1.5445467,0.17294921,0.6963081,0.048962425,1.3201455,1.4439313,2.1076903,0.80315363,0.23035792,2.060562,0.6655933,1.8093307,0.45908353,0.3820622,1.656142,0.45176408,0.9683571
hidden_1_n41,0.3193055,2.3061247,0.64732265,0.4360505,1.4925745,0.4295572,0.09608157,0.23765302,0.8749076,0.3191754,1.8894272,0.054193273,0.79170024,1.3109074,1.1782247,0.6168856,0.14537825,2.4065192,0.7858962,0.4260585,0.51513433,0.83035856,1.0577675,1.802758,0.9318471,2.1226182,0.44082072,0.7350628,0.5610527,0.13893904,0.7445758,0.9633125,4.529968,0.9541715,0.6040521,0.6694576,1.3027729,0.34982726,1.2516223,0.88613176,0.5988514,1.9442134,1.1893698,3.8837106,2.3505247,0.38856116,0.5017315,0.32112554,1.3311907,0.5450563,1.8347989,0.47698227,0.63828504,2.6749833,1.2276353,0.7651345,0.9121605,2.0767283,2.0754325,2.069142,1.2922662,3.964014,0.91491795,2.2318437,1.8638022,1.2762009,0.15607867,0.97785765,1.3350036,0.29124594,0.8110382,1.1809971,0.5819593,1.9927372,0.832898,0.93357044,0.8124654,2.0731134,2.1545756,0.37967312,0.31802216,1.286024,0.1335115,0.40367556,0.7699966,0.4264434,0.6205777,0.647901,0.2236335,1.4575365,1.2856488,0.05512486,0.8392138,0.95535845,0.025494909,1.3830909,1.4977834,1.806005,2.97455,0.53653306,0.21364903,1.5056475,0.10196103,1.1492218,0.69229627,0.65695053,2.427006,0.2058494,0.5020727,0.36310965,0.30067694,1.1342907,1.8626562,0.637047,0.28023314,0.19304094,2.2663538,1.1651772,0.69041914,0.9056514,0.7147445,1.4477412,0.84117126,0.76060385,0.7498365,0.14559431,0.12965168,3.7931411,0.7740019,0.97252256,0.15247628,1.5091283,2.0386794,1.6703304,2.484725,0.7609329,2.4523008,1.4910206,1.2525913,2.6106756,1.3550221,0.2654847,0.9786206,2.3878326,1.6576601,0.102124795,0.22979385,1.9102247,1.0275377,2.5065365,1.1469277,0.9193661,1.3243257,2.1701453,0.17401053,0.39172235,1.3324329,1.2781602,1.4828491,0.87803,2.311488,1.5347651,2.3918087,0.32709885,0.88929397,0.21157877,3.796289,3.380682,0.7138686,0.0,1.5726748,0.2577484,0.11718096,0.82639974,1.6742538,0.42307287,2.5628002,0.37029,2.0600631,4.4344316,2.014479,2.7171874,2.4362173,1.0966737,1.3928012,0.23199046,1.907326,0.5921655,0.3194313,0.7433151,1.3788173,0.2982099
hidden_1_n42,1.1321874,0.4907689,0.5627359,0.43261516,1.0979748,1.186857,0.15269874,0.45722064,0.732758,0.47582924,0.99500376,0.123661414,0.066798255,0.76936686,0.15359579,1.5440929,0.16859558,0.086116716,2.2099676,1.3411237,0.28878626,0.7402825,0.5214191,0.8463511,0.084306896,1.7256273,1.7166773,2.0701945,0.6837564,0.59914595,0.77940047,0.4760371,0.4749054,1.220007,0.6897097,0.5486098,0.4915105,1.3336397,0.31915042,1.8807096,0.79881805,0.4862577,0.48823455,0.16166048,1.2214037,1.465586,0.85186565,1.2981726,0.4981804,0.58881724,0.98258364,1.1415584,1.8480071,1.437102,0.6295394,2.0076735,0.33767956,0.8290146,1.4483311,0.97187054,0.31122315,0.1310348,0.2512282,1.3634434,0.40642592,0.4273265,1.3704343,0.7860956,1.0786569,1.3888913,0.87747025,1.4443942,0.901636,0.24647653,0.5679544,1.2531009,0.56893915,1.70511,0.24174401,0.25331423,1.1801052,1.054468,0.9540074,0.4483884,0.5902392,0.5971385,0.02854347,1.3781564,0.9929948,0.5444874,0.9373385,0.29901162,0.80824214,0.9871818,0.8699789,0.36528566,1.5291609,0.37261558,0.77006066,1.0140523,0.29458064,0.5187978,0.43197504,0.41957805,0.7207154,1.1234075,1.4178792,2.8129845,1.5948234,1.4398617,2.8704815,1.4321369,0.981761,0.7756854,1.7291654,0.71791184,0.11013058,2.579655,0.36849433,0.35578775,0.10461465,0.12542132,1.1176895,2.0756383,0.36960974,1.7074697,0.23545183,1.6587417,0.6716667,0.56453025,1.5572662,2.855026,1.0194676,0.5503247,0.8187837,0.9558903,7.2917213,0.74036455,0.24297155,1.2815616,1.4124693,0.13045172,0.9755857,1.0250866,0.42598715,0.7835471,0.16376,1.9371227,1.5252625,0.8065231,0.63907856,0.38361272,0.9854879,0.6170723,1.0748645,0.63253236,1.9002202,2.088354,0.47203285,0.13360734,0.26127464,0.095044486,3.0258105,0.64749527,2.5792058,0.44319326,1.3772815,1.5687481,1.3282967,2.3530054,0.0,0.86399,1.865363,0.16032335,3.029686,1.5751622,0.34467563,0.29171264,0.60678667,1.5671586,0.99789286,2.3817134,0.41331872,0.07078827,2.1834388,0.6656005,1.8617244,0.34270656,1.1979626,1.0980145,1.2729131,0.91336113
hidden_1_n43,0.3302762,1.1737655,0.40976882,1.1801882,2.2505527,1.0037801,0.6915304,0.24232772,0.21796678,0.3253351,0.6186185,0.47076455,0.45507398,1.8787171,0.28749835,2.5015604,0.8519252,0.09648721,0.64291656,1.7104534,0.88175565,0.28268507,0.88838595,0.28991562,0.17857157,0.19516806,0.08625589,0.28376234,0.22594514,0.66041493,1.4223868,2.006464,0.22595133,1.101658,0.31075993,0.44665423,0.7935132,0.3238216,0.20707725,0.8409441,1.3469483,0.13442643,0.071359284,0.22621638,0.35638788,1.0514792,0.1403167,0.5867361,1.1245499,0.41312203,0.54889756,0.118982814,1.447671,1.6296719,0.35317656,4.3046217,0.05147603,1.6369537,0.04686778,0.425305,1.2874597,0.16614912,0.29166964,0.60248065,0.6314042,0.22023462,0.37048194,0.2988934,1.2262917,2.163887,0.18992065,0.5939007,0.47312498,0.7407671,0.4253441,2.0043828,0.5681858,1.5935187,0.6435078,1.1142081,0.1081051,0.2187179,0.8369822,0.10436576,0.614137,0.18715374,0.31382477,0.47131616,0.42763647,0.35346863,1.1933401,0.01902934,0.8430172,0.6055542,0.4738282,1.000226,2.5105689,0.07097355,1.5057585,2.4052362,0.9490428,1.2828512,0.658459,0.11118156,0.22584212,0.19408932,0.33814627,1.7889744,1.007955,2.184363,1.4807183,0.9805627,1.2672914,1.0184915,0.4759646,0.17115481,0.55291086,0.31523782,1.8004469,0.73074657,0.9062419,0.68206745,1.6084267,1.8800173,0.61115986,1.1662704,1.5490891,0.5825019,0.14281699,0.35376713,0.24272162,0.6262059,0.11575976,1.1733013,0.24000739,0.31230778,1.7245085,0.23960215,1.4651884,0.67772347,0.05122071,0.3604908,0.9246982,1.6466496,0.70072407,0.16827457,0.5799941,0.13138863,0.89642346,0.17162943,0.85636514,0.33724752,1.513354,0.4420805,0.46002012,0.62594426,0.6779495,0.079883665,0.15825991,0.19527915,0.73450595,0.5812987,0.8943165,1.0162288,1.0447128,0.2287205,0.24605407,0.65535295,0.88710093,0.36786994,0.14884032,0.0,1.1849996,0.59787613,0.6454868,1.0444427,0.27079505,0.023466434,0.16122814,0.12596573,1.2952328,1.5269363,0.60844624,0.5466806,1.3099486,1.2046239,1.4808335,0.32978356,1.112942,0.81705093,0.44389853,0.07582423
hidden_1_n44,0.872062,2.0740023,0.32720122,0.96486545,0.8594721,0.44391042,0.37982726,0.41218394,0.37297118,0.0999328,0.09637531,0.1119427,0.36122522,0.8349627,1.0520339,1.1955495,0.6917329,0.60248566,0.65840536,0.12077215,1.8770338,0.8176011,1.2616563,0.6972676,0.06526986,0.059548344,0.28362852,0.17542957,0.2505996,0.07527028,0.30788767,0.8579684,1.016214,1.2613722,0.77830637,1.028595,0.51316905,0.011543894,0.4680463,1.4315066,0.85372114,0.059932377,0.39257115,2.1090105,2.0703306,1.4148277,1.0454228,0.64072925,0.81132126,0.5014162,1.0025823,0.13459674,0.36394632,1.1574258,0.7976036,2.621295,0.16533722,0.6695616,2.092886,0.1660918,0.75825775,0.61530876,0.8572479,0.6532649,3.0802598,0.87633884,1.0465052,0.93604827,1.2228078,1.7627641,0.48981166,0.8652731,1.7237395,0.1198482,0.35597077,1.0173706,1.9643482,0.15778139,0.6946016,0.7327466,0.663703,0.12108829,0.25141647,0.059168886,0.11898251,0.3198412,0.083622105,0.14645936,0.5400811,0.27291328,0.32478946,0.44019315,0.5763749,0.79567814,0.46196726,0.7258376,1.5369867,0.2631114,1.2817627,1.0162199,0.42026967,1.088228,0.14041568,0.20749651,0.85844284,0.22860481,0.23806188,0.59645265,1.1502202,1.6405841,1.1282136,1.7929559,0.7407852,0.0037527282,1.9176307,1.6823928,0.12652926,0.050160777,1.3561743,0.74693465,0.716472,0.2681703,1.3797925,0.5203072,0.9608095,0.5069452,0.59057397,0.46921048,1.1460037,0.55114627,1.5082762,0.6961194,0.21807636,0.67697597,0.7692258,1.5546043,0.74271363,0.09334556,1.7074106,0.7801444,0.055151306,0.26956743,1.4272125,1.3915763,0.39466125,0.241528,0.5359895,0.76556045,0.35118958,1.1668015,0.43163562,0.577384,0.36492336,0.81950396,0.7051225,0.057542242,0.46401003,0.79834974,0.13921997,0.12656358,0.43544233,0.26363084,0.6134534,0.20739138,1.5747461,0.49920923,0.43983513,1.7846625,0.807682,0.96796817,0.076234326,0.094078146,0.0,2.1858792,0.18414497,0.9012077,2.3549263,1.1509047,1.4396675,0.298774,1.2081156,0.70575625,0.79753613,0.7235076,1.1228594,0.3136073,1.0218738,0.6261754,2.0349133,1.149404,1.0871435,0.40243953
hidden_1_n45,0.35988885,0.7586547,0.7880196,0.67712706,0.8554188,1.0008578,0.34812632,0.28758588,1.0303136,0.3126399,0.46950907,0.4823482,1.348376,1.4316535,0.6561868,0.7500597,0.20143978,2.8879569,0.9143293,0.16227265,0.49638957,0.7028597,0.76581204,1.9280294,1.8585869,1.917479,0.26624796,0.3080131,1.6342925,1.8151066,0.7882083,1.704235,0.9377432,1.0119197,1.5221564,2.4737394,1.0404052,0.4459882,0.2988805,0.7426657,0.9912779,1.9243312,1.8608291,1.149723,0.73781073,1.3105675,0.52305955,0.14204884,1.0523813,0.4391512,0.538187,0.41069818,0.25350186,0.10570387,0.33253184,1.1755015,0.048063677,0.3842361,0.7536007,0.23645404,0.77265406,0.08065263,0.27783176,0.28656656,0.7811381,0.9790203,1.2002779,0.25063604,0.10785766,1.7786161,1.340542,1.9653193,0.91928226,1.9193345,1.6654601,0.17827322,0.8513377,1.0327346,0.42901832,1.4217945,0.8521391,1.3697261,0.3077521,1.4520816,0.511883,0.3380207,0.30385268,0.461808,0.38141295,1.1042237,0.15334876,1.2971736,2.9358892,0.21560605,0.2635291,0.33705944,0.2946545,0.4927503,0.027984358,0.6656471,0.8777032,2.506742,0.69151247,1.2495068,0.49540138,0.301759,0.4599708,0.2921138,0.5843732,1.8190899,0.13309309,0.74381375,0.72848594,1.2861196,0.55252314,0.8880085,0.9851238,0.547371,2.0417724,1.5155891,0.73997754,0.2653566,0.55172896,0.58870727,0.76833034,0.5951298,0.34649792,0.20055045,0.1625074,0.28059193,0.62745553,1.2003678,0.93356586,0.72677344,2.9621768,0.7532681,0.64407897,1.894077,0.14351246,0.14638592,0.19318406,0.09793129,0.31546664,0.4470484,2.6209724,0.7370174,2.8269205,0.26941317,0.8967804,2.463922,1.1059732,0.3724256,0.8349242,1.5941664,1.3907087,1.4790206,0.88579357,1.3899876,0.40529105,2.331002,2.1245239,2.0634441,0.84027886,0.268965,1.3701028,1.0433286,2.054273,0.09950078,0.6457196,1.1163635,0.1612015,1.4581687,0.6333909,0.0,0.5620409,0.13047984,0.40199193,1.5305002,0.1712803,1.3450097,0.611178,0.3448751,0.5114895,2.442207,0.5977369,0.2788762,0.48128042,0.34737778,0.2785195,0.24367118,0.3282693,1.0125126
hidden_1_n46,0.83606523,0.18956237,0.06641364,0.7383241,0.27058974,0.49956235,0.28399768,0.15232106,0.019544201,0.41769066,2.2247014,0.06415046,0.136842,0.5345583,1.0708051,0.547046,0.37706983,0.8962424,2.4347982,1.2639816,0.9436431,0.118290015,0.7503388,1.3259044,0.36756724,1.2678183,0.7452263,0.19275665,0.31146613,1.0572406,0.18838593,1.0875868,1.7872872,0.63200396,0.8662276,1.0336763,0.30867374,0.73337287,0.35003632,0.57044667,0.5156129,0.14849238,1.3674959,1.4547517,1.3108376,0.39269707,0.4681291,0.5029862,1.6590658,0.38618374,1.1817238,0.19514962,1.5965756,1.585483,0.8009488,0.559937,0.6552615,0.43915808,2.4743752,0.2839265,0.83158016,0.61094743,0.6860788,0.40538126,0.19563203,1.1842911,0.49135372,1.8472942,1.3940771,0.84202,0.3783789,2.0480661,0.7843743,1.1993831,1.3362359,0.55917996,0.44548944,1.3803465,0.29677856,1.5108413,0.21190499,1.2644887,1.2128484,0.46299925,0.84547025,0.9816235,0.19583952,0.9856417,0.7000153,0.5543846,0.625462,0.3790488,1.5146638,1.2475235,1.1933447,1.4248658,1.5016149,0.9195734,1.0580994,2.4300873,0.18181908,2.2378674,0.05618202,0.92266655,0.30099142,0.6543693,1.0909959,1.0112972,0.39035615,1.8716294,1.7068236,1.8878657,2.444112,0.14151849,1.2637568,0.17421797,0.41735622,0.424665,1.7061014,0.39221388,0.12572126,0.32509968,1.357877,0.69558936,0.1592888,0.5881058,0.66662484,2.0352654,0.442141,0.53169626,1.4356828,1.3729895,1.0540451,1.3216003,2.5116782,0.97740483,1.5532931,1.8483533,0.6606197,2.2219143,0.6839274,0.3143271,1.6428044,0.2290587,1.8268325,0.13816772,0.7489141,0.3397825,0.8778504,1.3499187,1.2218744,0.8925548,1.6531917,1.1286501,1.3151748,0.016483353,0.6174648,1.6805243,0.37239674,0.06308942,1.8617741,0.6411561,2.3592439,0.78188926,1.5775757,0.6322841,0.49055478,1.2624365,0.8418269,1.1422129,1.8318552,0.35227424,1.0316833,0.35704482,0.0,0.44506922,0.6576741,0.7564429,0.9773949,0.31469458,1.30463,0.8964998,2.1673033,0.65159947,1.0868056,0.96099347,0.9761057,0.3169567,1.6536462,1.0802622,0.32017562,0.28292874
hidden_1_n47,0.3512077,1.264601,0.1740337,0.3464892,0.13574173,1.0610236,0.20431803,0.2229986,0.03727228,0.4634924,0.80056053,0.355733,0.09962602,0.06233587,0.7817211,1.4323477,0.33375964,0.85564613,0.626266,0.7455526,0.64079446,0.6677306,1.9460094,4.352652,0.40972587,0.44768408,0.46738523,0.22627982,0.73558086,0.21381216,0.20495129,3.4923131,0.8574814,0.84848577,0.99315435,0.65532124,0.6447239,0.4352076,1.04106,0.5703885,1.5437504,0.35646573,0.14093694,1.3279337,1.0571114,0.45466504,1.3893561,0.82145685,1.5104723,0.4750913,0.7736357,0.4848755,0.7892634,1.7517172,0.7945629,0.849142,0.7192003,0.8313355,2.1480422,1.0934142,0.58630544,0.69504744,0.7745969,1.9040989,1.7709934,0.8994765,0.38312584,1.2304677,2.2722173,1.7573133,0.1703415,0.4009264,0.8664607,2.9015267,0.655087,1.5657079,0.686876,1.6368818,0.25082317,2.002845,0.22982201,0.21413317,0.255858,0.13734064,0.45380682,1.3366885,0.13737214,0.9073645,0.049990382,2.3411682,1.7136053,0.3195743,0.43635488,0.9289768,1.0767686,2.0870795,0.5595942,2.8365982,0.21808384,2.7770977,0.28177,4.175327,0.4137997,0.08150267,0.24071147,0.23702368,0.4314998,0.80572313,0.34674197,1.234201,0.052709192,2.2589514,1.3698342,0.5478809,2.4585161,0.4359856,1.3165438,0.21618964,2.5990949,0.2623904,0.66171163,2.7629278,0.7823125,0.5852356,0.4817539,0.45638484,0.7956559,2.7433527,0.074620396,1.0747343,0.58650744,1.3499292,0.068558924,0.7053169,1.1644713,0.7631496,0.97522116,1.2670484,2.2950468,2.7250233,0.4509451,1.3753155,2.2381194,0.7964232,0.57255447,0.2660484,0.33653468,0.41161153,0.16054118,1.5040501,0.8976809,2.632291,0.36846024,0.9961326,1.4624127,0.18826951,0.50415635,0.82216483,0.3912993,0.5068201,1.6897403,0.11288394,0.95230585,0.3933215,1.6843505,0.9035777,1.1475879,1.5442883,0.18980116,1.7678206,0.938385,0.6010124,0.31691077,1.1545845,0.3710542,0.0,0.67370826,1.1203324,0.96172446,1.3346242,0.44196555,0.21794517,2.8802624,0.5124973,1.4711018,0.5875085,1.3428237,1.136339,2.1791995,0.9627442,0.56175375,0.38252196
hidden_1_n48,1.319351,1.0061456,0.3995863,0.54216874,1.0152011,1.7026014,1.107289,1.5032059,0.6343754,0.20298624,1.515291,0.13451432,1.4394362,1.1148535,1.1371794,2.0271566,0.6248654,2.5511332,0.39835653,0.2938709,3.4550264,0.6574919,2.337999,2.104133,0.8200806,0.34802842,0.47465357,0.76850396,0.995648,2.2123792,0.1874209,1.3083154,0.5250746,1.628168,2.993892,1.5232229,1.1835526,0.4611471,0.28404903,1.126567,0.96243805,2.3511662,1.3409537,2.0097198,0.7051005,0.5237943,0.8341989,0.99322444,3.1024048,0.7007191,1.3608593,0.5305042,0.5655346,0.3288792,1.9761547,1.7954692,0.3021625,0.46102324,1.4617052,0.5205758,1.2992105,0.5999689,1.4960198,1.6685382,2.1839426,2.785494,1.2453547,1.4367031,0.805079,1.4223852,1.116641,0.8362126,0.43226787,1.0847417,3.03647,0.241333,0.66658586,1.465254,0.9702224,1.3448105,0.36152622,1.2472725,0.33125156,0.59254545,0.17568237,0.59503555,0.21556424,0.8626347,0.18679431,1.9560401,1.2891103,1.8463285,3.8478844,0.5250053,0.35319984,2.3363144,0.25714466,0.66444796,0.119722806,0.3016047,0.056452867,0.2911788,1.1665341,0.74776363,1.1498059,0.06052854,0.32732695,1.3474276,1.2629205,1.9921873,0.3334251,1.1753153,1.5349861,0.29726443,2.730322,0.30322823,1.6324708,0.4901045,2.2687514,1.887359,0.7884354,0.498536,0.17250839,1.4245285,0.88750476,1.5344092,0.34317142,0.56843644,1.5679029,0.31395194,1.1354622,0.7879203,0.5600122,0.08139527,2.5712512,0.30027288,1.4396026,1.5200391,0.025956452,0.9887529,0.15294003,0.34983918,0.1070262,0.977363,3.8042312,0.28732142,3.3827045,0.60218436,2.067881,3.388466,1.7473009,1.0045195,0.831106,0.34390074,1.3094611,0.4040571,0.47646073,1.0873072,0.46421874,3.693576,3.1432378,0.8321172,0.31764454,0.70347273,2.9225438,2.2214437,1.4276794,0.1886419,0.46992058,0.6493683,0.49517924,0.6047734,0.23067926,3.1005979,0.758451,0.8271807,0.0,0.7244544,1.205624,1.2214798,0.58478594,0.12697832,2.1831234,3.3948498,1.1319611,0.003421547,0.43872824,0.42997897,1.8193744,0.80325544,0.51520133,1.2418966
hidden_1_n49,0.24718276,0.93624234,0.1917774,1.0076207,1.2915975,1.0992616,0.35546353,0.9771845,2.028534,0.40168205,1.2177155,1.3436911,1.7843242,1.2877271,2.8621037,0.20868754,1.0107093,1.5146451,1.733325,0.27656788,1.0561665,2.0447097,3.229946,0.9889059,1.5293752,3.8003871,2.1087515,2.7105875,1.3699919,0.65767974,0.5513711,2.8082206,1.8426509,0.5765357,0.7891675,1.1031469,1.2408941,2.3447068,0.78322583,0.92126864,1.8188742,0.378273,0.51120937,1.9366069,0.90277106,0.39773783,1.0481683,0.6534599,1.0613291,1.3841045,1.4336817,1.4880387,1.9456884,0.04523529,3.8530395,1.3674172,1.0708355,0.6069048,0.9153916,2.8660355,0.52425337,1.3771102,1.7701265,3.8480747,1.0186493,0.6927739,2.2620454,0.43139642,2.0138068,0.12219448,1.1987675,1.2703136,0.689485,1.7340642,0.09981545,0.39595923,0.32808715,1.2098724,0.57689303,0.5416909,1.3927642,1.3310122,0.036873464,0.948366,1.3449308,0.15062317,1.4851882,2.0729513,0.085869275,0.72565264,1.2010509,1.6719066,2.6433058,1.1172261,0.2504725,1.9158727,0.78829485,0.50802934,0.835087,0.25915816,0.9836511,2.1054544,1.6874399,0.06831224,0.8055772,0.7606843,1.7025846,0.3084859,0.023596713,0.047240973,2.9027076,0.8626505,0.5200322,1.9069133,0.6706989,2.415937,0.44628465,4.5227733,2.371932,0.9087395,0.7488756,1.3284086,0.43647605,0.9293162,1.0757347,0.92503387,0.21769905,1.5943661,2.1384542,0.02791329,1.2189896,0.7472289,0.09544633,3.2122128,1.7616696,0.46830788,2.474506,0.62276274,1.0007521,0.37071073,1.2251313,1.3834854,0.83805853,1.2478005,1.3456328,1.280413,0.9906544,3.6572897,0.71362257,2.0384886,0.091118,2.3597956,1.5223081,0.87271893,0.18785325,1.9232446,0.94695807,1.3821553,0.029581511,0.1848136,1.9779584,0.6593202,0.20962791,0.29747772,0.78865314,0.75239927,1.7256733,2.5464299,1.4517772,1.232958,2.5051851,0.7838365,0.8641426,0.7701507,1.8877783,0.5385757,0.954076,0.0,0.8547279,2.010466,2.3067894,2.4161072,2.3946803,0.79547274,1.5034529,0.15199502,0.6423196,0.022435844,0.13901342,0.42924142,0.92933166,0.33693257
hidden_1_n50,0.6624447,1.367239,0.22283024,0.15036751,2.5974524,0.93889415,1.2824916,2.2424195,0.4716437,0.39003816,1.9976813,0.19591413,1.0717361,1.3153132,0.6043977,2.6283045,0.8722216,0.9865972,0.14407189,0.047628295,2.6435766,0.14103332,1.2068499,1.6090586,0.47387713,0.7367896,0.4981097,0.4721882,1.2347656,0.78801274,0.21134655,0.91939664,0.3725969,1.4075084,2.3545065,0.5279507,1.3739072,0.35441867,0.3542907,1.7091287,2.2917428,1.8232709,1.6098936,2.0586252,0.21931289,0.4741752,0.32377705,1.4358219,1.900925,0.521073,1.2191302,0.641482,1.2666807,0.3224346,1.0196999,1.2537133,1.0099183,1.2999014,0.74784696,0.9629193,1.9363208,0.7312302,1.5167191,1.5456282,1.4777277,1.6011739,1.663161,1.147769,0.9868317,1.0945596,1.0416163,0.3857338,1.0159158,1.7506481,1.6137182,0.20690718,0.8804134,0.41927344,0.35582188,0.5169125,0.22275878,0.6265244,0.3404401,0.92029834,0.929022,1.0052394,0.31528273,0.9066136,0.16915654,2.2529328,1.4466349,0.70069075,3.20441,0.2209026,0.6063691,1.5028241,1.2789644,0.34845728,0.39299715,0.7808539,0.22636986,0.9120652,0.55477595,0.45940083,0.56307083,0.28564543,0.34030086,1.2901222,0.89528316,1.3385662,0.7922997,1.3473674,1.5291543,0.2231578,2.5475624,0.03904308,1.3153116,0.10412606,1.1507882,0.9758799,1.0487127,0.7286223,0.20055166,1.6498643,0.27895766,2.0477355,1.3111299,2.0555348,0.9065085,1.2098317,0.56238145,0.81082845,0.27932805,0.61000484,1.3145424,0.5070903,1.3394862,1.6521158,0.17349839,1.0962065,0.15961349,0.1999867,0.5753682,0.52449256,2.3401463,0.109112926,3.3165283,0.5234533,1.4439279,0.91562396,0.5710108,1.1336627,0.12837626,0.20306179,1.1626751,0.03438947,0.09569929,0.478541,0.5642634,3.3948493,1.4936328,0.12561867,0.6743946,0.31840056,2.9226058,0.859731,0.5233412,0.32579705,0.15974353,0.7083174,0.253403,0.8962595,0.29111066,1.477011,0.5970756,1.9744269,1.1267793,0.5171677,0.0,1.4578208,1.1531446,0.48631772,1.0563251,1.1420159,1.5838647,0.283098,1.7270839,0.8130809,1.6355276,0.80742913,0.60821515,0.7209472
hidden_1_n51,0.5786433,0.16092369,0.39144737,1.2079781,0.47561386,0.3255989,0.12245758,0.2682527,1.0598484,0.31928512,2.6221547,0.76909614,0.23618189,0.63503116,0.43786538,0.5343303,0.8904337,0.2302115,4.0451593,0.9059397,0.7609022,0.34199572,0.33148918,1.1668239,0.50681794,2.6123736,1.1235768,0.6558643,0.39095888,0.5272215,0.19513622,0.0539298,1.1220126,0.87726784,0.22089069,1.5393121,0.8086424,1.6188959,2.047245,2.1761909,0.7652082,0.12141289,0.73387337,0.5441365,0.7043374,2.1233246,0.3596077,1.1019976,0.7637147,1.320453,0.44948837,1.0274475,0.78146154,2.544954,0.27250543,0.76725966,1.585386,0.77378905,1.6046405,0.5174887,0.67333806,2.7535164,0.48186985,0.33370966,2.0791636,0.879503,2.9841757,1.981228,0.5862381,0.5331555,0.86286354,1.4519227,0.794396,0.23625226,0.43026087,1.4960341,0.5462601,1.6852008,1.4389211,0.5485333,1.9326494,0.9834685,0.7515634,0.32470474,0.7619425,0.59704113,0.49613184,1.086771,1.2618941,1.1055291,0.7735956,0.6931782,1.7823079,1.0894102,0.8931023,1.5215786,1.2831569,0.7221269,1.5133437,0.71493226,1.0394204,1.0318459,0.27377552,1.2964982,1.0014083,1.3269271,1.5481138,0.88955986,1.5958455,0.5865921,2.5177455,1.680512,1.0082207,0.21753182,0.8257493,0.8144549,0.20974705,1.5017991,0.9943078,0.8917305,0.70285904,0.41837502,1.3125862,1.4042926,0.1508002,0.31340432,0.8491819,3.8042488,0.22462386,0.77761334,1.0158533,1.275803,2.4805179,0.99223614,1.1494666,2.0129538,1.2133713,1.8737427,0.03386347,2.1032174,0.8714248,0.06332058,1.3983144,0.2624404,0.701986,0.34962627,0.19534811,1.1888403,1.6233087,0.5906191,0.8015925,0.13504954,1.716718,1.8242539,1.6809263,1.1063281,0.6788028,0.9382172,0.8004678,0.64863014,0.5696198,0.7395521,4.5579586,1.0686426,1.2106409,0.2750401,1.4764884,1.4428679,1.3923397,1.9733744,0.4241721,0.47959593,1.1280785,0.24226975,0.8204818,0.20117123,0.66198224,1.9297076,0.58012164,0.0,1.0052321,1.352071,0.5793867,0.24719237,1.4120882,0.2518189,1.1613026,0.5042312,1.3952698,1.3278359,0.7008741,0.14454032
hidden_1_n52,1.5653031,0.9144784,0.6047639,1.3158361,2.1837525,2.3894181,1.3882807,1.4313511,1.2982817,0.20775536,2.1253638,0.22719884,2.048228,0.9157842,1.0746859,3.7853026,0.6406829,0.6642376,0.6544592,1.1860745,2.1864974,0.8326858,1.557165,1.2878016,0.27666274,0.25673467,0.69629025,1.4002484,1.9022597,1.174333,1.1869069,0.8168374,0.42957243,0.79102397,3.8042524,0.42571932,2.276803,1.5588524,1.1444024,2.104396,2.5246484,1.6771352,1.4957012,0.35294372,0.85976493,0.5216853,0.6529617,3.2074547,1.1953316,0.23452921,0.73750293,1.1451365,1.317763,1.1237965,1.4101062,1.3321031,0.42934942,1.1406004,0.59415203,1.6244669,2.3349502,1.3322054,0.5862252,2.2662437,1.0270579,1.4687207,1.310044,3.2264116,0.49241903,0.27614078,0.31101212,1.4469125,0.19359115,1.1035415,2.3747942,0.42573205,0.55846447,1.3262682,0.8526639,0.412186,0.48644736,1.0593537,1.3316782,1.2362103,0.5366363,1.1030092,0.43532512,1.2174155,0.95515627,3.0482063,1.8819776,0.9906572,2.2067602,0.5651322,0.3016093,0.95829386,2.011092,1.0756882,0.8112281,1.6830908,0.1120848,1.291276,0.993723,0.21736585,0.06459432,0.43303385,0.6358238,2.9848382,1.483211,2.8927526,0.86405826,0.82850605,2.0650826,0.61450255,3.140433,0.12851849,2.9704087,1.5894079,0.81462234,1.1538666,1.3235334,1.6753856,0.53402495,2.587934,0.62992024,3.4845066,0.49721032,2.9601038,0.70702183,1.291962,3.2233546,0.7814534,0.59571844,0.65176284,0.7793954,0.6271875,2.2577224,0.5035932,0.19550297,0.28689602,0.756682,0.33278987,0.3745695,1.584644,2.307927,0.37865573,2.1068223,1.3666323,2.020947,2.056022,0.68443125,1.7941682,1.18538,0.28230953,2.5701532,0.4755797,0.9693685,1.4933608,1.3485125,1.8220265,2.2428687,0.49167132,0.84912556,1.0046123,3.9081564,1.0997643,1.8234514,0.7028875,0.5478451,1.7217102,0.9483994,1.0728525,2.1750317,1.1529251,1.3730911,3.446141,1.27892,1.3138686,1.7797321,1.9161987,0.0,0.23363602,2.061694,1.8945553,2.1770225,0.36425698,1.4166901,1.1404941,3.3879695,0.39682168,0.98579013,1.2671243
hidden_1_n53,1.6757864,0.9119095,0.500262,1.551483,2.2084312,0.9138754,1.3660022,2.3570414,1.0874275,0.12883829,1.2842163,0.73021424,0.7409959,2.8249397,0.20554614,3.6960924,0.7372831,0.3496878,1.3096693,1.3527353,0.47806054,0.56779814,0.18257394,0.054280333,0.43527013,0.7239174,0.73919344,2.1700609,0.38083658,0.3648727,0.7837605,0.38073376,0.29318842,0.49765018,1.6247846,0.68512815,1.7581345,2.5833573,0.5483787,2.1145365,0.86995995,1.5869277,0.3793922,0.17623478,0.43456888,1.2540495,0.50294274,1.0068508,0.98770523,0.9561121,0.5740172,0.26014695,1.2711954,4.1274233,0.47577143,0.34397566,1.1090835,1.3829457,0.06265633,2.1558037,2.0338402,0.5250846,1.8322084,0.59991944,0.08047928,0.27719462,1.0652887,1.5616637,0.5217569,0.09155841,0.6038489,3.0021865,1.34246,0.33572784,1.2458142,0.7107803,0.9799335,1.289645,1.2969872,0.20674437,0.8108798,2.0400248,0.5799461,0.17213237,0.6647562,0.24264587,2.06235,0.2323919,1.3921744,0.7310963,1.928175,0.19512466,0.13105716,0.034858033,0.03593241,0.747393,3.7830606,0.23487283,0.3949803,2.2935333,0.63045335,0.53120494,0.09539035,1.1475906,0.6960957,0.6582004,0.5583202,1.2339919,1.8099627,2.4506805,4.484019,1.4939148,0.9151141,0.7846673,1.6211473,1.6365746,1.7919923,1.9201297,0.8008395,0.1836492,0.8248806,0.71319664,1.1501633,3.2288883,0.03607578,2.8712726,0.6344746,3.156963,1.1490078,1.5764039,1.9765146,1.7096543,0.9051926,1.5316347,0.89294636,0.6903852,1.5978115,0.14792792,0.44319573,2.5332043,0.97066385,0.27890334,0.962528,1.4024599,0.6602986,0.42813867,0.19648592,0.9473144,2.5653589,0.04950634,0.5152967,0.08674395,0.20054682,0.06584002,1.6313165,1.3063129,1.1480634,1.3894994,1.109064,0.70528257,1.6917008,0.5235173,2.1319723,1.8994452,1.622291,0.3034772,0.79666215,1.5023149,1.2239213,1.7810946,0.87540096,1.0697467,2.1229935,0.6609067,1.8188654,2.9007654,0.17055,1.017625,0.6736239,1.0835967,0.54557216,0.0,0.73513854,0.56040686,1.6874392,1.1642852,1.8164688,1.1521238,2.4577036,2.1203756,0.41179788,0.3408518
hidden_1_n54,0.8798927,1.8717351,1.630724,0.9881644,1.2454642,2.587583,0.5929195,0.9528074,0.40552747,0.5212213,0.8988458,0.48141202,1.7559055,2.1478345,1.0171801,1.0749724,1.2174193,0.75540525,0.117420204,0.97057956,0.18830125,0.29336435,0.6616877,1.3175986,0.41836694,2.81843,0.2465355,1.1844656,1.0259569,0.22161464,1.8946989,0.9300012,0.69312084,0.802924,1.4408859,1.4019089,1.2030321,0.693694,1.6252787,2.029163,1.8703775,0.38192454,0.4948147,1.8425039,1.8547119,2.8991332,0.36121684,0.35862178,0.49809468,1.205845,0.6817796,0.66298354,0.8419769,0.7704906,2.432806,1.2186943,0.6868231,2.644125,0.56243145,0.6076892,0.012420942,1.8099394,0.7201086,1.2278696,1.569984,1.0812083,1.3067282,0.5529731,1.4257287,1.5340868,0.33505434,0.8776563,1.2874751,0.063476175,2.2718413,1.0634012,1.1337081,0.68318653,0.9280935,1.1350889,2.154269,1.1613488,0.5523709,0.3006366,1.4362563,0.5616811,1.6311866,1.805819,0.8008534,2.1074603,1.621766,0.19531499,1.9580098,1.3383613,2.35633,1.6697574,0.53371686,0.5267968,0.7113852,0.5321816,0.458989,0.76694965,0.84728545,0.178351,0.64850545,0.68302214,0.3196345,0.24099836,0.7882974,2.703477,0.44335428,1.4093953,0.22558576,2.0745234,1.2725723,1.3728513,2.7595725,0.4404986,2.3916616,1.6289778,1.5421063,0.45388857,0.5909017,1.1164751,1.5845407,0.14940669,0.93796283,2.7692785,0.90657806,0.8710915,0.63313776,1.0541309,2.4928808,0.09775057,1.1150106,2.4138265,1.7169861,1.2461152,0.26928595,0.67050946,0.8175647,0.15275298,0.34043607,1.4058441,1.4647439,0.15389413,1.1865747,0.68048316,0.6165816,0.9450478,1.1957964,0.34736258,0.14163487,2.625449,0.9751112,1.1386073,1.6644783,0.54921395,1.6923376,0.6886621,1.8370297,1.6035432,1.8691305,0.7287141,2.6918936,0.55125475,3.3329961,0.94313,3.4300795,2.5356498,1.1991476,0.63505113,2.0834007,0.9696992,1.6541233,1.2405367,0.6928218,0.8129742,0.41205063,0.9118948,0.30436215,0.93708754,0.0,0.7624446,1.1350167,0.2998334,1.3104361,1.428332,0.3197,0.47700012,0.512178,0.6238923
hidden_1_n55,0.5107373,0.745795,0.92925715,0.474393,0.2736759,0.29093882,0.500169,0.16225886,0.29417428,0.32616195,0.38258222,0.5241092,1.8564613,0.38178867,0.6137429,0.15710603,0.3839193,1.2806016,0.77608424,0.0074297567,0.56276995,1.2673738,1.0003796,1.7755275,0.8025165,1.2146385,0.11507805,0.9485627,0.5515105,0.6469485,1.0558708,0.6216361,0.41835085,0.71727663,0.665879,1.6059142,0.392742,0.13714153,1.0010241,0.260415,0.87191707,1.2213358,1.3911295,0.8824181,0.43019065,0.9217326,0.34717304,0.257433,0.20818624,1.0603535,0.72128505,0.8298887,0.19040953,0.23370811,0.8051451,1.147644,0.35199013,0.6746117,0.73842853,0.20878847,0.30157787,0.74052733,0.13018686,0.27041793,1.3058907,1.4350146,0.7721324,0.12995903,0.47187373,1.791253,1.9730676,1.2486217,0.5198021,0.7314007,0.9310195,0.88254654,0.89076823,1.4129556,0.2798866,1.1680828,0.8662589,0.7413217,0.35334596,0.7347851,0.22170953,0.43927342,0.7679914,0.6199814,0.5638246,1.2447575,0.37187374,1.9446349,4.2040586,0.41707516,0.08182489,0.78038824,0.6161333,0.7055352,0.1682848,1.052141,0.6657911,1.5865628,0.69757164,0.6559523,0.6206381,0.27648297,0.078807056,0.18619575,0.5681222,2.2813518,0.7956478,0.6695805,0.44333977,1.2392788,0.7796815,1.898664,0.7459159,0.6007813,2.3551812,0.8963751,0.9523504,0.76275414,0.84767103,0.20759691,0.5419664,0.7944188,0.8587521,0.88455015,0.32928374,0.25769177,1.1292666,0.9307842,0.57033604,0.96862406,1.4657413,0.5829365,0.64813304,1.8609748,0.361609,0.13042971,0.12731445,0.059749894,0.49813658,0.60626626,0.8040889,0.96794885,2.8763375,0.5241322,0.11996297,1.1959604,0.9783001,0.6121052,1.1998811,1.4355307,0.46474627,1.1498556,1.071697,0.584858,1.0031515,0.920161,0.85469073,1.9175683,0.55233836,0.113791525,0.6292874,0.9148941,2.119705,0.29931474,0.9767291,1.1766709,0.47331166,1.3340596,1.190677,1.0421882,0.33762908,0.027277917,1.7192609,0.7899867,0.9078616,0.6824878,1.0929899,0.3911402,0.14965463,0.0,0.68415135,0.3411782,0.21168411,0.24651214,0.061312255,0.26668313,0.16448456,0.6027954
hidden_1_n56,0.39559907,2.0031574,1.8614569,0.6294732,1.1978524,0.39043164,0.015925067,0.20513016,0.50185907,1.0981078,3.276253,0.25300288,0.5357108,0.3038895,0.9411783,0.4253309,0.28189713,1.3286208,1.1012319,0.18568146,0.4451376,0.68886936,0.6788861,1.2170191,0.57220525,2.3204265,0.65585786,0.70023733,0.4585813,0.1925615,0.23725258,1.745462,1.7125263,0.6564155,0.44009978,0.57580656,0.37201938,0.06761148,0.7811957,1.4881859,0.37238246,0.51851684,1.4156318,2.23343,2.0268376,0.20504147,0.39248285,0.20812252,0.62469345,0.9247167,0.87999696,0.2781073,0.16932794,2.3814096,0.6691497,0.42286944,1.4959508,1.119109,2.2197218,1.6154147,0.7844323,2.361785,0.4725504,1.168239,1.8709133,0.6462138,0.541092,0.8458087,0.3316302,0.3942354,0.27241114,0.93444234,1.285967,1.5528626,0.10249492,2.0164738,0.7266833,0.49424192,1.7011607,0.6546574,0.22563435,0.42067793,0.6907121,0.77433056,0.51774615,0.9115441,0.40968856,0.26201788,0.39770243,0.83847994,0.75154424,0.19904275,0.53238136,0.47512713,0.1572245,1.6346946,1.3387047,1.2011875,1.8073251,0.77515894,0.36022,2.825637,0.036519986,1.0685427,0.30583555,1.3563858,1.2055788,0.07925227,1.072779,0.10989438,0.093212195,1.1469162,0.75622845,0.593285,0.060890894,1.088552,0.9939871,0.50932246,0.13381167,0.5775504,0.3552311,1.1607928,1.1716559,0.90514696,0.12947491,0.11874988,0.12462667,3.2661216,0.9492904,0.80818075,0.2591255,1.9182614,1.9686058,0.8759,1.6567764,1.4638838,0.75820726,1.3806963,0.65377057,1.8081045,0.9326529,0.090358675,0.346144,1.0362769,0.6959097,0.11610817,0.09080971,1.6780187,0.9636983,1.5280555,0.48253253,0.51475763,0.40551054,1.0450011,1.2563105,0.18046625,1.1084692,2.4320045,1.2058605,0.91170067,0.54893917,0.5270574,2.3366876,0.10848105,0.41273925,0.078126304,1.5225406,3.442974,1.2582754,0.05750494,0.8947335,0.64096516,0.07841391,0.33931884,1.074119,0.15146883,2.3214455,1.5433125,2.3628418,3.3607998,1.3874193,2.3893864,0.6620153,0.3401381,0.0,0.3988242,1.4788195,0.39726496,0.96911263,0.88793206,1.7388858,0.4369707
hidden_1_n57,1.0393977,0.3249044,0.78155804,1.3571787,1.2673315,1.2439716,0.5663865,0.21407518,0.28079224,0.20249142,1.8156995,0.1985569,0.60675293,0.22541977,0.092080906,0.51738936,0.5784029,0.2528745,0.5340812,0.8552599,1.3481709,0.59138817,2.5455172,2.6797278,0.3234495,0.75120914,0.343834,0.42039075,0.32180113,0.25683093,0.5817453,2.7946568,1.785183,0.28846544,0.6247876,1.2265196,0.11249318,0.8961345,0.85184515,0.32634395,0.115325846,0.50519174,0.05692636,0.47966412,0.23636128,0.72893816,0.59361297,0.91473365,1.7512267,0.10497132,0.7844316,0.29851425,0.3224042,2.2027621,1.2935156,0.44841063,0.6462922,1.9107172,2.1976128,0.6599581,0.41497624,1.2479346,0.87377435,0.80062556,0.8116332,2.1384676,0.28534943,1.415003,3.7130828,0.9624991,0.8799818,0.07196045,0.5612975,2.538117,0.4894439,0.8946788,0.24759413,1.7937468,0.46472642,2.2103827,0.14767766,0.36099255,0.84893835,0.37050635,0.41631046,1.1413246,0.18610547,1.0143688,0.55255276,0.46223977,0.36035782,0.32308653,0.11121155,0.038334545,0.50687367,1.0373174,0.9304059,1.6737686,1.0126421,1.4069808,0.65960234,1.4201751,0.12077724,0.405216,1.119308,0.47504312,0.037941843,0.9573914,0.17820159,1.1219093,0.30749848,1.887833,1.9041556,1.1027827,3.7053535,0.661959,0.8574618,0.15770863,2.251984,0.4893226,0.72822726,1.1042056,0.636864,0.08529272,1.0124179,0.19050469,0.7205974,3.7788029,0.24167565,1.1207315,0.7997724,1.2484119,0.57878536,0.6545509,0.78934944,0.6557183,0.44228184,1.6523362,0.9100515,3.2396715,1.6183814,2.1132073,1.8153976,0.28635862,2.497798,1.1073956,0.2560715,0.37392762,0.55001414,1.7448883,1.8513672,0.21083276,0.73634714,0.62567097,0.78155726,0.07885178,3.0300517,0.20053281,1.0912895,0.80139667,3.1938248,0.96020794,0.7114545,0.20006137,1.9068699,1.176285,1.6284932,1.1782155,0.3249994,1.6172183,0.42407626,0.6441608,0.11017958,1.7959274,0.20728798,0.11017691,0.19839299,1.3794945,0.40819496,0.4449545,1.2620268,1.6414524,2.08401,1.395244,0.7644387,0.0,1.0672309,1.3675705,2.7929776,1.2921218,0.13274407,1.133255
hidden_1_n58,0.80271614,0.33877155,0.32626432,0.18308139,0.4891577,0.5770511,0.19754438,0.30894047,1.5164554,0.62070775,1.589951,0.0100778015,1.2180125,0.16880803,0.6349925,2.9934115,0.60877943,0.7091405,0.24254431,0.5234367,0.879565,0.85068697,0.89532703,0.8543175,0.9369186,0.22515851,1.3450389,0.8745843,0.33964816,0.413918,0.48237956,1.3602545,0.5705447,0.23197412,1.350107,0.8844311,2.0341103,0.9117864,0.7087981,1.7103347,0.71992195,1.5862569,1.3485312,1.0924094,0.7505143,0.68076783,2.2223463,1.4180379,0.12823233,0.20063084,0.2118859,0.5997397,0.9599944,0.052621108,0.2104586,1.0972353,0.69466674,0.40054408,0.80766875,1.4539108,1.5441693,1.1943434,0.38005134,0.87934744,0.874525,1.2370561,0.40548474,1.1232156,0.050589968,1.1479309,0.5320147,0.2007891,0.5496608,1.7878473,2.5281136,0.83767,0.275158,0.9048252,1.5887139,0.5467812,0.08645673,1.9581624,0.49421743,0.1688305,0.31314942,0.25552067,0.6540758,0.77855647,0.73038316,1.6109986,1.6401893,0.24385557,0.49368876,0.32135248,0.05224372,1.362205,1.6191707,1.7493457,1.1293628,0.18564844,0.47044078,2.7770858,0.18112975,0.47543776,0.14834283,0.24828185,2.2226,0.60452676,0.49828622,1.509565,0.5981995,0.3977523,0.5169332,0.036267836,0.46877056,0.586423,2.350314,0.8348876,0.70856553,0.5714908,0.60043603,2.0418088,0.07505216,1.6260884,0.17485155,2.0019155,0.116734646,1.0023206,0.8958793,0.2449808,0.88719237,0.76071465,0.3750187,0.574772,0.14652891,0.22183326,2.2458706,0.30618206,2.0960512,0.10295988,0.105246775,0.24735922,1.2114074,1.6318494,0.32173595,0.217256,0.9357313,1.2691145,2.5567305,0.31742513,1.0039518,1.7236869,0.41512114,0.38144913,1.3236008,0.09654269,0.18615696,0.93392205,0.9478152,2.0603342,0.673532,0.39116314,0.2149289,2.0721967,0.17426328,0.16529521,2.2314887,0.7992187,0.1625564,1.1401049,1.817888,0.9846087,0.5573791,0.028987372,2.2580216,1.0059599,1.1041265,1.2734054,0.90457964,3.9904435,0.32133988,0.3427071,1.5053897,0.55595756,0.8824328,0.4000237,0.0,0.0034676539,0.58342105,0.18430781,0.9531556,0.21835133
hidden_1_n59,0.5450379,0.0926996,0.71396554,1.6051117,0.3850504,0.98762685,0.24525052,0.13374084,0.4442482,0.17952514,1.233161,1.2411945,0.2634253,1.9184824,1.8462595,1.8642364,1.1449813,1.1134546,1.0403945,0.9592158,0.16023213,0.47001636,1.6192503,2.1975749,0.5640267,0.52142066,1.3023934,0.67155737,0.054283805,0.48900434,0.63568735,4.4903545,0.6800945,0.0626388,0.20097578,0.72542006,0.9217922,0.3429642,1.1355971,0.64513826,2.0973003,0.70575684,0.2632189,0.5198646,1.0667045,1.1742204,0.5095426,0.55786777,1.5031008,0.9311921,0.7722098,0.41757777,1.1237692,1.001159,0.4682983,1.5763323,1.2002115,0.7990666,1.7901908,0.40635753,0.5247361,1.0945396,0.7788695,1.3810679,1.4196125,2.0276902,0.5662283,0.8611231,2.076978,1.6086075,0.7079369,1.0216565,1.9066671,2.0648558,2.1940079,0.41772977,1.5864459,1.6260674,1.2545239,1.6404649,0.17070858,0.21985817,0.19036257,0.31902704,0.56995064,0.59438556,0.31679913,0.37045935,0.23254073,0.74450755,3.4065242,0.47245127,0.41855264,0.30297732,0.04999861,1.1081336,1.028675,1.9476858,0.016441314,1.0784003,1.6453354,3.3527243,0.45236826,0.41009796,0.17663163,0.09045743,0.9205765,1.0534662,0.96353,1.9049332,0.8468405,1.4050993,1.4363627,1.031336,1.5421228,0.7176341,1.8293393,0.47818965,1.7802478,0.66216594,1.1261866,1.8964328,0.93750125,0.4845376,0.46161577,1.414188,1.5156994,0.7946398,0.53125876,0.7108752,0.92942935,0.29310986,2.9732473,1.0124912,1.1966109,0.7426023,0.9404986,1.1498913,1.4250505,1.0856533,0.43523595,0.5856771,1.378755,1.4006068,1.1342059,0.5838968,0.31885186,0.42784092,0.6006471,1.9232756,1.0870304,1.2866958,0.043047898,0.4472373,2.1931996,0.47277576,0.39704898,0.8843787,1.3661389,0.33621585,1.8266134,0.70929617,1.1985523,0.04436344,1.5849022,0.59622145,0.52281564,1.2028713,0.33370775,0.8094107,0.9559187,0.5510943,0.7083932,1.3211412,0.21035118,0.39391297,0.8667518,1.1351296,0.56427944,1.8222922,0.41675997,0.49128163,2.8717976,1.1873773,0.69553673,0.6799289,0.34822834,0.0,1.2018883,0.44315198,1.5971953,0.52347875
hidden_1_n60,0.24247761,1.7047164,0.17855726,2.044716,2.7976222,1.9753041,0.70278865,1.696578,1.9101694,0.2634383,1.2637925,0.5903041,0.3801508,1.2032177,0.5724032,2.5536518,0.30220497,2.420263,1.806219,0.13157645,1.7249322,1.0173008,3.3390734,3.6943593,0.6459694,1.002222,0.7255033,0.4340557,3.0570261,1.4565989,0.4707091,2.2860713,1.2967187,0.70735186,2.2770064,1.8538013,3.3369617,1.7560058,0.32144716,2.4367182,0.28109527,2.9761744,0.80627644,1.5101988,2.168328,0.32472497,1.0877441,0.69114536,1.7135365,0.36128804,1.0584866,0.714489,0.6241293,1.5710549,1.6611127,0.5036286,0.32709214,3.0089803,2.6301107,2.882911,1.9526359,1.4242246,0.22812633,2.233062,0.42055863,2.5539684,0.805211,1.4106245,0.57076734,0.9848054,1.9295644,1.7490684,0.39885283,2.1197124,1.0824546,1.2870836,0.83200926,1.1784662,0.7130787,2.4579577,0.41212708,0.8899151,0.19799158,3.4515982,1.7984385,2.03635,0.43486416,0.9216791,0.40319565,0.8601959,1.1980288,1.687522,0.5463458,0.39176217,1.2802846,0.84206927,2.4096994,1.9689366,0.86946017,0.29138717,0.3700547,1.6576036,0.91151905,0.9904753,0.22165321,1.0806863,0.34230417,0.59368885,0.555984,0.2065573,1.2282879,1.5107814,3.3808284,0.33655158,2.765671,0.5652174,1.4780905,0.7675722,1.014347,2.1737273,0.31485724,1.4964452,1.5690176,1.5828327,0.8683841,0.840747,1.5428162,2.614905,0.52768046,1.1241657,0.18159322,0.4439849,1.3964478,2.5274823,1.3814524,0.32802522,2.8875122,1.3096756,0.5967015,0.87246114,0.43085322,0.091109544,1.6030777,1.0716007,3.023228,0.8166288,0.40261358,0.5773524,1.4858958,2.8155267,0.8247491,1.3519136,3.6926265,1.3389738,0.6402481,0.33661434,0.3228226,1.8620063,1.2987448,1.9327013,2.5716949,0.8323802,1.6309178,0.11362924,3.194299,1.1540003,2.110642,0.9049059,0.22638938,1.9295295,0.9508121,0.27493244,0.32376873,0.6244719,1.1571393,0.61484116,1.1844634,2.3268332,0.5772274,2.7534173,2.7325041,0.8663349,2.0787668,1.5336492,1.9447609,0.7747791,1.8386748,1.1507022,0.0,0.28979218,0.9284914,0.97010165
hidden_1_n61,0.66630954,2.2913234,0.7478657,3.1006572,2.277674,2.8340218,0.1476967,0.5523697,1.3144065,0.17182757,1.1123967,1.8155107,0.80593157,6.304914,1.0184367,1.0997607,1.2323545,1.1359075,2.3331227,2.9080777,0.61089426,0.7415473,0.46476284,0.86069274,0.89078784,1.4264352,1.6238781,0.8266011,1.5196517,1.4938135,2.4997156,4.6581364,2.5975888,1.3413876,0.7804146,2.0637662,1.4956257,0.652104,0.9450399,0.59332496,3.095928,0.2550773,0.1653824,0.44131494,1.2589883,1.8388174,0.21039064,2.0117571,1.3051548,0.39490265,1.9217097,0.3175098,2.9668193,0.22897139,0.19886877,2.7652051,2.1437895,1.3251737,0.8724873,0.62338054,3.268319,0.6192238,0.15987983,0.44554943,1.2575383,0.7894471,1.1873546,0.39898807,2.002716,0.21727702,2.619141,1.9068761,3.4804287,1.6567042,3.864613,0.381871,3.5897412,0.9396652,2.2333508,1.836698,0.2654913,0.94364285,0.74103975,0.25140396,2.1319253,0.6883819,0.3592019,0.39845422,0.6413173,1.4601703,0.5375337,0.6965791,0.092991464,0.64410865,0.1351374,0.4983245,2.5168424,0.38899684,1.3897702,1.0898098,2.6083138,1.8556668,0.7863042,2.0927663,0.6371141,0.48118448,0.27785486,1.5064011,0.26768994,2.895264,1.4516603,2.1688552,2.3133302,1.5198104,3.5739887,1.1109959,3.7851567,0.7985164,2.9376307,2.242192,2.6071358,0.76687056,1.317073,0.28984886,2.687021,1.4622701,1.8539251,2.1275113,0.10847112,2.006562,0.68848556,1.2895488,2.5201375,2.006787,0.8777904,1.1735867,0.42280763,0.8265082,0.97851205,0.8453423,0.24643782,0.12447006,1.644719,1.3507733,2.3154233,0.40038824,1.1258335,1.1708621,0.43610266,1.488521,2.9361439,0.21681859,1.148222,0.44381663,0.27666825,0.35946628,0.9841427,0.6731176,1.7651852,0.35730496,1.9346647,1.645755,2.0275128,0.58456886,1.6849904,0.3796693,0.65035117,0.7872551,0.62591875,1.5587052,0.65290934,0.43811217,1.2092223,0.5535519,0.4131346,2.595077,0.16178207,0.13422976,0.07952593,0.56403023,1.020583,2.1990247,1.684086,1.1045713,1.40952,0.56182986,2.3685563,1.7776755,1.3921795,0.0,1.3726802,0.5365088
hidden_1_n62,1.434599,0.124413885,0.018373758,0.37250102,0.72562647,0.31405815,0.058298916,0.10900515,0.4826885,0.09872156,0.41792727,0.075940825,1.0596613,0.52345324,0.31272563,1.6139888,0.59828454,0.4177008,0.7681776,0.1709416,0.24834326,0.10353061,1.6900953,0.8956731,0.485195,0.8276696,1.5878813,1.7960986,0.8799256,0.45286116,0.17127855,1.1894654,0.09213495,0.69293267,0.62038356,0.46374127,1.1846409,0.32696685,0.941033,0.66439337,0.6723438,2.1201766,0.37508726,0.85061896,0.22599621,0.428954,0.71479654,0.8588252,0.6387391,0.95848167,0.5923177,0.8055468,1.7036535,0.31879637,0.606577,2.3997297,0.38211268,1.2924283,0.85428566,0.20361204,0.6692735,1.0903056,0.37169933,1.1262989,1.6769704,1.0807757,0.37579155,0.41314498,0.51960385,2.7612803,1.7109327,0.41888294,0.24836485,0.8746056,2.1432347,1.3337965,0.83135116,1.6865777,0.6538851,0.08924514,0.70887643,1.5885942,0.35222852,0.10742129,0.35644028,1.29438,0.05990803,1.2862061,0.25398642,1.524817,1.2056751,0.2489669,2.671595,1.4039339,0.95185435,2.2980003,0.6999931,2.2977326,0.461206,0.70372206,0.3653695,1.1882596,0.99854887,0.6246221,0.17724925,0.45749226,1.5174233,1.7647318,1.0469522,1.2752987,0.49641076,0.63760906,0.5303094,0.5931288,0.3028263,0.7487331,1.2357428,0.99304175,0.64987874,0.8574372,1.2894586,3.1529055,0.19513394,1.0363175,0.46382523,2.4248302,0.5394784,2.3868747,0.21033335,0.62430876,0.20177789,0.82801723,0.5774409,1.3150009,0.045204554,0.9819667,2.4934661,0.32681444,1.377576,0.8530393,0.37571725,0.17221025,1.0918764,1.282079,0.097966634,0.67558515,1.0804689,0.67714816,1.5761621,0.13096796,0.4626833,1.4758867,0.2847654,1.3208201,1.3915986,0.39184868,0.89750844,1.3047327,0.89184654,1.6849995,0.39033774,0.25972894,0.11561591,0.3770512,0.47854918,0.20554303,2.1734478,1.5041156,1.3874086,1.2391388,0.80049086,1.2251635,0.18981406,0.23924942,1.2696285,0.22525866,0.16119611,0.51694816,0.36444125,2.9814148,0.1944957,1.088943,1.3004355,0.01975301,1.0359569,0.111932635,0.88821703,0.519615,0.8933566,0.14571273,0.0,0.67256415
hidden_1_n63,0.4130882,2.2187233,0.6700491,0.69743085,2.6886735,1.4838243,0.55097675,1.686171,3.0296698,1.0895365,2.5261018,2.0304902,0.31007153,1.6393788,0.58550555,5.133775,1.2049574,1.1411703,0.26866576,0.7938641,0.5118458,0.3038668,0.4427765,0.5802085,0.24805175,2.7229521,0.09633694,1.5162554,1.5555508,0.30800012,0.68608457,0.3016967,0.6018091,1.3968837,3.0036876,0.09843983,3.2979617,1.2683858,1.4354604,3.1864877,1.7939299,1.2800382,2.4582076,2.1179483,1.1361282,2.1770864,0.15157273,0.25149772,1.0831909,0.5102883,0.90301275,0.4106247,1.6546968,1.0029838,1.3009205,3.7318742,3.3349817,3.546813,0.5957104,1.4920403,1.8411038,0.58574414,1.7490302,1.981517,2.12572,0.37564465,3.7514796,0.98027784,0.32286784,3.272842,1.8845567,0.46718732,2.397936,1.4044929,0.115626276,1.3988649,1.8656466,0.37060463,0.40758324,0.45041192,1.4260201,1.2369928,0.44008955,0.538481,1.907696,1.5670047,0.88903236,0.2790548,0.22610375,0.58442056,1.3938594,0.95705855,0.89425915,0.29520583,1.6879499,0.98544985,1.064022,1.4033188,0.6282624,1.0263026,2.8337872,2.4386108,0.07469634,0.38270384,2.0481122,0.83552825,1.0339756,2.1475246,1.5495989,1.2355688,2.6673234,1.9859021,2.5559347,0.42398772,1.1229264,0.83674765,0.09101125,1.3627744,2.8377023,3.0534325,1.0994862,0.82882524,1.0276583,2.6857374,0.898765,1.3032835,2.8849149,1.5254288,0.4183245,2.0723324,0.02278916,1.6260943,1.2535334,0.16945542,1.8024168,0.88211423,1.4516908,0.7462422,1.7353413,1.0409498,0.22335568,0.030016666,0.7936151,1.4003214,1.1292048,1.6880319,0.44110906,0.38550264,1.0795609,0.21184906,0.14063726,1.0630764,0.48007622,0.98135537,1.18081,0.8679492,0.76220506,0.29855427,1.6165657,1.482864,0.643954,0.47699153,0.28816488,0.45437902,2.7179291,0.0746345,1.1062016,1.1725067,0.6621226,0.80042523,0.6578705,1.2143676,0.6201002,0.7609698,0.86866903,1.6141937,0.28607747,1.1106325,0.9932175,0.5416618,0.22064535,0.27705374,0.78399116,0.4253795,1.8468802,0.8143859,2.5132952,1.767946,0.36407098,1.9630085,1.736435,0.0
